# Orthology table created using a modified version of ConnectOR (https://github.com/cobRNA/ConnectOR-optimized/)					
# by Sasti Gopal Das					
H_gene_id	H_gene_type	M_gene_id	M_gene_type	orthology_type	gencode_versions
ENSG00000272888.5	lncRNA	ENSMUSG00000101970.6	lncRNA	one-to-many	GENCODE.v27vsM16
ENSG00000273618.1	lncRNA	ENSMUSG00000093452.4	lncRNA	many-to-many	GENCODE.v27vsM17
ENSG00000214293.8	lncRNA	ENSMUSG00000101013.1	lncRNA	one-to-one	GENCODE.v27vsM18
ENSG00000257599.2	lncRNA	ENSMUSG00000102869.2	lncRNA	one-to-many	GENCODE.v27vsM19
ENSG00000196756.11	lncRNA	ENSMUSG00000100992.1	lncRNA	many-to-many	GENCODE.v27vsM20
ENSG00000261227.2	lncRNA	ENSMUSG00000109868.1	lncRNA	one-to-one	GENCODE.v27vsM21
ENSG00000238063.2	lncRNA	ENSMUSG00000103541.1	lncRNA	one-to-one	GENCODE.v27vsM22
ENSG00000249252.5	lncRNA	ENSMUSG00000087290.2	lncRNA	one-to-many	GENCODE.v27vsM23
ENSG00000258414.1	lncRNA	ENSMUSG00000103704.1	lncRNA	one-to-one	GENCODE.v27vsM24
ENSG00000259343.6	lncRNA	ENSMUSG00000087088.2	lncRNA	many-to-many	GENCODE.v27vsM25
ENSG00000251298.1	lncRNA	ENSMUSG00000086451.8	lncRNA	one-to-one	GENCODE.v27vsM26
ENSG00000270959.1	lncRNA	ENSMUSG00000097867.1	lncRNA	one-to-one	GENCODE.v27vsM27
ENSG00000237819.5	lncRNA	ENSMUSG00000097709.8	lncRNA	one-to-many	GENCODE.v27vsM28
ENSG00000232044.6	lncRNA	ENSMUSG00000094002.3	lncRNA	one-to-one	GENCODE.v27vsM29
ENSG00000250838.1	lncRNA	ENSMUSG00000099928.1	lncRNA	one-to-one	GENCODE.v27vsM30
ENSG00000253925.1	lncRNA	ENSMUSG00000087245.1	lncRNA	one-to-one	GENCODE.v27vsM31
ENSG00000189223.14	lncRNA	ENSMUSG00000085057.7	lncRNA	one-to-many	GENCODE.v27vsM32
ENSG00000232671.5	lncRNA	ENSMUSG00000085956.1	lncRNA	one-to-one	GENCODE.v27vsM33
ENSG00000218018.2	lncRNA	ENSMUSG00000092596.1	lncRNA	one-to-one	GENCODE.v27vsM34
ENSG00000206417.8	lncRNA	ENSMUSG00000084950.7	lncRNA	one-to-one	GENCODE.v27vsM35
ENSG00000280211.1	lncRNA	ENSMUSG00000099579.1	lncRNA	one-to-one	GENCODE.v27vsM36
ENSG00000258676.4	lncRNA	ENSMUSG00000074067.9	lncRNA	one-to-many	GENCODE.v27vsM37
ENSG00000249740.2	lncRNA	ENSMUSG00000104334.1	lncRNA	one-to-one	GENCODE.v27vsM38
ENSG00000197176.7	lncRNA	ENSMUSG00000085820.7	lncRNA	one-to-one	GENCODE.v27vsM39
ENSG00000272717.1	lncRNA	ENSMUSG00000097885.7	lncRNA	one-to-one	GENCODE.v27vsM40
ENSG00000254863.1	lncRNA	ENSMUSG00000100836.1	lncRNA	one-to-one	GENCODE.v27vsM41
ENSG00000254614.2	lncRNA	ENSMUSG00000097404.1	lncRNA	one-to-one	GENCODE.v27vsM42
ENSG00000233721.1	lncRNA	ENSMUSG00000085463.1	lncRNA	one-to-one	GENCODE.v27vsM43
ENSG00000263235.1	lncRNA	ENSMUSG00000084790.1	lncRNA	one-to-one	GENCODE.v27vsM44
ENSG00000260624.1	lncRNA	ENSMUSG00000100487.1	lncRNA	one-to-one	GENCODE.v27vsM45
ENSG00000234862.1	lncRNA	ENSMUSG00000051986.6	lncRNA	one-to-one	GENCODE.v27vsM46
ENSG00000273247.5	lncRNA	ENSMUSG00000102775.1	lncRNA	one-to-one	GENCODE.v27vsM47
ENSG00000236333.3	lncRNA	ENSMUSG00000084865.1	lncRNA	one-to-one	GENCODE.v27vsM48
ENSG00000257453.1	lncRNA	ENSMUSG00000100113.1	lncRNA	one-to-one	GENCODE.v27vsM49
ENSG00000273888.1	lncRNA	ENSMUSG00000113900.1	lncRNA	one-to-one	GENCODE.v27vsM50
ENSG00000261449.1	lncRNA	ENSMUSG00000054822.5	lncRNA	one-to-many	GENCODE.v27vsM51
ENSG00000268530.5	lncRNA	ENSMUSG00000110197.1	lncRNA	one-to-one	GENCODE.v27vsM52
ENSG00000249601.2	lncRNA	ENSMUSG00000086243.1	lncRNA	one-to-one	GENCODE.v27vsM53
ENSG00000234807.5	lncRNA	ENSMUSG00000087366.7	lncRNA	one-to-many	GENCODE.v27vsM54
ENSG00000236028.1	lncRNA	ENSMUSG00000100796.1	lncRNA	one-to-one	GENCODE.v27vsM55
ENSG00000254907.1	lncRNA	ENSMUSG00000045464.5	lncRNA	one-to-one	GENCODE.v27vsM56
ENSG00000254562.5	lncRNA	ENSMUSG00000101186.1	lncRNA	one-to-one	GENCODE.v27vsM57
ENSG00000230773.6	lncRNA	ENSMUSG00000112365.1	lncRNA	one-to-many	GENCODE.v27vsM58
ENSG00000233593.8	lncRNA	ENSMUSG00000099061.1	lncRNA	many-to-many	GENCODE.v27vsM59
ENSG00000229739.2	lncRNA	ENSMUSG00000099447.1	lncRNA	one-to-one	GENCODE.v27vsM60
ENSG00000258317.1	lncRNA	ENSMUSG00000100548.1	lncRNA	one-to-one	GENCODE.v27vsM61
ENSG00000280291.1	lncRNA	ENSMUSG00000100005.7	lncRNA	one-to-many	GENCODE.v27vsM62
ENSG00000232480.1	lncRNA	ENSMUSG00000100393.1	lncRNA	one-to-one	GENCODE.v27vsM63
ENSG00000249984.1	lncRNA	ENSMUSG00000101416.1	lncRNA	one-to-one	GENCODE.v27vsM64
ENSG00000280953.2	lncRNA	ENSMUSG00000109898.1	lncRNA	one-to-one	GENCODE.v27vsM65
ENSG00000248393.1	lncRNA	ENSMUSG00000103069.1	lncRNA	one-to-one	GENCODE.v27vsM66
ENSG00000280186.1	lncRNA	ENSMUSG00000105139.1	lncRNA	one-to-many	GENCODE.v27vsM67
ENSG00000261439.1	lncRNA	ENSMUSG00000097520.2	lncRNA	one-to-many	GENCODE.v27vsM68
ENSG00000253645.1	lncRNA	ENSMUSG00000086289.3	lncRNA	one-to-one	GENCODE.v27vsM69
ENSG00000268894.6	lncRNA	ENSMUSG00000101079.1	lncRNA	one-to-one	GENCODE.v27vsM70
ENSG00000258876.1	lncRNA	ENSMUSG00000103301.1	lncRNA	one-to-one	GENCODE.v27vsM71
ENSG00000235314.1	lncRNA	ENSMUSG00000086656.1	lncRNA	one-to-half	GENCODE.v27vsM72
ENSG00000226237.1	lncRNA	ENSMUSG00000114433.1	lncRNA	one-to-one	GENCODE.v27vsM73
ENSG00000228544.1	lncRNA	ENSMUSG00000052403.11	lncRNA	one-to-one	GENCODE.v27vsM74
ENSG00000237813.3	lncRNA	ENSMUSG00000085264.1	lncRNA	one-to-one	GENCODE.v27vsM75
ENSG00000268388.5	lncRNA	ENSMUSG00000097336.8	lncRNA	one-to-one	GENCODE.v27vsM76
ENSG00000248079.2	lncRNA	ENSMUSG00000099361.1	lncRNA	one-to-one	GENCODE.v27vsM77
ENSG00000273270.1	lncRNA	ENSMUSG00000099681.1	lncRNA	many-to-many	GENCODE.v27vsM78
ENSG00000229931.1	lncRNA	ENSMUSG00000038152.4	lncRNA	one-to-one	GENCODE.v27vsM79
ENSG00000258661.1	lncRNA	ENSMUSG00000089894.2	lncRNA	one-to-one	GENCODE.v27vsM80
ENSG00000235934.1	lncRNA	ENSMUSG00000087264.1	lncRNA	one-to-one	GENCODE.v27vsM81
ENSG00000253805.1	lncRNA	ENSMUSG00000109965.1	lncRNA	one-to-one	GENCODE.v27vsM82
ENSG00000250850.2	lncRNA	ENSMUSG00000086211.1	lncRNA	one-to-half	GENCODE.v27vsM83
ENSG00000227220.1	lncRNA	ENSMUSG00000087400.8	lncRNA	one-to-one	GENCODE.v27vsM84
ENSG00000227036.6	lncRNA	ENSMUSG00000085421.1	lncRNA	one-to-many	GENCODE.v27vsM85
ENSG00000241213.1	lncRNA	ENSMUSG00000102417.1	lncRNA	one-to-one	GENCODE.v27vsM86
ENSG00000227145.1	lncRNA	ENSMUSG00000086517.1	lncRNA	one-to-many	GENCODE.v27vsM87
ENSG00000267282.1	lncRNA	ENSMUSG00000092381.1	lncRNA	one-to-one	GENCODE.v27vsM88
ENSG00000261018.1	lncRNA	ENSMUSG00000085008.1	lncRNA	one-to-one	GENCODE.v27vsM89
ENSG00000264448.5	lncRNA	ENSMUSG00000085614.1	lncRNA	one-to-one	GENCODE.v27vsM90
ENSG00000261266.2	lncRNA	ENSMUSG00000108688.1	lncRNA	one-to-one	GENCODE.v27vsM91
ENSG00000230148.8	lncRNA	ENSMUSG00000084844.3	lncRNA	one-to-many	GENCODE.v27vsM92
ENSG00000253389.2	lncRNA	ENSMUSG00000086741.1	lncRNA	one-to-one	GENCODE.v27vsM93
ENSG00000233138.1	lncRNA	ENSMUSG00000101014.1	lncRNA	one-to-one	GENCODE.v27vsM94
ENSG00000260274.1	lncRNA	ENSMUSG00000086728.2	lncRNA	one-to-one	GENCODE.v27vsM95
ENSG00000228363.2	lncRNA	ENSMUSG00000107406.1	lncRNA	one-to-one	GENCODE.v27vsM96
ENSG00000279430.1	lncRNA	ENSMUSG00000104351.1	lncRNA	one-to-one	GENCODE.v27vsM97
ENSG00000283638.2	lncRNA	ENSMUSG00000086173.7	lncRNA	many-to-many	GENCODE.v27vsM98
ENSG00000224842.2	lncRNA	ENSMUSG00000052951.5	lncRNA	one-to-one	GENCODE.v27vsM99
ENSG00000229327.1	lncRNA	ENSMUSG00000101320.1	lncRNA	one-to-many	GENCODE.v27vsM100
ENSG00000225746.9	lncRNA	ENSMUSG00000102657.1	lncRNA	many-to-many	GENCODE.v27vsM101
ENSG00000204684.3	lncRNA	ENSMUSG00000086141.7	lncRNA	one-to-many	GENCODE.v27vsM102
ENSG00000279437.1	lncRNA	ENSMUSG00000109088.1	lncRNA	one-to-one	GENCODE.v27vsM103
ENSG00000269902.1	lncRNA	ENSMUSG00000073274.4	lncRNA	one-to-many	GENCODE.v27vsM104
ENSG00000227954.6	lncRNA	ENSMUSG00000112397.1	lncRNA	one-to-one	GENCODE.v27vsM105
ENSG00000257935.2	lncRNA	ENSMUSG00000098649.2	lncRNA	one-to-one	GENCODE.v27vsM106
ENSG00000250132.6	lncRNA	ENSMUSG00000110491.1	lncRNA	many-to-many	GENCODE.v27vsM107
ENSG00000249375.7	lncRNA	ENSMUSG00000103610.1	lncRNA	one-to-one	GENCODE.v27vsM108
ENSG00000234571.1	lncRNA	ENSMUSG00000050936.5	lncRNA	one-to-many	GENCODE.v27vsM109
ENSG00000259462.2	lncRNA	ENSMUSG00000109401.1	lncRNA	one-to-one	GENCODE.v27vsM110
ENSG00000231427.5	lncRNA	ENSMUSG00000104323.1	lncRNA	one-to-one	GENCODE.v27vsM111
ENSG00000229743.2	lncRNA	ENSMUSG00000097063.3	lncRNA	one-to-many	GENCODE.v27vsM112
ENSG00000245598.6	lncRNA	ENSMUSG00000097842.2	lncRNA	one-to-one	GENCODE.v27vsM113
ENSG00000248441.6	lncRNA	ENSMUSG00000099558.1	lncRNA	one-to-one	GENCODE.v27vsM114
ENSG00000258338.1	lncRNA	ENSMUSG00000103775.1	lncRNA	one-to-one	GENCODE.v27vsM115
ENSG00000244706.2	lncRNA	ENSMUSG00000102188.1	lncRNA	one-to-one	GENCODE.v27vsM116
ENSG00000255992.1	lncRNA	ENSMUSG00000097152.1	lncRNA	one-to-one	GENCODE.v27vsM117
ENSG00000255502.5	lncRNA	ENSMUSG00000111503.1	lncRNA	one-to-one	GENCODE.v27vsM118
ENSG00000263307.1	lncRNA	ENSMUSG00000097537.1	lncRNA	one-to-one	GENCODE.v27vsM119
ENSG00000239994.2	lncRNA	ENSMUSG00000087568.1	lncRNA	one-to-one	GENCODE.v27vsM120
ENSG00000279440.1	lncRNA	ENSMUSG00000106060.1	lncRNA	one-to-one	GENCODE.v27vsM121
ENSG00000259336.1	lncRNA	ENSMUSG00000101266.1	lncRNA	one-to-one	GENCODE.v27vsM122
ENSG00000248127.1	lncRNA	ENSMUSG00000100475.1	lncRNA	one-to-one	GENCODE.v27vsM123
ENSG00000231437.3	lncRNA	ENSMUSG00000074346.6	lncRNA	one-to-one	GENCODE.v27vsM124
ENSG00000248474.1	lncRNA	ENSMUSG00000114294.1	lncRNA	one-to-one	GENCODE.v27vsM125
ENSG00000250432.5	lncRNA	ENSMUSG00000101356.1	lncRNA	one-to-many	GENCODE.v27vsM126
ENSG00000238018.2	lncRNA	ENSMUSG00000101872.1	lncRNA	one-to-one	GENCODE.v27vsM127
ENSG00000271474.1	lncRNA	ENSMUSG00000089737.1	lncRNA	one-to-one	GENCODE.v27vsM128
ENSG00000253960.1	lncRNA	ENSMUSG00000104211.1	lncRNA	one-to-many	GENCODE.v27vsM129
ENSG00000254254.5	lncRNA	ENSMUSG00000085996.1	lncRNA	one-to-one	GENCODE.v27vsM130
ENSG00000283689.1	lncRNA	ENSMUSG00000046413.14	lncRNA	one-to-many	GENCODE.v27vsM131
ENSG00000236886.2	lncRNA	ENSMUSG00000101968.6	lncRNA	one-to-many	GENCODE.v27vsM132
ENSG00000230113.1	lncRNA	ENSMUSG00000086507.1	lncRNA	one-to-one	GENCODE.v27vsM133
ENSG00000284644.1	lncRNA	ENSMUSG00000108190.1	lncRNA	many-to-many	GENCODE.v27vsM134
ENSG00000250786.1	lncRNA	ENSMUSG00000096956.2	lncRNA	one-to-one	GENCODE.v27vsM135
ENSG00000229011.1	lncRNA	ENSMUSG00000022116.7	lncRNA	one-to-one	GENCODE.v27vsM136
ENSG00000226861.1	lncRNA	ENSMUSG00000104276.1	lncRNA	one-to-one	GENCODE.v27vsM137
ENSG00000255108.1	lncRNA	ENSMUSG00000073787.4	lncRNA	one-to-one	GENCODE.v27vsM138
ENSG00000254854.1	lncRNA	ENSMUSG00000111334.1	lncRNA	one-to-many	GENCODE.v27vsM139
ENSG00000256115.5	lncRNA	ENSMUSG00000101659.1	lncRNA	one-to-one	GENCODE.v27vsM140
ENSG00000234306.1	lncRNA	ENSMUSG00000099424.1	lncRNA	one-to-one	GENCODE.v27vsM141
ENSG00000260924.2	lncRNA	ENSMUSG00000103149.1	lncRNA	one-to-one	GENCODE.v27vsM142
ENSG00000273355.1	lncRNA	ENSMUSG00000107277.1	lncRNA	one-to-one	GENCODE.v27vsM143
ENSG00000280247.1	lncRNA	ENSMUSG00000097077.1	lncRNA	one-to-one	GENCODE.v27vsM144
ENSG00000275088.1	lncRNA	ENSMUSG00000097960.1	lncRNA	one-to-one	GENCODE.v27vsM145
ENSG00000261786.1	lncRNA	ENSMUSG00000111068.1	lncRNA	one-to-one	GENCODE.v27vsM146
ENSG00000237062.1	lncRNA	ENSMUSG00000099421.1	lncRNA	one-to-one	GENCODE.v27vsM147
ENSG00000248464.1	lncRNA	ENSMUSG00000086709.1	lncRNA	one-to-one	GENCODE.v27vsM148
ENSG00000258476.5	lncRNA	ENSMUSG00000100670.1	lncRNA	one-to-many	GENCODE.v27vsM149
ENSG00000228412.7	lncRNA	ENSMUSG00000097622.2	lncRNA	one-to-many	GENCODE.v27vsM150
ENSG00000267064.1	lncRNA	ENSMUSG00000086877.7	lncRNA	one-to-one	GENCODE.v27vsM151
ENSG00000230690.1	lncRNA	ENSMUSG00000103106.1	lncRNA	one-to-one	GENCODE.v27vsM152
ENSG00000227336.1	lncRNA	ENSMUSG00000102284.1	lncRNA	one-to-one	GENCODE.v27vsM153
ENSG00000180769.8	lncRNA	ENSMUSG00000106492.1	lncRNA	one-to-one	GENCODE.v27vsM154
ENSG00000234141.1	lncRNA	ENSMUSG00000087305.8	lncRNA	one-to-many	GENCODE.v27vsM155
ENSG00000235142.7	lncRNA	ENSMUSG00000111422.1	lncRNA	one-to-many	GENCODE.v27vsM156
ENSG00000278893.1	lncRNA	ENSMUSG00000110084.1	lncRNA	many-to-many	GENCODE.v27vsM157
ENSG00000258197.1	lncRNA	ENSMUSG00000086509.2	lncRNA	one-to-many	GENCODE.v27vsM158
ENSG00000239911.2	lncRNA	ENSMUSG00000043833.6	lncRNA	one-to-one	GENCODE.v27vsM159
ENSG00000205334.2	lncRNA	ENSMUSG00000107352.1	lncRNA	one-to-many	GENCODE.v27vsM160
ENSG00000260032.1	lncRNA	ENSMUSG00000104222.1	lncRNA	many-to-many	GENCODE.v27vsM161
ENSG00000235257.8	lncRNA	ENSMUSG00000086119.2	lncRNA	one-to-one	GENCODE.v27vsM162
ENSG00000231566.1	lncRNA	ENSMUSG00000097497.1	lncRNA	one-to-one	GENCODE.v27vsM163
ENSG00000243176.5	lncRNA	ENSMUSG00000104189.1	lncRNA	one-to-one	GENCODE.v27vsM164
ENSG00000258077.2	lncRNA	ENSMUSG00000102180.1	lncRNA	one-to-one	GENCODE.v27vsM165
ENSG00000227292.1	lncRNA	ENSMUSG00000103091.1	lncRNA	one-to-one	GENCODE.v27vsM166
ENSG00000237633.2	lncRNA	ENSMUSG00000114136.1	lncRNA	one-to-one	GENCODE.v27vsM167
ENSG00000249483.1	lncRNA	ENSMUSG00000097182.2	lncRNA	one-to-one	GENCODE.v27vsM168
ENSG00000239219.2	lncRNA	ENSMUSG00000097786.3	lncRNA	many-to-many	GENCODE.v27vsM169
ENSG00000245864.2	lncRNA	ENSMUSG00000097265.1	lncRNA	one-to-one	GENCODE.v27vsM170
ENSG00000251562.7	lncRNA	ENSMUSG00000092341.2	lncRNA	many-to-many	GENCODE.v27vsM171
ENSG00000240889.1	lncRNA	ENSMUSG00000086582.1	lncRNA	one-to-one	GENCODE.v27vsM172
ENSG00000278768.1	lncRNA	ENSMUSG00000089810.1	lncRNA	one-to-many	GENCODE.v27vsM173
ENSG00000259580.1	lncRNA	ENSMUSG00000100046.1	lncRNA	many-to-many	GENCODE.v27vsM174
ENSG00000228021.7	lncRNA	ENSMUSG00000109917.1	lncRNA	one-to-one	GENCODE.v27vsM175
ENSG00000239922.1	lncRNA	ENSMUSG00000099512.1	lncRNA	one-to-one	GENCODE.v27vsM176
ENSG00000251363.2	lncRNA	ENSMUSG00000102199.1	lncRNA	one-to-one	GENCODE.v27vsM177
ENSG00000228452.1	lncRNA	ENSMUSG00000085626.1	lncRNA	one-to-one	GENCODE.v27vsM178
ENSG00000253308.2	lncRNA	ENSMUSG00000086126.1	lncRNA	one-to-many	GENCODE.v27vsM179
ENSG00000234427.1	lncRNA	ENSMUSG00000103479.1	lncRNA	one-to-one	GENCODE.v27vsM180
ENSG00000247228.2	lncRNA	ENSMUSG00000084808.7	lncRNA	one-to-half	GENCODE.v27vsM181
ENSG00000250208.6	lncRNA	ENSMUSG00000072591.10	lncRNA	one-to-one	GENCODE.v27vsM182
ENSG00000225746.9	lncRNA	ENSMUSG00000097451.10	lncRNA	many-to-many	GENCODE.v27vsM183
ENSG00000255248.7	lncRNA	ENSMUSG00000111158.1	lncRNA	many-to-many	GENCODE.v27vsM184
ENSG00000276012.1	lncRNA	ENSMUSG00000101445.1	lncRNA	many-to-many	GENCODE.v27vsM185
ENSG00000257322.5	lncRNA	ENSMUSG00000101517.6	lncRNA	one-to-one	GENCODE.v27vsM186
ENSG00000259642.2	lncRNA	ENSMUSG00000052154.4	lncRNA	one-to-half	GENCODE.v27vsM187
ENSG00000249169.1	lncRNA	ENSMUSG00000102355.1	lncRNA	one-to-one	GENCODE.v27vsM188
ENSG00000237359.1	lncRNA	ENSMUSG00000101084.1	lncRNA	one-to-one	GENCODE.v27vsM189
ENSG00000230590.9	lncRNA	ENSMUSG00000086370.8	lncRNA	one-to-many	GENCODE.v27vsM190
ENSG00000248859.2	lncRNA	ENSMUSG00000100728.1	lncRNA	one-to-one	GENCODE.v27vsM191
ENSG00000233429.9	lncRNA	ENSMUSG00000087658.2	lncRNA	many-to-many	GENCODE.v27vsM192
ENSG00000238007.1	lncRNA	ENSMUSG00000055045.5	lncRNA	one-to-one	GENCODE.v27vsM193
ENSG00000196366.3	lncRNA	ENSMUSG00000086714.1	lncRNA	one-to-one	GENCODE.v27vsM194
ENSG00000275964.1	lncRNA	ENSMUSG00000100017.2	lncRNA	one-to-one	GENCODE.v27vsM195
ENSG00000228971.2	lncRNA	ENSMUSG00000098097.7	lncRNA	one-to-one	GENCODE.v27vsM196
ENSG00000257817.1	lncRNA	ENSMUSG00000106991.1	lncRNA	one-to-many	GENCODE.v27vsM197
ENSG00000241388.4	lncRNA	ENSMUSG00000086054.2	lncRNA	one-to-many	GENCODE.v27vsM198
ENSG00000253104.1	lncRNA	ENSMUSG00000103296.1	lncRNA	one-to-many	GENCODE.v27vsM199
ENSG00000268066.5	lncRNA	ENSMUSG00000096946.1	lncRNA	one-to-many	GENCODE.v27vsM200
ENSG00000252690.3	lncRNA	ENSMUSG00000097277.7	lncRNA	many-to-many	GENCODE.v27vsM201
ENSG00000271555.1	lncRNA	ENSMUSG00000090031.2	lncRNA	one-to-one	GENCODE.v27vsM202
ENSG00000284700.1	lncRNA	ENSMUSG00000085256.1	lncRNA	one-to-one	GENCODE.v27vsM203
ENSG00000275025.1	lncRNA	ENSMUSG00000087630.1	lncRNA	one-to-one	GENCODE.v27vsM204
ENSG00000273920.1	lncRNA	ENSMUSG00000087088.2	lncRNA	one-to-many	GENCODE.v27vsM205
ENSG00000230695.1	lncRNA	ENSMUSG00000073652.10	lncRNA	one-to-one	GENCODE.v27vsM206
ENSG00000249365.1	lncRNA	ENSMUSG00000104455.1	lncRNA	one-to-one	GENCODE.v27vsM207
ENSG00000265206.5	lncRNA	ENSMUSG00000084796.1	lncRNA	many-to-many	GENCODE.v27vsM208
ENSG00000261076.1	lncRNA	ENSMUSG00000112813.1	lncRNA	one-to-one	GENCODE.v27vsM209
ENSG00000257258.1	lncRNA	ENSMUSG00000086777.3	lncRNA	one-to-one	GENCODE.v27vsM210
ENSG00000224078.13	lncRNA	ENSMUSG00000109536.1	lncRNA	many-to-many	GENCODE.v27vsM211
ENSG00000214548.14	lncRNA	ENSMUSG00000097961.1	lncRNA	many-to-many	GENCODE.v27vsM212
ENSG00000237424.1	lncRNA	ENSMUSG00000085399.7	lncRNA	one-to-one	GENCODE.v27vsM213
ENSG00000233903.2	lncRNA	ENSMUSG00000100199.1	lncRNA	one-to-many	GENCODE.v27vsM214
ENSG00000235597.1	lncRNA	ENSMUSG00000101299.2	lncRNA	one-to-one	GENCODE.v27vsM215
ENSG00000275371.1	lncRNA	ENSMUSG00000055323.5	lncRNA	one-to-many	GENCODE.v27vsM216
ENSG00000239801.1	lncRNA	ENSMUSG00000090861.1	lncRNA	one-to-one	GENCODE.v27vsM217
ENSG00000270344.2	lncRNA	ENSMUSG00000112346.1	lncRNA	one-to-one	GENCODE.v27vsM218
ENSG00000255621.1	lncRNA	ENSMUSG00000108239.1	lncRNA	one-to-one	GENCODE.v27vsM219
ENSG00000225472.1	lncRNA	ENSMUSG00000087413.1	lncRNA	one-to-one	GENCODE.v27vsM220
ENSG00000249743.5	lncRNA	ENSMUSG00000104430.1	lncRNA	one-to-one	GENCODE.v27vsM221
ENSG00000250326.1	lncRNA	ENSMUSG00000037982.16	lncRNA	one-to-one	GENCODE.v27vsM222
ENSG00000272763.1	lncRNA	ENSMUSG00000078706.4	lncRNA	one-to-many	GENCODE.v27vsM223
ENSG00000254100.1	lncRNA	ENSMUSG00000110017.1	lncRNA	one-to-many	GENCODE.v27vsM224
ENSG00000231346.5	lncRNA	ENSMUSG00000104835.4	lncRNA	one-to-one	GENCODE.v27vsM225
ENSG00000269998.1	lncRNA	ENSMUSG00000102729.1	lncRNA	one-to-one	GENCODE.v27vsM226
ENSG00000235020.4	lncRNA	ENSMUSG00000103050.1	lncRNA	one-to-many	GENCODE.v27vsM227
ENSG00000234215.2	lncRNA	ENSMUSG00000105809.1	lncRNA	one-to-many	GENCODE.v27vsM228
ENSG00000241388.4	lncRNA	ENSMUSG00000086140.1	lncRNA	one-to-many	GENCODE.v27vsM229
ENSG00000254334.1	lncRNA	ENSMUSG00000104288.1	lncRNA	one-to-one	GENCODE.v27vsM230
ENSG00000258766.1	lncRNA	ENSMUSG00000097157.2	lncRNA	one-to-one	GENCODE.v27vsM231
ENSG00000233184.6	lncRNA	ENSMUSG00000054426.11	lncRNA	one-to-one	GENCODE.v27vsM232
ENSG00000229108.1	lncRNA	ENSMUSG00000101067.1	lncRNA	one-to-one	GENCODE.v27vsM233
ENSG00000226137.5	lncRNA	ENSMUSG00000085207.1	lncRNA	one-to-many	GENCODE.v27vsM234
ENSG00000237036.4	lncRNA	ENSMUSG00000103138.1	lncRNA	one-to-many	GENCODE.v27vsM235
ENSG00000277135.1	lncRNA	ENSMUSG00000109028.1	lncRNA	one-to-many	GENCODE.v27vsM236
ENSG00000260260.1	lncRNA	ENSMUSG00000093565.1	lncRNA	one-to-many	GENCODE.v27vsM237
ENSG00000229191.1	lncRNA	ENSMUSG00000086264.9	lncRNA	one-to-one	GENCODE.v27vsM238
ENSG00000273711.1	lncRNA	ENSMUSG00000113529.1	lncRNA	one-to-one	GENCODE.v27vsM239
ENSG00000245694.9	lncRNA	ENSMUSG00000095651.1	lncRNA	one-to-many	GENCODE.v27vsM240
ENSG00000226950.6	lncRNA	ENSMUSG00000053656.6	lncRNA	many-to-many	GENCODE.v27vsM241
ENSG00000233625.1	lncRNA	ENSMUSG00000074758.10	lncRNA	one-to-one	GENCODE.v27vsM242
ENSG00000259153.1	lncRNA	ENSMUSG00000113303.1	lncRNA	one-to-one	GENCODE.v27vsM243
ENSG00000254740.2	lncRNA	ENSMUSG00000111415.1	lncRNA	many-to-many	GENCODE.v27vsM244
ENSG00000187185.4	lncRNA	ENSMUSG00000110475.1	lncRNA	one-to-one	GENCODE.v27vsM245
ENSG00000274460.1	lncRNA	ENSMUSG00000109304.1	lncRNA	one-to-half	GENCODE.v27vsM246
ENSG00000272841.1	lncRNA	ENSMUSG00000097350.1	lncRNA	one-to-one	GENCODE.v27vsM247
ENSG00000278990.1	lncRNA	ENSMUSG00000085641.1	lncRNA	one-to-many	GENCODE.v27vsM248
ENSG00000249497.1	lncRNA	ENSMUSG00000084856.1	lncRNA	one-to-one	GENCODE.v27vsM249
ENSG00000236668.2	lncRNA	ENSMUSG00000098383.1	lncRNA	one-to-one	GENCODE.v27vsM250
ENSG00000226877.7	lncRNA	ENSMUSG00000097399.7	lncRNA	one-to-many	GENCODE.v27vsM251
ENSG00000260239.1	lncRNA	ENSMUSG00000114838.1	lncRNA	one-to-one	GENCODE.v27vsM252
ENSG00000260874.5	lncRNA	ENSMUSG00000085185.9	lncRNA	one-to-many	GENCODE.v27vsM253
ENSG00000255571.8	lncRNA	ENSMUSG00000097023.8	lncRNA	one-to-one	GENCODE.v27vsM254
ENSG00000225790.1	lncRNA	ENSMUSG00000101897.1	lncRNA	one-to-one	GENCODE.v27vsM255
ENSG00000248690.6	lncRNA	ENSMUSG00000086541.8	lncRNA	one-to-one	GENCODE.v27vsM256
ENSG00000257653.1	lncRNA	ENSMUSG00000100220.1	lncRNA	one-to-one	GENCODE.v27vsM257
ENSG00000213600.3	lncRNA	ENSMUSG00000102324.1	lncRNA	one-to-one	GENCODE.v27vsM258
ENSG00000274204.1	lncRNA	ENSMUSG00000108912.1	lncRNA	one-to-one	GENCODE.v27vsM259
ENSG00000250049.5	lncRNA	ENSMUSG00000100168.2	lncRNA	one-to-one	GENCODE.v27vsM260
ENSG00000225206.8	lncRNA	ENSMUSG00000104178.1	lncRNA	many-to-many	GENCODE.v27vsM261
ENSG00000177338.13	lncRNA	ENSMUSG00000086135.1	lncRNA	one-to-one	GENCODE.v27vsM262
ENSG00000253161.5	lncRNA	ENSMUSG00000100335.2	lncRNA	one-to-many	GENCODE.v27vsM263
ENSG00000254211.5	lncRNA	ENSMUSG00000085772.7	lncRNA	one-to-one	GENCODE.v27vsM264
ENSG00000236822.1	lncRNA	ENSMUSG00000096963.1	lncRNA	one-to-one	GENCODE.v27vsM265
ENSG00000279645.1	lncRNA	ENSMUSG00000100005.7	lncRNA	one-to-many	GENCODE.v27vsM266
ENSG00000273106.1	lncRNA	ENSMUSG00000097047.1	lncRNA	one-to-one	GENCODE.v27vsM267
ENSG00000230461.8	lncRNA	ENSMUSG00000079045.3	lncRNA	one-to-one	GENCODE.v27vsM268
ENSG00000248533.1	lncRNA	ENSMUSG00000103142.1	lncRNA	one-to-one	GENCODE.v27vsM269
ENSG00000236305.1	lncRNA	ENSMUSG00000105802.1	lncRNA	one-to-half	GENCODE.v27vsM270
ENSG00000230490.2	lncRNA	ENSMUSG00000054622.4	lncRNA	many-to-many	GENCODE.v27vsM271
ENSG00000227946.1	lncRNA	ENSMUSG00000084799.7	lncRNA	one-to-one	GENCODE.v27vsM272
ENSG00000275198.1	lncRNA	ENSMUSG00000072884.10	lncRNA	one-to-many	GENCODE.v27vsM273
ENSG00000273345.5	lncRNA	ENSMUSG00000086493.1	lncRNA	many-to-many	GENCODE.v27vsM274
ENSG00000231160.9	lncRNA	ENSMUSG00000097640.7	lncRNA	one-to-one	GENCODE.v27vsM275
ENSG00000242790.1	lncRNA	ENSMUSG00000102883.1	lncRNA	one-to-one	GENCODE.v27vsM276
ENSG00000273062.1	lncRNA	ENSMUSG00000101905.1	lncRNA	one-to-one	GENCODE.v27vsM277
ENSG00000275091.1	lncRNA	ENSMUSG00000056753.3	lncRNA	one-to-one	GENCODE.v27vsM278
ENSG00000258813.2	lncRNA	ENSMUSG00000099708.1	lncRNA	one-to-one	GENCODE.v27vsM279
ENSG00000251171.1	lncRNA	ENSMUSG00000099419.1	lncRNA	one-to-one	GENCODE.v27vsM280
ENSG00000245248.7	lncRNA	ENSMUSG00000111415.1	lncRNA	many-to-many	GENCODE.v27vsM281
ENSG00000283078.1	lncRNA	ENSMUSG00000085704.1	lncRNA	one-to-half	GENCODE.v27vsM282
ENSG00000251136.8	lncRNA	ENSMUSG00000103595.1	lncRNA	one-to-many	GENCODE.v27vsM283
ENSG00000229697.2	lncRNA	ENSMUSG00000101356.1	lncRNA	one-to-many	GENCODE.v27vsM284
ENSG00000246695.7	lncRNA	ENSMUSG00000085658.1	lncRNA	one-to-one	GENCODE.v27vsM285
ENSG00000258667.1	lncRNA	ENSMUSG00000087700.2	lncRNA	one-to-one	GENCODE.v27vsM286
ENSG00000279778.1	lncRNA	ENSMUSG00000105324.1	lncRNA	one-to-one	GENCODE.v27vsM287
ENSG00000258399.7	lncRNA	ENSMUSG00000021268.17	lncRNA	many-to-many	GENCODE.v27vsM288
ENSG00000259555.1	lncRNA	ENSMUSG00000111050.1	lncRNA	one-to-one	GENCODE.v27vsM289
ENSG00000233570.1	lncRNA	ENSMUSG00000104256.1	lncRNA	one-to-one	GENCODE.v27vsM290
ENSG00000247809.7	lncRNA	ENSMUSG00000109028.1	lncRNA	many-to-many	GENCODE.v27vsM291
ENSG00000228526.6	lncRNA	ENSMUSG00000102813.1	lncRNA	many-to-many	GENCODE.v27vsM292
ENSG00000251173.1	lncRNA	ENSMUSG00000087601.3	lncRNA	one-to-one	GENCODE.v27vsM293
ENSG00000244300.2	lncRNA	ENSMUSG00000108010.1	lncRNA	one-to-one	GENCODE.v27vsM294
ENSG00000232828.1	lncRNA	ENSMUSG00000087193.7	lncRNA	one-to-one	GENCODE.v27vsM295
ENSG00000224235.1	lncRNA	ENSMUSG00000106109.1	lncRNA	one-to-many	GENCODE.v27vsM296
ENSG00000231690.2	lncRNA	ENSMUSG00000101556.1	lncRNA	many-to-many	GENCODE.v27vsM297
ENSG00000235214.1	lncRNA	ENSMUSG00000086754.1	lncRNA	one-to-one	GENCODE.v27vsM298
ENSG00000203288.3	lncRNA	ENSMUSG00000097515.2	lncRNA	one-to-one	GENCODE.v27vsM299
ENSG00000234206.5	lncRNA	ENSMUSG00000099893.1	lncRNA	one-to-one	GENCODE.v27vsM300
ENSG00000232227.5	lncRNA	ENSMUSG00000100451.1	lncRNA	one-to-one	GENCODE.v27vsM301
ENSG00000244036.3	lncRNA	ENSMUSG00000084861.1	lncRNA	one-to-one	GENCODE.v27vsM302
ENSG00000234877.2	lncRNA	ENSMUSG00000101720.1	lncRNA	one-to-one	GENCODE.v27vsM303
ENSG00000224023.10	lncRNA	ENSMUSG00000101546.1	lncRNA	one-to-many	GENCODE.v27vsM304
ENSG00000241832.1	lncRNA	ENSMUSG00000107580.1	lncRNA	one-to-one	GENCODE.v27vsM305
ENSG00000257859.1	lncRNA	ENSMUSG00000104317.1	lncRNA	one-to-one	GENCODE.v27vsM306
ENSG00000249423.1	lncRNA	ENSMUSG00000104521.1	lncRNA	one-to-one	GENCODE.v27vsM307
ENSG00000261886.1	lncRNA	ENSMUSG00000085154.7	lncRNA	one-to-one	GENCODE.v27vsM308
ENSG00000224032.6	lncRNA	ENSMUSG00000087590.2	lncRNA	one-to-one	GENCODE.v27vsM309
ENSG00000269939.1	lncRNA	ENSMUSG00000102555.1	lncRNA	one-to-half	GENCODE.v27vsM310
ENSG00000225793.2	lncRNA	ENSMUSG00000086918.1	lncRNA	one-to-one	GENCODE.v27vsM311
ENSG00000228741.2	lncRNA	ENSMUSG00000101797.1	lncRNA	one-to-many	GENCODE.v27vsM312
ENSG00000254905.1	lncRNA	ENSMUSG00000110774.1	lncRNA	one-to-one	GENCODE.v27vsM313
ENSG00000272525.1	lncRNA	ENSMUSG00000048603.8	lncRNA	one-to-many	GENCODE.v27vsM314
ENSG00000223989.1	lncRNA	ENSMUSG00000086949.1	lncRNA	one-to-one	GENCODE.v27vsM315
ENSG00000257621.7	lncRNA	ENSMUSG00000085622.9	lncRNA	one-to-many	GENCODE.v27vsM316
ENSG00000239381.6	lncRNA	ENSMUSG00000099437.1	lncRNA	one-to-one	GENCODE.v27vsM317
ENSG00000259839.1	lncRNA	ENSMUSG00000097248.9	lncRNA	one-to-many	GENCODE.v27vsM318
ENSG00000272267.2	lncRNA	ENSMUSG00000054247.6	lncRNA	one-to-one	GENCODE.v27vsM319
ENSG00000279342.2	lncRNA	ENSMUSG00000110993.1	lncRNA	one-to-one	GENCODE.v27vsM320
ENSG00000259438.1	lncRNA	ENSMUSG00000097021.7	lncRNA	one-to-one	GENCODE.v27vsM321
ENSG00000232685.4	lncRNA	ENSMUSG00000085292.1	lncRNA	many-to-many	GENCODE.v27vsM322
ENSG00000234292.3	lncRNA	ENSMUSG00000097098.8	lncRNA	one-to-one	GENCODE.v27vsM323
ENSG00000228639.6	lncRNA	ENSMUSG00000041674.16	lncRNA	one-to-many	GENCODE.v27vsM324
ENSG00000237753.1	lncRNA	ENSMUSG00000103009.1	lncRNA	one-to-many	GENCODE.v27vsM325
ENSG00000256988.1	lncRNA	ENSMUSG00000097596.1	lncRNA	one-to-one	GENCODE.v27vsM326
ENSG00000259639.5	lncRNA	ENSMUSG00000101448.1	lncRNA	one-to-one	GENCODE.v27vsM327
ENSG00000254833.1	lncRNA	ENSMUSG00000111059.1	lncRNA	one-to-one	GENCODE.v27vsM328
ENSG00000274425.1	lncRNA	ENSMUSG00000086016.1	lncRNA	one-to-one	GENCODE.v27vsM329
ENSG00000236013.5	lncRNA	ENSMUSG00000101969.2	lncRNA	one-to-one	GENCODE.v27vsM330
ENSG00000258752.1	lncRNA	ENSMUSG00000033731.9	lncRNA	one-to-one	GENCODE.v27vsM331
ENSG00000235899.1	lncRNA	ENSMUSG00000111225.1	lncRNA	one-to-half	GENCODE.v27vsM332
ENSG00000244926.6	lncRNA	ENSMUSG00000027196.11	lncRNA	one-to-one	GENCODE.v27vsM333
ENSG00000233108.1	lncRNA	ENSMUSG00000087305.8	lncRNA	one-to-many	GENCODE.v27vsM334
ENSG00000226455.1	lncRNA	ENSMUSG00000086150.1	lncRNA	one-to-one	GENCODE.v27vsM335
ENSG00000255717.6	lncRNA	ENSMUSG00000108414.1	lncRNA	many-to-many	GENCODE.v27vsM336
ENSG00000259119.1	lncRNA	ENSMUSG00000085641.1	lncRNA	one-to-many	GENCODE.v27vsM337
ENSG00000227313.1	lncRNA	ENSMUSG00000103172.1	lncRNA	one-to-one	GENCODE.v27vsM338
ENSG00000267321.2	lncRNA	ENSMUSG00000093483.1	lncRNA	many-to-many	GENCODE.v27vsM339
ENSG00000253302.1	lncRNA	ENSMUSG00000100868.1	lncRNA	one-to-one	GENCODE.v27vsM340
ENSG00000255248.7	lncRNA	ENSMUSG00000074415.12	lncRNA	many-to-many	GENCODE.v27vsM341
ENSG00000259820.1	lncRNA	ENSMUSG00000104324.1	lncRNA	one-to-many	GENCODE.v27vsM342
ENSG00000224043.7	lncRNA	ENSMUSG00000102014.1	lncRNA	one-to-one	GENCODE.v27vsM343
ENSG00000284391.1	lncRNA	ENSMUSG00000085314.1	lncRNA	one-to-one	GENCODE.v27vsM344
ENSG00000235652.7	lncRNA	ENSMUSG00000112356.1	lncRNA	one-to-many	GENCODE.v27vsM345
ENSG00000258857.1	lncRNA	ENSMUSG00000020992.5	lncRNA	one-to-one	GENCODE.v27vsM346
ENSG00000230417.11	lncRNA	ENSMUSG00000089887.2	lncRNA	one-to-many	GENCODE.v27vsM347
ENSG00000204814.5	lncRNA	ENSMUSG00000102297.1	lncRNA	one-to-many	GENCODE.v27vsM348
ENSG00000250751.1	lncRNA	ENSMUSG00000101258.1	lncRNA	one-to-one	GENCODE.v27vsM349
ENSG00000255693.1	lncRNA	ENSMUSG00000112846.1	lncRNA	one-to-one	GENCODE.v27vsM350
ENSG00000282863.1	lncRNA	ENSMUSG00000089887.2	lncRNA	one-to-many	GENCODE.v27vsM351
ENSG00000254377.5	lncRNA	ENSMUSG00000100252.6	lncRNA	one-to-many	GENCODE.v27vsM352
ENSG00000273117.1	lncRNA	ENSMUSG00000097673.1	lncRNA	one-to-half	GENCODE.v27vsM353
ENSG00000225680.1	lncRNA	ENSMUSG00000102763.1	lncRNA	one-to-one	GENCODE.v27vsM354
ENSG00000280007.1	lncRNA	ENSMUSG00000086527.1	lncRNA	one-to-one	GENCODE.v27vsM355
ENSG00000242125.3	lncRNA	ENSMUSG00000085241.7	lncRNA	many-to-many	GENCODE.v27vsM356
ENSG00000259007.1	lncRNA	ENSMUSG00000114436.1	lncRNA	one-to-one	GENCODE.v27vsM357
ENSG00000277459.1	lncRNA	ENSMUSG00000110161.1	lncRNA	one-to-one	GENCODE.v27vsM358
ENSG00000258479.5	lncRNA	ENSMUSG00000113302.1	lncRNA	one-to-one	GENCODE.v27vsM359
ENSG00000266473.1	lncRNA	ENSMUSG00000059706.4	lncRNA	one-to-many	GENCODE.v27vsM360
ENSG00000231154.1	lncRNA	ENSMUSG00000087368.7	lncRNA	one-to-many	GENCODE.v27vsM361
ENSG00000250007.6	lncRNA	ENSMUSG00000087694.8	lncRNA	one-to-many	GENCODE.v27vsM362
ENSG00000259868.2	lncRNA	ENSMUSG00000114989.1	lncRNA	one-to-one	GENCODE.v27vsM363
ENSG00000157306.14	lncRNA	ENSMUSG00000100162.2	lncRNA	many-to-many	GENCODE.v27vsM364
ENSG00000223813.2	lncRNA	ENSMUSG00000073067.10	lncRNA	one-to-one	GENCODE.v27vsM365
ENSG00000227145.1	lncRNA	ENSMUSG00000104998.1	lncRNA	one-to-many	GENCODE.v27vsM366
ENSG00000226674.8	lncRNA	ENSMUSG00000086710.1	lncRNA	one-to-one	GENCODE.v27vsM367
ENSG00000226950.6	lncRNA	ENSMUSG00000106943.1	lncRNA	many-to-many	GENCODE.v27vsM368
ENSG00000267617.1	lncRNA	ENSMUSG00000101153.1	lncRNA	one-to-one	GENCODE.v27vsM369
ENSG00000248008.2	lncRNA	ENSMUSG00000086368.2	lncRNA	one-to-one	GENCODE.v27vsM370
ENSG00000257517.1	lncRNA	ENSMUSG00000106991.1	lncRNA	one-to-many	GENCODE.v27vsM371
ENSG00000279086.1	lncRNA	ENSMUSG00000084772.1	lncRNA	one-to-many	GENCODE.v27vsM372
ENSG00000257386.1	lncRNA	ENSMUSG00000097185.1	lncRNA	one-to-one	GENCODE.v27vsM373
ENSG00000231934.1	lncRNA	ENSMUSG00000101356.1	lncRNA	many-to-many	GENCODE.v27vsM374
ENSG00000269038.1	lncRNA	ENSMUSG00000079467.8	lncRNA	one-to-one	GENCODE.v27vsM375
ENSG00000233183.2	lncRNA	ENSMUSG00000073430.4	lncRNA	one-to-one	GENCODE.v27vsM376
ENSG00000228956.8	lncRNA	ENSMUSG00000102600.1	lncRNA	one-to-many	GENCODE.v27vsM377
ENSG00000225208.1	lncRNA	ENSMUSG00000102057.1	lncRNA	one-to-one	GENCODE.v27vsM378
ENSG00000257194.2	lncRNA	ENSMUSG00000102310.1	lncRNA	one-to-one	GENCODE.v27vsM379
ENSG00000235770.5	lncRNA	ENSMUSG00000101848.1	lncRNA	one-to-many	GENCODE.v27vsM380
ENSG00000250244.5	lncRNA	ENSMUSG00000087668.1	lncRNA	one-to-one	GENCODE.v27vsM381
ENSG00000249699.1	lncRNA	ENSMUSG00000105912.1	lncRNA	one-to-one	GENCODE.v27vsM382
ENSG00000259534.1	lncRNA	ENSMUSG00000099387.1	lncRNA	one-to-one	GENCODE.v27vsM383
ENSG00000234741.7	lncRNA	ENSMUSG00000053332.13	lncRNA	many-to-many	GENCODE.v27vsM384
ENSG00000228412.7	lncRNA	ENSMUSG00000114860.1	lncRNA	one-to-many	GENCODE.v27vsM385
ENSG00000243089.1	lncRNA	ENSMUSG00000104285.1	lncRNA	one-to-one	GENCODE.v27vsM386
ENSG00000225128.1	lncRNA	ENSMUSG00000103740.1	lncRNA	one-to-one	GENCODE.v27vsM387
ENSG00000280426.1	lncRNA	ENSMUSG00000092183.1	lncRNA	one-to-one	GENCODE.v27vsM388
ENSG00000226856.5	lncRNA	ENSMUSG00000101700.1	lncRNA	one-to-one	GENCODE.v27vsM389
ENSG00000225446.2	lncRNA	ENSMUSG00000101237.1	lncRNA	one-to-one	GENCODE.v27vsM390
ENSG00000257235.1	lncRNA	ENSMUSG00000101133.1	lncRNA	one-to-many	GENCODE.v27vsM391
ENSG00000251044.2	lncRNA	ENSMUSG00000099774.1	lncRNA	one-to-one	GENCODE.v27vsM392
ENSG00000236094.1	lncRNA	ENSMUSG00000107314.1	lncRNA	many-to-many	GENCODE.v27vsM393
ENSG00000224020.1	lncRNA	ENSMUSG00000085201.1	lncRNA	one-to-one	GENCODE.v27vsM394
ENSG00000229153.5	lncRNA	ENSMUSG00000101268.6	lncRNA	one-to-one	GENCODE.v27vsM395
ENSG00000225012.5	lncRNA	ENSMUSG00000100780.1	lncRNA	one-to-many	GENCODE.v27vsM396
ENSG00000249521.1	lncRNA	ENSMUSG00000102303.1	lncRNA	one-to-one	GENCODE.v27vsM397
ENSG00000224149.1	lncRNA	ENSMUSG00000093738.2	lncRNA	one-to-many	GENCODE.v27vsM398
ENSG00000227579.5	lncRNA	ENSMUSG00000102789.1	lncRNA	one-to-one	GENCODE.v27vsM399
ENSG00000237863.2	lncRNA	ENSMUSG00000086426.1	lncRNA	one-to-one	GENCODE.v27vsM400
ENSG00000230910.2	lncRNA	ENSMUSG00000104516.1	lncRNA	one-to-one	GENCODE.v27vsM401
ENSG00000258235.1	lncRNA	ENSMUSG00000104335.1	lncRNA	one-to-one	GENCODE.v27vsM402
ENSG00000270071.1	lncRNA	ENSMUSG00000102344.1	lncRNA	one-to-one	GENCODE.v27vsM403
ENSG00000273313.1	lncRNA	ENSMUSG00000104529.4	lncRNA	one-to-many	GENCODE.v27vsM404
ENSG00000271167.1	lncRNA	ENSMUSG00000098659.7	lncRNA	one-to-many	GENCODE.v27vsM405
ENSG00000280561.1	lncRNA	ENSMUSG00000101546.1	lncRNA	one-to-many	GENCODE.v27vsM406
ENSG00000245213.6	lncRNA	ENSMUSG00000110419.1	lncRNA	one-to-one	GENCODE.v27vsM407
ENSG00000235501.5	lncRNA	ENSMUSG00000105813.1	lncRNA	one-to-one	GENCODE.v27vsM408
ENSG00000231535.5	lncRNA	ENSMUSG00000100780.1	lncRNA	one-to-many	GENCODE.v27vsM409
ENSG00000226853.2	lncRNA	ENSMUSG00000087176.1	lncRNA	one-to-one	GENCODE.v27vsM410
ENSG00000225936.1	lncRNA	ENSMUSG00000101630.1	lncRNA	one-to-one	GENCODE.v27vsM411
ENSG00000270049.2	lncRNA	ENSMUSG00000104168.1	lncRNA	one-to-one	GENCODE.v27vsM412
ENSG00000272975.1	lncRNA	ENSMUSG00000087410.7	lncRNA	one-to-many	GENCODE.v27vsM413
ENSG00000234169.1	lncRNA	ENSMUSG00000104188.1	lncRNA	one-to-one	GENCODE.v27vsM414
ENSG00000237017.1	lncRNA	ENSMUSG00000085039.2	lncRNA	one-to-one	GENCODE.v27vsM415
ENSG00000228393.3	lncRNA	ENSMUSG00000073147.3	lncRNA	one-to-many	GENCODE.v27vsM416
ENSG00000237773.5	lncRNA	ENSMUSG00000113741.1	lncRNA	one-to-one	GENCODE.v27vsM417
ENSG00000246379.6	lncRNA	ENSMUSG00000097520.2	lncRNA	one-to-many	GENCODE.v27vsM418
ENSG00000224609.6	lncRNA	ENSMUSG00000100129.1	lncRNA	one-to-one	GENCODE.v27vsM419
ENSG00000225285.1	lncRNA	ENSMUSG00000097728.1	lncRNA	one-to-one	GENCODE.v27vsM420
ENSG00000233452.6	lncRNA	ENSMUSG00000101621.2	lncRNA	one-to-many	GENCODE.v27vsM421
ENSG00000254427.1	lncRNA	ENSMUSG00000086980.1	lncRNA	one-to-one	GENCODE.v27vsM422
ENSG00000233639.5	lncRNA	ENSMUSG00000060424.14	lncRNA	one-to-one	GENCODE.v27vsM423
ENSG00000235590.7	lncRNA	ENSMUSG00000086537.7	lncRNA	one-to-many	GENCODE.v27vsM424
ENSG00000245322.6	lncRNA	ENSMUSG00000097703.1	lncRNA	many-to-many	GENCODE.v27vsM425
ENSG00000257612.1	lncRNA	ENSMUSG00000104308.1	lncRNA	one-to-one	GENCODE.v27vsM426
ENSG00000245526.10	lncRNA	ENSMUSG00000050334.12	lncRNA	many-to-many	GENCODE.v27vsM427
ENSG00000228614.1	lncRNA	ENSMUSG00000099094.1	lncRNA	one-to-one	GENCODE.v27vsM428
ENSG00000276116.2	lncRNA	ENSMUSG00000112150.1	lncRNA	one-to-one	GENCODE.v27vsM429
ENSG00000238121.5	lncRNA	ENSMUSG00000108207.2	lncRNA	one-to-one	GENCODE.v27vsM430
ENSG00000228436.2	lncRNA	ENSMUSG00000097337.1	lncRNA	one-to-many	GENCODE.v27vsM431
ENSG00000224961.1	lncRNA	ENSMUSG00000099683.1	lncRNA	one-to-one	GENCODE.v27vsM432
ENSG00000261359.2	lncRNA	ENSMUSG00000108353.1	lncRNA	one-to-half	GENCODE.v27vsM433
ENSG00000271646.1	lncRNA	ENSMUSG00000097534.3	lncRNA	one-to-one	GENCODE.v27vsM434
ENSG00000235652.7	lncRNA	ENSMUSG00000097007.2	lncRNA	one-to-many	GENCODE.v27vsM435
ENSG00000275322.1	lncRNA	ENSMUSG00000109364.1	lncRNA	one-to-one	GENCODE.v27vsM436
ENSG00000235904.2	lncRNA	ENSMUSG00000079669.2	lncRNA	one-to-one	GENCODE.v27vsM437
ENSG00000231764.8	lncRNA	ENSMUSG00000090063.6	lncRNA	many-to-many	GENCODE.v27vsM438
ENSG00000232413.1	lncRNA	ENSMUSG00000087461.2	lncRNA	one-to-one	GENCODE.v27vsM439
ENSG00000246067.7	lncRNA	ENSMUSG00000074024.5	lncRNA	one-to-many	GENCODE.v27vsM440
ENSG00000255136.2	lncRNA	ENSMUSG00000097974.1	lncRNA	one-to-one	GENCODE.v27vsM441
ENSG00000228322.1	lncRNA	ENSMUSG00000097735.7	lncRNA	one-to-one	GENCODE.v27vsM442
ENSG00000227896.2	lncRNA	ENSMUSG00000115007.1	lncRNA	one-to-one	GENCODE.v27vsM443
ENSG00000265349.1	lncRNA	ENSMUSG00000055134.5	lncRNA	one-to-one	GENCODE.v27vsM444
ENSG00000234215.2	lncRNA	ENSMUSG00000100420.1	lncRNA	one-to-many	GENCODE.v27vsM445
ENSG00000281880.1	lncRNA	ENSMUSG00000102424.2	lncRNA	one-to-one	GENCODE.v27vsM446
ENSG00000256654.3	lncRNA	ENSMUSG00000102771.1	lncRNA	many-to-many	GENCODE.v27vsM447
ENSG00000272692.1	lncRNA	ENSMUSG00000103160.1	lncRNA	one-to-many	GENCODE.v27vsM448
ENSG00000234492.4	lncRNA	ENSMUSG00000105789.1	lncRNA	one-to-one	GENCODE.v27vsM449
ENSG00000258171.1	lncRNA	ENSMUSG00000112289.1	lncRNA	one-to-one	GENCODE.v27vsM450
ENSG00000227193.2	lncRNA	ENSMUSG00000093656.1	lncRNA	one-to-many	GENCODE.v27vsM451
ENSG00000257084.1	lncRNA	ENSMUSG00000099609.1	lncRNA	many-to-many	GENCODE.v27vsM452
ENSG00000260830.1	lncRNA	ENSMUSG00000097533.2	lncRNA	one-to-one	GENCODE.v27vsM453
ENSG00000278905.1	lncRNA	ENSMUSG00000114401.1	lncRNA	one-to-one	GENCODE.v27vsM454
ENSG00000231110.1	lncRNA	ENSMUSG00000106013.4	lncRNA	many-to-many	GENCODE.v27vsM455
ENSG00000242512.8	lncRNA	ENSMUSG00000114832.1	lncRNA	one-to-one	GENCODE.v27vsM456
ENSG00000225718.1	lncRNA	ENSMUSG00000103500.1	lncRNA	one-to-one	GENCODE.v27vsM457
ENSG00000246777.1	lncRNA	ENSMUSG00000110630.1	lncRNA	one-to-one	GENCODE.v27vsM458
ENSG00000203620.2	lncRNA	ENSMUSG00000086369.7	lncRNA	one-to-one	GENCODE.v27vsM459
ENSG00000234767.1	lncRNA	ENSMUSG00000103410.1	lncRNA	one-to-one	GENCODE.v27vsM460
ENSG00000230623.4	lncRNA	ENSMUSG00000097229.1	lncRNA	one-to-many	GENCODE.v27vsM461
ENSG00000271434.3	lncRNA	ENSMUSG00000087657.8	lncRNA	one-to-one	GENCODE.v27vsM462
ENSG00000236355.2	lncRNA	ENSMUSG00000099474.1	lncRNA	one-to-one	GENCODE.v27vsM463
ENSG00000255920.1	lncRNA	ENSMUSG00000097166.1	lncRNA	one-to-one	GENCODE.v27vsM464
ENSG00000224853.1	lncRNA	ENSMUSG00000103188.1	lncRNA	one-to-one	GENCODE.v27vsM465
ENSG00000235192.1	lncRNA	ENSMUSG00000100197.1	lncRNA	one-to-one	GENCODE.v27vsM466
ENSG00000261840.2	lncRNA	ENSMUSG00000101225.1	lncRNA	one-to-one	GENCODE.v27vsM467
ENSG00000266900.1	lncRNA	ENSMUSG00000104044.1	lncRNA	one-to-many	GENCODE.v27vsM468
ENSG00000264207.1	lncRNA	ENSMUSG00000103940.1	lncRNA	one-to-half	GENCODE.v27vsM469
ENSG00000236866.5	lncRNA	ENSMUSG00000053957.5	lncRNA	one-to-one	GENCODE.v27vsM470
ENSG00000260526.1	lncRNA	ENSMUSG00000105447.1	lncRNA	one-to-one	GENCODE.v27vsM471
ENSG00000259001.3	lncRNA	ENSMUSG00000106222.1	lncRNA	many-to-many	GENCODE.v27vsM472
ENSG00000179136.6	lncRNA	ENSMUSG00000085162.7	lncRNA	one-to-one	GENCODE.v27vsM473
ENSG00000278959.1	lncRNA	ENSMUSG00000107681.1	lncRNA	one-to-one	GENCODE.v27vsM474
ENSG00000229240.8	lncRNA	ENSMUSG00000103412.1	lncRNA	one-to-one	GENCODE.v27vsM475
ENSG00000245330.4	lncRNA	ENSMUSG00000053749.12	lncRNA	one-to-one	GENCODE.v27vsM476
ENSG00000249669.9	lncRNA	ENSMUSG00000097324.8	lncRNA	many-to-many	GENCODE.v27vsM477
ENSG00000255794.7	lncRNA	ENSMUSG00000112117.1	lncRNA	many-to-many	GENCODE.v27vsM478
ENSG00000247131.5	lncRNA	ENSMUSG00000112627.1	lncRNA	one-to-one	GENCODE.v27vsM479
ENSG00000272701.2	lncRNA	ENSMUSG00000107825.1	lncRNA	one-to-one	GENCODE.v27vsM480
ENSG00000232732.9	lncRNA	ENSMUSG00000097519.2	lncRNA	one-to-one	GENCODE.v27vsM481
ENSG00000279069.1	lncRNA	ENSMUSG00000086193.1	lncRNA	one-to-many	GENCODE.v27vsM482
ENSG00000242797.3	lncRNA	ENSMUSG00000086296.2	lncRNA	one-to-many	GENCODE.v27vsM483
ENSG00000254554.1	lncRNA	ENSMUSG00000099803.1	lncRNA	one-to-one	GENCODE.v27vsM484
ENSG00000278946.1	lncRNA	ENSMUSG00000073594.3	lncRNA	one-to-many	GENCODE.v27vsM485
ENSG00000272606.1	lncRNA	ENSMUSG00000086725.1	lncRNA	one-to-one	GENCODE.v27vsM486
ENSG00000258096.1	lncRNA	ENSMUSG00000102385.1	lncRNA	one-to-one	GENCODE.v27vsM487
ENSG00000284612.1	lncRNA	ENSMUSG00000102869.2	lncRNA	one-to-many	GENCODE.v27vsM488
ENSG00000260589.1	lncRNA	ENSMUSG00000086657.2	lncRNA	one-to-one	GENCODE.v27vsM489
ENSG00000241231.1	lncRNA	ENSMUSG00000092242.1	lncRNA	one-to-one	GENCODE.v27vsM490
ENSG00000213904.8	lncRNA	ENSMUSG00000053714.8	lncRNA	one-to-many	GENCODE.v27vsM491
ENSG00000237125.8	lncRNA	ENSMUSG00000100510.7	lncRNA	one-to-many	GENCODE.v27vsM492
ENSG00000229005.2	lncRNA	ENSMUSG00000046840.16	lncRNA	one-to-one	GENCODE.v27vsM493
ENSG00000232956.8	lncRNA	ENSMUSG00000085156.7	lncRNA	many-to-many	GENCODE.v27vsM494
ENSG00000249673.6	lncRNA	ENSMUSG00000085166.1	lncRNA	one-to-half	GENCODE.v27vsM495
ENSG00000232490.6	lncRNA	ENSMUSG00000098191.1	lncRNA	one-to-one	GENCODE.v27vsM496
ENSG00000253352.8	lncRNA	ENSMUSG00000056579.18	lncRNA	many-to-many	GENCODE.v27vsM497
ENSG00000248714.6	lncRNA	ENSMUSG00000086191.1	lncRNA	one-to-one	GENCODE.v27vsM498
ENSG00000258921.1	lncRNA	ENSMUSG00000097691.1	lncRNA	one-to-one	GENCODE.v27vsM499
ENSG00000224583.1	lncRNA	ENSMUSG00000102020.1	lncRNA	one-to-one	GENCODE.v27vsM500
ENSG00000268584.1	lncRNA	ENSMUSG00000099966.1	lncRNA	one-to-one	GENCODE.v27vsM501
ENSG00000204934.10	lncRNA	ENSMUSG00000097716.1	lncRNA	one-to-one	GENCODE.v27vsM502
ENSG00000256628.3	lncRNA	ENSMUSG00000102101.1	lncRNA	one-to-one	GENCODE.v27vsM503
ENSG00000243620.1	lncRNA	ENSMUSG00000100341.1	lncRNA	one-to-one	GENCODE.v27vsM504
ENSG00000250241.5	lncRNA	ENSMUSG00000097040.6	lncRNA	one-to-one	GENCODE.v27vsM505
ENSG00000236778.7	lncRNA	ENSMUSG00000097775.1	lncRNA	many-to-many	GENCODE.v27vsM506
ENSG00000253959.1	lncRNA	ENSMUSG00000103635.1	lncRNA	one-to-one	GENCODE.v27vsM507
ENSG00000236445.4	lncRNA	ENSMUSG00000089964.1	lncRNA	one-to-one	GENCODE.v27vsM508
ENSG00000251273.2	lncRNA	ENSMUSG00000102869.2	lncRNA	one-to-many	GENCODE.v27vsM509
ENSG00000226281.2	lncRNA	ENSMUSG00000100932.1	lncRNA	one-to-one	GENCODE.v27vsM510
ENSG00000280147.1	lncRNA	ENSMUSG00000109819.1	lncRNA	one-to-one	GENCODE.v27vsM511
ENSG00000280155.1	lncRNA	ENSMUSG00000086148.1	lncRNA	one-to-one	GENCODE.v27vsM512
ENSG00000245812.2	lncRNA	ENSMUSG00000102563.1	lncRNA	one-to-many	GENCODE.v27vsM513
ENSG00000233590.1	lncRNA	ENSMUSG00000104481.1	lncRNA	one-to-one	GENCODE.v27vsM514
ENSG00000261386.2	lncRNA	ENSMUSG00000098120.1	lncRNA	many-to-many	GENCODE.v27vsM515
ENSG00000257520.1	lncRNA	ENSMUSG00000112343.1	lncRNA	one-to-many	GENCODE.v27vsM516
ENSG00000177133.10	lncRNA	ENSMUSG00000085069.2	lncRNA	one-to-one	GENCODE.v27vsM517
ENSG00000247828.7	lncRNA	ENSMUSG00000098087.1	lncRNA	one-to-many	GENCODE.v27vsM518
ENSG00000273015.2	lncRNA	ENSMUSG00000097536.2	lncRNA	one-to-one	GENCODE.v27vsM519
ENSG00000233029.3	lncRNA	ENSMUSG00000050936.5	lncRNA	one-to-many	GENCODE.v27vsM520
ENSG00000269915.1	lncRNA	ENSMUSG00000086844.1	lncRNA	one-to-one	GENCODE.v27vsM521
ENSG00000224409.1	lncRNA	ENSMUSG00000087575.7	lncRNA	one-to-one	GENCODE.v27vsM522
ENSG00000215417.12	lncRNA	ENSMUSG00000089726.2	lncRNA	many-to-many	GENCODE.v27vsM523
ENSG00000234899.9	lncRNA	ENSMUSG00000041674.16	lncRNA	one-to-many	GENCODE.v27vsM524
ENSG00000259319.1	lncRNA	ENSMUSG00000113165.1	lncRNA	one-to-one	GENCODE.v27vsM525
ENSG00000235661.3	lncRNA	ENSMUSG00000075020.6	lncRNA	one-to-many	GENCODE.v27vsM526
ENSG00000281398.2	lncRNA	ENSMUSG00000097769.7	lncRNA	many-to-many	GENCODE.v27vsM527
ENSG00000212694.8	lncRNA	ENSMUSG00000090086.7	lncRNA	one-to-many	GENCODE.v27vsM528
ENSG00000254286.5	lncRNA	ENSMUSG00000097493.3	lncRNA	one-to-many	GENCODE.v27vsM529
ENSG00000235949.1	lncRNA	ENSMUSG00000097837.1	lncRNA	one-to-one	GENCODE.v27vsM530
ENSG00000274269.1	lncRNA	ENSMUSG00000087035.1	lncRNA	one-to-many	GENCODE.v27vsM531
ENSG00000228830.1	lncRNA	ENSMUSG00000097060.1	lncRNA	one-to-one	GENCODE.v27vsM532
ENSG00000247828.7	lncRNA	ENSMUSG00000097292.2	lncRNA	one-to-many	GENCODE.v27vsM533
ENSG00000280266.1	lncRNA	ENSMUSG00000101930.1	lncRNA	one-to-half	GENCODE.v27vsM534
ENSG00000228526.6	lncRNA	ENSMUSG00000086665.1	lncRNA	many-to-many	GENCODE.v27vsM535
ENSG00000234494.7	lncRNA	ENSMUSG00000078700.10	lncRNA	one-to-many	GENCODE.v27vsM536
ENSG00000281721.1	lncRNA	ENSMUSG00000115149.1	lncRNA	one-to-one	GENCODE.v27vsM537
ENSG00000253563.2	lncRNA	ENSMUSG00000098172.7	lncRNA	one-to-one	GENCODE.v27vsM538
ENSG00000284523.1	lncRNA	ENSMUSG00000115610.1	lncRNA	one-to-many	GENCODE.v27vsM539
ENSG00000234918.1	lncRNA	ENSMUSG00000109113.1	lncRNA	one-to-many	GENCODE.v27vsM540
ENSG00000271860.6	lncRNA	ENSMUSG00000100395.1	lncRNA	one-to-many	GENCODE.v27vsM541
ENSG00000259238.1	lncRNA	ENSMUSG00000101555.1	lncRNA	one-to-one	GENCODE.v27vsM542
ENSG00000234595.1	lncRNA	ENSMUSG00000097843.1	lncRNA	one-to-one	GENCODE.v27vsM543
ENSG00000279980.1	lncRNA	ENSMUSG00000097675.2	lncRNA	one-to-half	GENCODE.v27vsM544
ENSG00000268129.1	lncRNA	ENSMUSG00000101037.1	lncRNA	one-to-half	GENCODE.v27vsM545
ENSG00000230725.5	lncRNA	ENSMUSG00000100630.1	lncRNA	one-to-one	GENCODE.v27vsM546
ENSG00000280832.1	lncRNA	ENSMUSG00000070315.12	lncRNA	one-to-one	GENCODE.v27vsM547
ENSG00000250905.1	lncRNA	ENSMUSG00000103054.1	lncRNA	one-to-one	GENCODE.v27vsM548
ENSG00000233891.7	lncRNA	ENSMUSG00000033015.16	lncRNA	one-to-one	GENCODE.v27vsM549
ENSG00000274270.1	lncRNA	ENSMUSG00000104187.1	lncRNA	one-to-one	GENCODE.v27vsM550
ENSG00000244879.6	lncRNA	ENSMUSG00000098024.1	lncRNA	one-to-one	GENCODE.v27vsM551
ENSG00000182165.17	lncRNA	ENSMUSG00000102921.1	lncRNA	one-to-one	GENCODE.v27vsM552
ENSG00000255435.6	lncRNA	ENSMUSG00000110750.1	lncRNA	one-to-one	GENCODE.v27vsM553
ENSG00000176868.2	lncRNA	ENSMUSG00000086216.1	lncRNA	one-to-one	GENCODE.v27vsM554
ENSG00000223715.1	lncRNA	ENSMUSG00000102233.1	lncRNA	one-to-one	GENCODE.v27vsM555
ENSG00000243069.7	lncRNA	ENSMUSG00000103502.1	lncRNA	one-to-one	GENCODE.v27vsM556
ENSG00000261156.6	lncRNA	ENSMUSG00000109297.1	lncRNA	one-to-one	GENCODE.v27vsM557
ENSG00000223930.5	lncRNA	ENSMUSG00000102807.1	lncRNA	one-to-one	GENCODE.v27vsM558
ENSG00000249061.1	lncRNA	ENSMUSG00000103196.1	lncRNA	one-to-one	GENCODE.v27vsM559
ENSG00000257815.5	lncRNA	ENSMUSG00000052291.8	lncRNA	one-to-one	GENCODE.v27vsM560
ENSG00000231248.2	lncRNA	ENSMUSG00000101356.1	lncRNA	one-to-many	GENCODE.v27vsM561
ENSG00000225746.9	lncRNA	ENSMUSG00000098061.1	lncRNA	many-to-many	GENCODE.v27vsM562
ENSG00000226816.3	lncRNA	ENSMUSG00000102869.2	lncRNA	one-to-many	GENCODE.v27vsM563
ENSG00000218416.4	lncRNA	ENSMUSG00000101995.1	lncRNA	one-to-one	GENCODE.v27vsM564
ENSG00000234323.6	lncRNA	ENSMUSG00000086371.1	lncRNA	one-to-one	GENCODE.v27vsM565
ENSG00000283341.1	lncRNA	ENSMUSG00000075020.6	lncRNA	many-to-many	GENCODE.v27vsM566
ENSG00000254290.1	lncRNA	ENSMUSG00000100335.2	lncRNA	one-to-many	GENCODE.v27vsM567
ENSG00000214900.9	lncRNA	ENSMUSG00000113035.1	lncRNA	many-to-many	GENCODE.v27vsM568
ENSG00000259788.1	lncRNA	ENSMUSG00000104266.1	lncRNA	one-to-one	GENCODE.v27vsM569
ENSG00000263089.1	lncRNA	ENSMUSG00000092399.1	lncRNA	one-to-one	GENCODE.v27vsM570
ENSG00000259515.1	lncRNA	ENSMUSG00000097381.2	lncRNA	one-to-many	GENCODE.v27vsM571
ENSG00000246985.7	lncRNA	ENSMUSG00000097766.1	lncRNA	one-to-one	GENCODE.v27vsM572
ENSG00000230729.1	lncRNA	ENSMUSG00000084761.1	lncRNA	one-to-one	GENCODE.v27vsM573
ENSG00000254854.1	lncRNA	ENSMUSG00000111129.1	lncRNA	one-to-many	GENCODE.v27vsM574
ENSG00000271874.1	lncRNA	ENSMUSG00000096971.2	lncRNA	one-to-one	GENCODE.v27vsM575
ENSG00000248373.5	lncRNA	ENSMUSG00000102530.1	lncRNA	one-to-one	GENCODE.v27vsM576
ENSG00000275239.4	lncRNA	ENSMUSG00000101356.1	lncRNA	one-to-many	GENCODE.v27vsM577
ENSG00000256259.1	lncRNA	ENSMUSG00000102382.1	lncRNA	one-to-one	GENCODE.v27vsM578
ENSG00000256654.3	lncRNA	ENSMUSG00000110390.1	lncRNA	many-to-many	GENCODE.v27vsM579
ENSG00000279683.1	lncRNA	ENSMUSG00000099190.1	lncRNA	one-to-one	GENCODE.v27vsM580
ENSG00000231221.1	lncRNA	ENSMUSG00000102572.1	lncRNA	one-to-one	GENCODE.v27vsM581
ENSG00000176124.11	lncRNA	ENSMUSG00000097997.1	lncRNA	one-to-many	GENCODE.v27vsM582
ENSG00000258754.7	lncRNA	ENSMUSG00000103673.1	lncRNA	one-to-one	GENCODE.v27vsM583
ENSG00000255335.1	lncRNA	ENSMUSG00000109962.1	lncRNA	one-to-one	GENCODE.v27vsM584
ENSG00000269900.3	lncRNA	ENSMUSG00000115420.1	lncRNA	many-to-many	GENCODE.v27vsM585
ENSG00000225815.2	lncRNA	ENSMUSG00000102585.1	lncRNA	one-to-one	GENCODE.v27vsM586
ENSG00000270006.2	lncRNA	ENSMUSG00000098211.2	lncRNA	one-to-half	GENCODE.v27vsM587
ENSG00000279344.1	lncRNA	ENSMUSG00000109727.1	lncRNA	many-to-many	GENCODE.v27vsM588
ENSG00000237843.1	lncRNA	ENSMUSG00000102168.1	lncRNA	one-to-one	GENCODE.v27vsM589
ENSG00000260464.1	lncRNA	ENSMUSG00000057359.7	lncRNA	one-to-many	GENCODE.v27vsM590
ENSG00000250903.8	lncRNA	ENSMUSG00000113965.1	lncRNA	one-to-one	GENCODE.v27vsM591
ENSG00000231177.4	lncRNA	ENSMUSG00000097994.1	lncRNA	one-to-one	GENCODE.v27vsM592
ENSG00000267882.2	lncRNA	ENSMUSG00000085274.1	lncRNA	one-to-one	GENCODE.v27vsM593
ENSG00000225783.6	lncRNA	ENSMUSG00000097767.8	lncRNA	many-to-many	GENCODE.v27vsM594
ENSG00000253479.5	lncRNA	ENSMUSG00000101314.1	lncRNA	one-to-one	GENCODE.v27vsM595
ENSG00000272168.6	lncRNA	ENSMUSG00000085936.7	lncRNA	one-to-many	GENCODE.v27vsM596
ENSG00000231690.2	lncRNA	ENSMUSG00000100536.1	lncRNA	many-to-many	GENCODE.v27vsM597
ENSG00000229066.1	lncRNA	ENSMUSG00000099502.1	lncRNA	one-to-one	GENCODE.v27vsM598
ENSG00000256152.2	lncRNA	ENSMUSG00000102725.2	lncRNA	many-to-many	GENCODE.v27vsM599
ENSG00000251034.1	lncRNA	ENSMUSG00000115186.1	lncRNA	one-to-many	GENCODE.v27vsM600
ENSG00000236463.1	lncRNA	ENSMUSG00000085639.1	lncRNA	one-to-one	GENCODE.v27vsM601
ENSG00000229345.1	lncRNA	ENSMUSG00000113453.1	lncRNA	one-to-one	GENCODE.v27vsM602
ENSG00000229950.1	lncRNA	ENSMUSG00000097752.2	lncRNA	one-to-one	GENCODE.v27vsM603
ENSG00000224078.13	lncRNA	ENSMUSG00000100826.6	lncRNA	many-to-many	GENCODE.v27vsM604
ENSG00000228173.1	lncRNA	ENSMUSG00000104137.1	lncRNA	one-to-one	GENCODE.v27vsM605
ENSG00000267607.1	lncRNA	ENSMUSG00000110790.1	lncRNA	one-to-one	GENCODE.v27vsM606
ENSG00000270091.1	lncRNA	ENSMUSG00000072847.4	lncRNA	one-to-one	GENCODE.v27vsM607
ENSG00000272856.1	lncRNA	ENSMUSG00000105261.1	lncRNA	one-to-many	GENCODE.v27vsM608
ENSG00000254024.1	lncRNA	ENSMUSG00000089804.2	lncRNA	one-to-one	GENCODE.v27vsM609
ENSG00000223874.1	lncRNA	ENSMUSG00000101968.6	lncRNA	one-to-many	GENCODE.v27vsM610
ENSG00000279010.3	lncRNA	ENSMUSG00000075555.11	lncRNA	many-to-many	GENCODE.v27vsM611
ENSG00000189238.5	lncRNA	ENSMUSG00000104175.1	lncRNA	one-to-one	GENCODE.v27vsM612
ENSG00000183242.11	lncRNA	ENSMUSG00000074987.9	lncRNA	many-to-many	GENCODE.v27vsM613
ENSG00000203930.10	lncRNA	ENSMUSG00000071753.11	lncRNA	one-to-one	GENCODE.v27vsM614
ENSG00000264647.1	lncRNA	ENSMUSG00000097165.1	lncRNA	one-to-one	GENCODE.v27vsM615
ENSG00000256092.2	lncRNA	ENSMUSG00000103864.1	lncRNA	one-to-one	GENCODE.v27vsM616
ENSG00000236053.1	lncRNA	ENSMUSG00000109432.1	lncRNA	one-to-one	GENCODE.v27vsM617
ENSG00000197085.11	lncRNA	ENSMUSG00000085969.1	lncRNA	one-to-one	GENCODE.v27vsM618
ENSG00000270504.1	lncRNA	ENSMUSG00000086786.1	lncRNA	one-to-one	GENCODE.v27vsM619
ENSG00000260778.5	lncRNA	ENSMUSG00000073437.10	lncRNA	one-to-one	GENCODE.v27vsM620
ENSG00000228956.8	lncRNA	ENSMUSG00000103378.1	lncRNA	one-to-many	GENCODE.v27vsM621
ENSG00000284738.1	lncRNA	ENSMUSG00000105350.1	lncRNA	one-to-one	GENCODE.v27vsM622
ENSG00000233086.7	lncRNA	ENSMUSG00000103488.1	lncRNA	one-to-one	GENCODE.v27vsM623
ENSG00000270087.5	lncRNA	ENSMUSG00000114352.1	lncRNA	many-to-many	GENCODE.v27vsM624
ENSG00000205885.7	lncRNA	ENSMUSG00000107552.1	lncRNA	one-to-one	GENCODE.v27vsM625
ENSG00000233030.2	lncRNA	ENSMUSG00000050936.5	lncRNA	one-to-many	GENCODE.v27vsM626
ENSG00000179818.13	lncRNA	ENSMUSG00000097048.7	lncRNA	one-to-one	GENCODE.v27vsM627
ENSG00000251132.1	lncRNA	ENSMUSG00000104009.1	lncRNA	one-to-one	GENCODE.v27vsM628
ENSG00000229770.1	lncRNA	ENSMUSG00000098027.1	lncRNA	one-to-one	GENCODE.v27vsM629
ENSG00000259006.1	lncRNA	ENSMUSG00000103244.1	lncRNA	one-to-one	GENCODE.v27vsM630
ENSG00000273004.1	lncRNA	ENSMUSG00000100954.4	lncRNA	one-to-one	GENCODE.v27vsM631
ENSG00000273618.1	lncRNA	ENSMUSG00000100162.2	lncRNA	many-to-many	GENCODE.v27vsM632
ENSG00000245322.6	lncRNA	ENSMUSG00000105676.1	lncRNA	many-to-many	GENCODE.v27vsM633
ENSG00000280587.1	lncRNA	ENSMUSG00000110697.1	lncRNA	one-to-many	GENCODE.v27vsM634
ENSG00000229893.2	lncRNA	ENSMUSG00000108170.1	lncRNA	one-to-one	GENCODE.v27vsM635
ENSG00000251611.1	lncRNA	ENSMUSG00000106508.1	lncRNA	one-to-one	GENCODE.v27vsM636
ENSG00000258874.1	lncRNA	ENSMUSG00000103136.1	lncRNA	one-to-one	GENCODE.v27vsM637
ENSG00000253552.7	lncRNA	ENSMUSG00000101451.1	lncRNA	one-to-many	GENCODE.v27vsM638
ENSG00000236423.5	lncRNA	ENSMUSG00000086272.1	lncRNA	one-to-one	GENCODE.v27vsM639
ENSG00000224577.1	lncRNA	ENSMUSG00000100303.2	lncRNA	one-to-one	GENCODE.v27vsM640
ENSG00000251165.5	lncRNA	ENSMUSG00000110260.1	lncRNA	one-to-one	GENCODE.v27vsM641
ENSG00000253572.2	lncRNA	ENSMUSG00000103438.1	lncRNA	one-to-one	GENCODE.v27vsM642
ENSG00000232907.7	lncRNA	ENSMUSG00000087179.8	lncRNA	one-to-one	GENCODE.v27vsM643
ENSG00000231754.2	lncRNA	ENSMUSG00000086363.7	lncRNA	one-to-one	GENCODE.v27vsM644
ENSG00000235535.7	lncRNA	ENSMUSG00000112707.1	lncRNA	one-to-one	GENCODE.v27vsM645
ENSG00000099869.7	lncRNA	ENSMUSG00000086266.1	lncRNA	one-to-one	GENCODE.v27vsM646
ENSG00000230648.1	lncRNA	ENSMUSG00000113170.1	lncRNA	one-to-one	GENCODE.v27vsM647
ENSG00000279069.1	lncRNA	ENSMUSG00000096983.1	lncRNA	one-to-many	GENCODE.v27vsM648
ENSG00000247556.6	lncRNA	ENSMUSG00000085438.1	lncRNA	one-to-one	GENCODE.v27vsM649
ENSG00000227198.1	lncRNA	ENSMUSG00000092241.1	lncRNA	one-to-one	GENCODE.v27vsM650
ENSG00000282057.1	lncRNA	ENSMUSG00000097183.2	lncRNA	one-to-many	GENCODE.v27vsM651
ENSG00000234350.4	lncRNA	ENSMUSG00000086515.1	lncRNA	one-to-one	GENCODE.v27vsM652
ENSG00000225746.9	lncRNA	ENSMUSG00000098202.1	lncRNA	many-to-many	GENCODE.v27vsM653
ENSG00000227947.1	lncRNA	ENSMUSG00000100998.1	lncRNA	one-to-one	GENCODE.v27vsM654
ENSG00000240405.6	lncRNA	ENSMUSG00000107902.1	lncRNA	one-to-one	GENCODE.v27vsM655
ENSG00000243766.7	lncRNA	ENSMUSG00000055408.7	lncRNA	many-to-many	GENCODE.v27vsM656
ENSG00000275198.1	lncRNA	ENSMUSG00000113335.1	lncRNA	one-to-many	GENCODE.v27vsM657
ENSG00000242880.1	lncRNA	ENSMUSG00000075070.6	lncRNA	one-to-one	GENCODE.v27vsM658
ENSG00000235319.1	lncRNA	ENSMUSG00000041878.3	lncRNA	one-to-one	GENCODE.v27vsM659
ENSG00000237220.1	lncRNA	ENSMUSG00000100496.1	lncRNA	one-to-one	GENCODE.v27vsM660
ENSG00000265142.8	lncRNA	ENSMUSG00000095438.1	lncRNA	many-to-many	GENCODE.v27vsM661
ENSG00000269707.1	lncRNA	ENSMUSG00000093436.6	lncRNA	one-to-one	GENCODE.v27vsM662
ENSG00000237187.8	lncRNA	ENSMUSG00000114639.1	lncRNA	one-to-many	GENCODE.v27vsM663
ENSG00000203875.10	lncRNA	ENSMUSG00000097177.8	lncRNA	many-to-many	GENCODE.v27vsM664
ENSG00000270866.1	lncRNA	ENSMUSG00000098659.7	lncRNA	one-to-many	GENCODE.v27vsM665
ENSG00000284726.1	lncRNA	ENSMUSG00000098155.1	lncRNA	one-to-one	GENCODE.v27vsM666
ENSG00000236263.1	lncRNA	ENSMUSG00000105692.1	lncRNA	one-to-many	GENCODE.v27vsM667
ENSG00000256717.1	lncRNA	ENSMUSG00000109844.2	lncRNA	many-to-many	GENCODE.v27vsM668
ENSG00000263327.6	lncRNA	ENSMUSG00000104784.1	lncRNA	one-to-one	GENCODE.v27vsM669
ENSG00000224592.5	lncRNA	ENSMUSG00000098760.1	lncRNA	one-to-one	GENCODE.v27vsM670
ENSG00000238176.1	lncRNA	ENSMUSG00000100081.1	lncRNA	one-to-many	GENCODE.v27vsM671
ENSG00000244625.5	lncRNA	ENSMUSG00000097767.8	lncRNA	one-to-many	GENCODE.v27vsM672
ENSG00000271533.1	lncRNA	ENSMUSG00000086370.8	lncRNA	one-to-many	GENCODE.v27vsM673
ENSG00000259269.1	lncRNA	ENSMUSG00000103266.1	lncRNA	one-to-one	GENCODE.v27vsM674
ENSG00000175147.11	lncRNA	ENSMUSG00000073728.10	lncRNA	one-to-one	GENCODE.v27vsM675
ENSG00000228223.3	lncRNA	ENSMUSG00000102869.2	lncRNA	one-to-many	GENCODE.v27vsM676
ENSG00000233825.1	lncRNA	ENSMUSG00000101320.1	lncRNA	one-to-many	GENCODE.v27vsM677
ENSG00000224738.1	lncRNA	ENSMUSG00000085310.7	lncRNA	one-to-one	GENCODE.v27vsM678
ENSG00000231485.1	lncRNA	ENSMUSG00000086782.2	lncRNA	one-to-many	GENCODE.v27vsM679
ENSG00000267475.1	lncRNA	ENSMUSG00000097509.1	lncRNA	one-to-one	GENCODE.v27vsM680
ENSG00000258399.7	lncRNA	ENSMUSG00000098061.1	lncRNA	many-to-many	GENCODE.v27vsM681
ENSG00000162888.4	lncRNA	ENSMUSG00000102027.1	lncRNA	one-to-one	GENCODE.v27vsM682
ENSG00000264112.1	lncRNA	ENSMUSG00000087373.7	lncRNA	one-to-many	GENCODE.v27vsM683
ENSG00000228835.1	lncRNA	ENSMUSG00000043168.12	lncRNA	one-to-one	GENCODE.v27vsM684
ENSG00000247934.4	lncRNA	ENSMUSG00000072660.5	lncRNA	one-to-one	GENCODE.v27vsM685
ENSG00000261664.5	lncRNA	ENSMUSG00000085873.1	lncRNA	one-to-one	GENCODE.v27vsM686
ENSG00000250007.6	lncRNA	ENSMUSG00000092201.7	lncRNA	one-to-many	GENCODE.v27vsM687
ENSG00000228649.8	lncRNA	ENSMUSG00000097180.5	lncRNA	one-to-many	GENCODE.v27vsM688
ENSG00000263069.5	lncRNA	ENSMUSG00000109408.1	lncRNA	one-to-one	GENCODE.v27vsM689
ENSG00000243701.5	lncRNA	ENSMUSG00000022639.14	lncRNA	one-to-one	GENCODE.v27vsM690
ENSG00000224138.1	lncRNA	ENSMUSG00000043340.3	lncRNA	one-to-one	GENCODE.v27vsM691
ENSG00000253123.3	lncRNA	ENSMUSG00000110351.1	lncRNA	one-to-one	GENCODE.v27vsM692
ENSG00000227543.4	lncRNA	ENSMUSG00000087295.1	lncRNA	one-to-one	GENCODE.v27vsM693
ENSG00000254671.2	lncRNA	ENSMUSG00000096993.3	lncRNA	one-to-one	GENCODE.v27vsM694
ENSG00000228436.2	lncRNA	ENSMUSG00000085875.2	lncRNA	one-to-many	GENCODE.v27vsM695
ENSG00000226363.3	lncRNA	ENSMUSG00000085015.1	lncRNA	one-to-one	GENCODE.v27vsM696
ENSG00000251034.1	lncRNA	ENSMUSG00000097243.1	lncRNA	one-to-many	GENCODE.v27vsM697
ENSG00000260879.1	lncRNA	ENSMUSG00000105139.1	lncRNA	one-to-many	GENCODE.v27vsM698
ENSG00000213468.5	lncRNA	ENSMUSG00000085396.7	lncRNA	many-to-many	GENCODE.v27vsM699
ENSG00000233101.10	lncRNA	ENSMUSG00000085645.1	lncRNA	many-to-many	GENCODE.v27vsM700
ENSG00000235978.6	lncRNA	ENSMUSG00000107458.1	lncRNA	one-to-one	GENCODE.v27vsM701
ENSG00000231435.1	lncRNA	ENSMUSG00000114033.1	lncRNA	one-to-one	GENCODE.v27vsM702
ENSG00000224048.5	lncRNA	ENSMUSG00000086349.1	lncRNA	one-to-one	GENCODE.v27vsM703
ENSG00000239569.3	lncRNA	ENSMUSG00000073147.3	lncRNA	one-to-many	GENCODE.v27vsM704
ENSG00000198221.8	lncRNA	ENSMUSG00000086292.1	lncRNA	one-to-many	GENCODE.v27vsM705
ENSG00000250392.2	lncRNA	ENSMUSG00000102679.1	lncRNA	one-to-many	GENCODE.v27vsM706
ENSG00000261013.1	lncRNA	ENSMUSG00000097520.2	lncRNA	one-to-many	GENCODE.v27vsM707
ENSG00000225683.5	lncRNA	ENSMUSG00000089633.1	lncRNA	one-to-one	GENCODE.v27vsM708
ENSG00000263257.1	lncRNA	ENSMUSG00000099411.1	lncRNA	one-to-one	GENCODE.v27vsM709
ENSG00000204620.3	lncRNA	ENSMUSG00000055188.12	lncRNA	one-to-one	GENCODE.v27vsM710
ENSG00000269929.1	lncRNA	ENSMUSG00000097375.2	lncRNA	one-to-many	GENCODE.v27vsM711
ENSG00000259675.1	lncRNA	ENSMUSG00000101345.1	lncRNA	one-to-one	GENCODE.v27vsM712
ENSG00000258584.1	lncRNA	ENSMUSG00000100789.6	lncRNA	one-to-one	GENCODE.v27vsM713
ENSG00000231721.6	lncRNA	ENSMUSG00000044471.11	lncRNA	one-to-one	GENCODE.v27vsM714
ENSG00000255399.3	lncRNA	ENSMUSG00000106795.1	lncRNA	one-to-one	GENCODE.v27vsM715
ENSG00000186235.10	lncRNA	ENSMUSG00000100253.1	lncRNA	one-to-one	GENCODE.v27vsM716
ENSG00000255323.5	lncRNA	ENSMUSG00000102124.1	lncRNA	one-to-one	GENCODE.v27vsM717
ENSG00000236464.1	lncRNA	ENSMUSG00000097962.7	lncRNA	one-to-one	GENCODE.v27vsM718
ENSG00000250042.1	lncRNA	ENSMUSG00000102378.1	lncRNA	one-to-one	GENCODE.v27vsM719
ENSG00000256982.1	lncRNA	ENSMUSG00000110523.1	lncRNA	one-to-one	GENCODE.v27vsM720
ENSG00000236507.1	lncRNA	ENSMUSG00000102173.1	lncRNA	one-to-one	GENCODE.v27vsM721
ENSG00000272477.1	lncRNA	ENSMUSG00000103216.1	lncRNA	one-to-one	GENCODE.v27vsM722
ENSG00000267296.2	lncRNA	ENSMUSG00000108624.1	lncRNA	one-to-one	GENCODE.v27vsM723
ENSG00000175061.17	lncRNA	ENSMUSG00000085170.1	lncRNA	many-to-many	GENCODE.v27vsM724
ENSG00000234912.11	lncRNA	ENSMUSG00000086859.3	lncRNA	many-to-many	GENCODE.v27vsM725
ENSG00000235020.4	lncRNA	ENSMUSG00000104106.1	lncRNA	one-to-many	GENCODE.v27vsM726
ENSG00000203875.10	lncRNA	ENSMUSG00000097195.9	lncRNA	many-to-many	GENCODE.v27vsM727
ENSG00000255300.5	lncRNA	ENSMUSG00000104258.1	lncRNA	one-to-one	GENCODE.v27vsM728
ENSG00000241990.5	lncRNA	ENSMUSG00000103674.1	lncRNA	one-to-one	GENCODE.v27vsM729
ENSG00000244268.1	lncRNA	ENSMUSG00000103473.1	lncRNA	one-to-many	GENCODE.v27vsM730
ENSG00000236703.1	lncRNA	ENSMUSG00000097923.1	lncRNA	one-to-one	GENCODE.v27vsM731
ENSG00000232849.1	lncRNA	ENSMUSG00000104296.1	lncRNA	one-to-one	GENCODE.v27vsM732
ENSG00000279181.1	lncRNA	ENSMUSG00000051844.13	lncRNA	one-to-one	GENCODE.v27vsM733
ENSG00000279086.1	lncRNA	ENSMUSG00000054556.6	lncRNA	one-to-many	GENCODE.v27vsM734
ENSG00000246263.2	lncRNA	ENSMUSG00000115249.1	lncRNA	one-to-one	GENCODE.v27vsM735
ENSG00000232046.6	lncRNA	ENSMUSG00000099449.1	lncRNA	one-to-one	GENCODE.v27vsM736
ENSG00000229925.1	lncRNA	ENSMUSG00000104172.1	lncRNA	one-to-one	GENCODE.v27vsM737
ENSG00000271811.1	lncRNA	ENSMUSG00000103195.1	lncRNA	one-to-one	GENCODE.v27vsM738
ENSG00000230186.3	lncRNA	ENSMUSG00000093656.1	lncRNA	one-to-many	GENCODE.v27vsM739
ENSG00000253301.5	lncRNA	ENSMUSG00000072723.10	lncRNA	many-to-many	GENCODE.v27vsM740
ENSG00000203441.2	lncRNA	ENSMUSG00000085615.2	lncRNA	one-to-many	GENCODE.v27vsM741
ENSG00000269821.1	lncRNA	ENSMUSG00000101609.1	lncRNA	one-to-one	GENCODE.v27vsM742
ENSG00000237298.9	lncRNA	ENSMUSG00000086354.2	lncRNA	one-to-one	GENCODE.v27vsM743
ENSG00000258725.1	lncRNA	ENSMUSG00000097912.1	lncRNA	many-to-many	GENCODE.v27vsM744
ENSG00000251022.6	lncRNA	ENSMUSG00000097772.7	lncRNA	one-to-many	GENCODE.v27vsM745
ENSG00000225497.5	lncRNA	ENSMUSG00000100100.1	lncRNA	one-to-one	GENCODE.v27vsM746
ENSG00000237021.2	lncRNA	ENSMUSG00000097274.2	lncRNA	one-to-many	GENCODE.v27vsM747
ENSG00000203875.10	lncRNA	ENSMUSG00000097073.7	lncRNA	many-to-many	GENCODE.v27vsM748
ENSG00000257582.5	lncRNA	ENSMUSG00000092250.1	lncRNA	one-to-one	GENCODE.v27vsM749
ENSG00000231364.2	lncRNA	ENSMUSG00000103302.1	lncRNA	one-to-many	GENCODE.v27vsM750
ENSG00000279152.1	lncRNA	ENSMUSG00000072809.2	lncRNA	one-to-one	GENCODE.v27vsM751
ENSG00000226903.1	lncRNA	ENSMUSG00000101899.1	lncRNA	one-to-one	GENCODE.v27vsM752
ENSG00000272849.1	lncRNA	ENSMUSG00000105881.1	lncRNA	many-to-many	GENCODE.v27vsM753
ENSG00000240990.9	lncRNA	ENSMUSG00000086427.8	lncRNA	many-to-many	GENCODE.v27vsM754
ENSG00000268403.2	lncRNA	ENSMUSG00000073867.2	lncRNA	one-to-half	GENCODE.v27vsM755
ENSG00000279400.1	lncRNA	ENSMUSG00000103047.1	lncRNA	one-to-one	GENCODE.v27vsM756
ENSG00000237036.4	lncRNA	ENSMUSG00000063087.14	lncRNA	one-to-many	GENCODE.v27vsM757
ENSG00000253641.5	lncRNA	ENSMUSG00000090785.1	lncRNA	one-to-many	GENCODE.v27vsM758
ENSG00000231616.8	lncRNA	ENSMUSG00000097399.7	lncRNA	one-to-many	GENCODE.v27vsM759
ENSG00000259439.2	lncRNA	ENSMUSG00000093460.9	lncRNA	one-to-many	GENCODE.v27vsM760
ENSG00000279771.1	lncRNA	ENSMUSG00000109844.2	lncRNA	one-to-many	GENCODE.v27vsM761
ENSG00000259203.1	lncRNA	ENSMUSG00000066477.13	lncRNA	many-to-many	GENCODE.v27vsM762
ENSG00000236144.6	lncRNA	ENSMUSG00000097320.8	lncRNA	one-to-one	GENCODE.v27vsM763
ENSG00000225605.2	lncRNA	ENSMUSG00000062046.1	lncRNA	one-to-one	GENCODE.v27vsM764
ENSG00000246223.8	lncRNA	ENSMUSG00000086319.1	lncRNA	one-to-one	GENCODE.v27vsM765
ENSG00000236653.2	lncRNA	ENSMUSG00000102491.1	lncRNA	one-to-one	GENCODE.v27vsM766
ENSG00000273213.1	lncRNA	ENSMUSG00000050936.5	lncRNA	many-to-many	GENCODE.v27vsM767
ENSG00000241295.1	lncRNA	ENSMUSG00000102967.1	lncRNA	one-to-one	GENCODE.v27vsM768
ENSG00000233093.5	lncRNA	ENSMUSG00000085808.1	lncRNA	one-to-one	GENCODE.v27vsM769
ENSG00000249082.2	lncRNA	ENSMUSG00000100096.1	lncRNA	many-to-many	GENCODE.v27vsM770
ENSG00000228649.8	lncRNA	ENSMUSG00000105987.4	lncRNA	one-to-many	GENCODE.v27vsM771
ENSG00000273080.1	lncRNA	ENSMUSG00000108466.1	lncRNA	one-to-one	GENCODE.v27vsM772
ENSG00000260231.1	lncRNA	ENSMUSG00000115026.1	lncRNA	one-to-one	GENCODE.v27vsM773
ENSG00000240476.1	lncRNA	ENSMUSG00000104456.1	lncRNA	one-to-one	GENCODE.v27vsM774
ENSG00000279774.1	lncRNA	ENSMUSG00000102432.1	lncRNA	one-to-one	GENCODE.v27vsM775
ENSG00000203999.8	lncRNA	ENSMUSG00000084797.1	lncRNA	one-to-many	GENCODE.v27vsM776
ENSG00000261189.1	lncRNA	ENSMUSG00000103789.1	lncRNA	one-to-one	GENCODE.v27vsM777
ENSG00000230937.11	lncRNA	ENSMUSG00000097850.2	lncRNA	many-to-many	GENCODE.v27vsM778
ENSG00000251442.5	lncRNA	ENSMUSG00000105257.1	lncRNA	one-to-one	GENCODE.v27vsM779
ENSG00000224152.1	lncRNA	ENSMUSG00000086603.1	lncRNA	one-to-one	GENCODE.v27vsM780
ENSG00000182057.4	lncRNA	ENSMUSG00000100199.1	lncRNA	one-to-many	GENCODE.v27vsM781
ENSG00000239587.1	lncRNA	ENSMUSG00000097063.3	lncRNA	one-to-many	GENCODE.v27vsM782
ENSG00000253390.1	lncRNA	ENSMUSG00000097511.1	lncRNA	one-to-half	GENCODE.v27vsM783
ENSG00000236299.7	lncRNA	ENSMUSG00000114270.1	lncRNA	many-to-many	GENCODE.v27vsM784
ENSG00000234753.5	lncRNA	ENSMUSG00000085932.1	lncRNA	one-to-one	GENCODE.v27vsM785
ENSG00000277559.1	lncRNA	ENSMUSG00000046413.14	lncRNA	one-to-many	GENCODE.v27vsM786
ENSG00000224349.2	lncRNA	ENSMUSG00000102398.1	lncRNA	one-to-half	GENCODE.v27vsM787
ENSG00000238057.8	lncRNA	ENSMUSG00000052248.15	lncRNA	many-to-many	GENCODE.v27vsM788
ENSG00000230563.2	lncRNA	ENSMUSG00000086379.7	lncRNA	one-to-many	GENCODE.v27vsM789
ENSG00000234807.5	lncRNA	ENSMUSG00000100189.1	lncRNA	one-to-many	GENCODE.v27vsM790
ENSG00000205054.6	lncRNA	ENSMUSG00000100345.1	lncRNA	one-to-one	GENCODE.v27vsM791
ENSG00000229847.8	lncRNA	ENSMUSG00000087095.2	lncRNA	one-to-one	GENCODE.v27vsM792
ENSG00000236502.1	lncRNA	ENSMUSG00000099635.1	lncRNA	one-to-one	GENCODE.v27vsM793
ENSG00000215241.3	lncRNA	ENSMUSG00000087168.1	lncRNA	one-to-half	GENCODE.v27vsM794
ENSG00000270069.1	lncRNA	ENSMUSG00000073274.4	lncRNA	one-to-many	GENCODE.v27vsM795
ENSG00000229797.1	lncRNA	ENSMUSG00000045815.4	lncRNA	one-to-one	GENCODE.v27vsM796
ENSG00000228630.5	lncRNA	ENSMUSG00000086903.4	lncRNA	one-to-one	GENCODE.v27vsM797
ENSG00000177340.5	lncRNA	ENSMUSG00000085355.2	lncRNA	one-to-one	GENCODE.v27vsM798
ENSG00000266010.1	lncRNA	ENSMUSG00000097222.1	lncRNA	one-to-one	GENCODE.v27vsM799
ENSG00000259450.1	lncRNA	ENSMUSG00000101394.1	lncRNA	one-to-one	GENCODE.v27vsM800
ENSG00000264515.5	lncRNA	ENSMUSG00000100600.6	lncRNA	one-to-many	GENCODE.v27vsM801
ENSG00000247081.7	lncRNA	ENSMUSG00000097875.2	lncRNA	one-to-one	GENCODE.v27vsM802
ENSG00000257741.5	lncRNA	ENSMUSG00000102934.1	lncRNA	one-to-one	GENCODE.v27vsM803
ENSG00000233930.3	lncRNA	ENSMUSG00000109958.1	lncRNA	one-to-one	GENCODE.v27vsM804
ENSG00000242808.7	lncRNA	ENSMUSG00000105265.4	lncRNA	many-to-many	GENCODE.v27vsM805
ENSG00000248668.2	lncRNA	ENSMUSG00000087221.3	lncRNA	one-to-one	GENCODE.v27vsM806
ENSG00000249588.1	lncRNA	ENSMUSG00000103437.1	lncRNA	one-to-one	GENCODE.v27vsM807
ENSG00000279142.1	lncRNA	ENSMUSG00000103830.1	lncRNA	one-to-one	GENCODE.v27vsM808
ENSG00000269303.1	lncRNA	ENSMUSG00000097149.1	lncRNA	one-to-one	GENCODE.v27vsM809
ENSG00000226087.1	lncRNA	ENSMUSG00000100847.1	lncRNA	one-to-one	GENCODE.v27vsM810
ENSG00000257060.6	lncRNA	ENSMUSG00000101843.1	lncRNA	one-to-one	GENCODE.v27vsM811
ENSG00000283217.1	lncRNA	ENSMUSG00000075020.6	lncRNA	one-to-many	GENCODE.v27vsM812
ENSG00000261513.1	lncRNA	ENSMUSG00000078143.3	lncRNA	one-to-one	GENCODE.v27vsM813
ENSG00000259279.1	lncRNA	ENSMUSG00000101859.1	lncRNA	one-to-one	GENCODE.v27vsM814
ENSG00000203709.11	lncRNA	ENSMUSG00000096929.7	lncRNA	many-to-many	GENCODE.v27vsM815
ENSG00000259974.2	lncRNA	ENSMUSG00000086141.7	lncRNA	one-to-many	GENCODE.v27vsM816
ENSG00000227098.1	lncRNA	ENSMUSG00000102473.1	lncRNA	one-to-one	GENCODE.v27vsM817
ENSG00000260032.1	lncRNA	ENSMUSG00000102869.2	lncRNA	many-to-many	GENCODE.v27vsM818
ENSG00000248300.1	lncRNA	ENSMUSG00000107070.1	lncRNA	one-to-one	GENCODE.v27vsM819
ENSG00000253320.5	lncRNA	ENSMUSG00000115546.1	lncRNA	one-to-one	GENCODE.v27vsM820
ENSG00000230506.1	lncRNA	ENSMUSG00000103066.1	lncRNA	one-to-one	GENCODE.v27vsM821
ENSG00000230943.1	lncRNA	ENSMUSG00000097742.1	lncRNA	one-to-one	GENCODE.v27vsM822
ENSG00000196756.11	lncRNA	ENSMUSG00000085385.7	lncRNA	many-to-many	GENCODE.v27vsM823
ENSG00000279204.1	lncRNA	ENSMUSG00000102563.1	lncRNA	one-to-many	GENCODE.v27vsM824
ENSG00000282897.1	lncRNA	ENSMUSG00000086139.1	lncRNA	one-to-one	GENCODE.v27vsM825
ENSG00000280870.2	lncRNA	ENSMUSG00000087620.7	lncRNA	one-to-one	GENCODE.v27vsM826
ENSG00000231889.7	lncRNA	ENSMUSG00000087177.7	lncRNA	many-to-many	GENCODE.v27vsM827
ENSG00000234132.2	lncRNA	ENSMUSG00000102717.1	lncRNA	one-to-one	GENCODE.v27vsM828
ENSG00000259275.2	lncRNA	ENSMUSG00000109097.1	lncRNA	one-to-one	GENCODE.v27vsM829
ENSG00000255427.1	lncRNA	ENSMUSG00000102686.1	lncRNA	one-to-one	GENCODE.v27vsM830
ENSG00000232606.1	lncRNA	ENSMUSG00000100135.1	lncRNA	one-to-one	GENCODE.v27vsM831
ENSG00000232648.3	lncRNA	ENSMUSG00000074357.3	lncRNA	one-to-one	GENCODE.v27vsM832
ENSG00000254010.1	lncRNA	ENSMUSG00000097493.3	lncRNA	one-to-many	GENCODE.v27vsM833
ENSG00000229307.1	lncRNA	ENSMUSG00000102164.1	lncRNA	one-to-one	GENCODE.v27vsM834
ENSG00000197989.13	lncRNA	ENSMUSG00000086290.8	lncRNA	many-to-many	GENCODE.v27vsM835
ENSG00000250195.1	lncRNA	ENSMUSG00000102067.1	lncRNA	one-to-one	GENCODE.v27vsM836
ENSG00000229891.1	lncRNA	ENSMUSG00000100552.1	lncRNA	one-to-one	GENCODE.v27vsM837
ENSG00000224189.6	lncRNA	ENSMUSG00000075277.4	lncRNA	one-to-one	GENCODE.v27vsM838
ENSG00000263146.2	lncRNA	ENSMUSG00000098720.1	lncRNA	one-to-one	GENCODE.v27vsM839
ENSG00000275966.1	lncRNA	ENSMUSG00000075389.3	lncRNA	one-to-one	GENCODE.v27vsM840
ENSG00000274292.1	lncRNA	ENSMUSG00000105881.1	lncRNA	one-to-many	GENCODE.v27vsM841
ENSG00000175061.17	lncRNA	ENSMUSG00000086841.1	lncRNA	many-to-many	GENCODE.v27vsM842
ENSG00000244198.5	lncRNA	ENSMUSG00000108190.1	lncRNA	one-to-many	GENCODE.v27vsM843
ENSG00000269893.6	lncRNA	ENSMUSG00000104960.1	lncRNA	many-to-many	GENCODE.v27vsM844
ENSG00000230798.5	lncRNA	ENSMUSG00000086096.1	lncRNA	one-to-one	GENCODE.v27vsM845
ENSG00000259203.1	lncRNA	ENSMUSG00000093662.2	lncRNA	many-to-many	GENCODE.v27vsM846
ENSG00000255458.5	lncRNA	ENSMUSG00000107195.1	lncRNA	one-to-one	GENCODE.v27vsM847
ENSG00000224666.3	lncRNA	ENSMUSG00000087693.1	lncRNA	one-to-one	GENCODE.v27vsM848
ENSG00000257477.1	lncRNA	ENSMUSG00000104327.1	lncRNA	one-to-one	GENCODE.v27vsM849
ENSG00000251136.8	lncRNA	ENSMUSG00000085112.1	lncRNA	one-to-many	GENCODE.v27vsM850
ENSG00000225056.1	lncRNA	ENSMUSG00000103559.1	lncRNA	one-to-one	GENCODE.v27vsM851
ENSG00000251543.1	lncRNA	ENSMUSG00000100416.1	lncRNA	one-to-one	GENCODE.v27vsM852
ENSG00000247809.7	lncRNA	ENSMUSG00000100005.7	lncRNA	many-to-many	GENCODE.v27vsM853
ENSG00000245384.1	lncRNA	ENSMUSG00000097911.2	lncRNA	one-to-many	GENCODE.v27vsM854
ENSG00000256597.2	lncRNA	ENSMUSG00000105490.1	lncRNA	one-to-one	GENCODE.v27vsM855
ENSG00000250635.1	lncRNA	ENSMUSG00000100320.1	lncRNA	one-to-one	GENCODE.v27vsM856
ENSG00000236914.3	lncRNA	ENSMUSG00000099470.1	lncRNA	one-to-one	GENCODE.v27vsM857
ENSG00000242349.5	lncRNA	ENSMUSG00000086806.1	lncRNA	many-to-many	GENCODE.v27vsM858
ENSG00000250616.2	lncRNA	ENSMUSG00000055323.5	lncRNA	one-to-many	GENCODE.v27vsM859
ENSG00000222041.10	lncRNA	ENSMUSG00000074813.13	lncRNA	one-to-many	GENCODE.v27vsM860
ENSG00000186594.14	lncRNA	ENSMUSG00000085148.1	lncRNA	many-to-many	GENCODE.v27vsM861
ENSG00000272849.1	lncRNA	ENSMUSG00000104156.2	lncRNA	many-to-many	GENCODE.v27vsM862
ENSG00000258444.1	lncRNA	ENSMUSG00000101680.1	lncRNA	one-to-one	GENCODE.v27vsM863
ENSG00000230013.1	lncRNA	ENSMUSG00000087192.7	lncRNA	one-to-one	GENCODE.v27vsM864
ENSG00000236094.1	lncRNA	ENSMUSG00000107271.3	lncRNA	many-to-many	GENCODE.v27vsM865
ENSG00000229989.3	lncRNA	ENSMUSG00000098243.3	lncRNA	one-to-many	GENCODE.v27vsM866
ENSG00000224286.5	lncRNA	ENSMUSG00000101869.1	lncRNA	one-to-one	GENCODE.v27vsM867
ENSG00000223749.9	lncRNA	ENSMUSG00000101603.1	lncRNA	many-to-many	GENCODE.v27vsM868
ENSG00000250686.2	lncRNA	ENSMUSG00000104433.1	lncRNA	many-to-many	GENCODE.v27vsM869
ENSG00000260769.1	lncRNA	ENSMUSG00000097248.9	lncRNA	one-to-many	GENCODE.v27vsM870
ENSG00000258982.1	lncRNA	ENSMUSG00000114045.1	lncRNA	one-to-one	GENCODE.v27vsM871
ENSG00000258107.1	lncRNA	ENSMUSG00000112353.1	lncRNA	one-to-one	GENCODE.v27vsM872
ENSG00000277268.1	lncRNA	ENSMUSG00000087211.7	lncRNA	one-to-one	GENCODE.v27vsM873
ENSG00000244040.5	lncRNA	ENSMUSG00000091272.2	lncRNA	many-to-many	GENCODE.v27vsM874
ENSG00000224645.1	lncRNA	ENSMUSG00000087660.1	lncRNA	one-to-one	GENCODE.v27vsM875
ENSG00000177337.7	lncRNA	ENSMUSG00000097282.1	lncRNA	one-to-one	GENCODE.v27vsM876
ENSG00000278768.1	lncRNA	ENSMUSG00000111128.1	lncRNA	one-to-many	GENCODE.v27vsM877
ENSG00000267774.2	lncRNA	ENSMUSG00000085055.1	lncRNA	one-to-one	GENCODE.v27vsM878
ENSG00000275888.1	lncRNA	ENSMUSG00000100629.1	lncRNA	one-to-one	GENCODE.v27vsM879
ENSG00000237741.1	lncRNA	ENSMUSG00000086676.2	lncRNA	one-to-one	GENCODE.v27vsM880
ENSG00000249664.1	lncRNA	ENSMUSG00000103228.1	lncRNA	one-to-one	GENCODE.v27vsM881
ENSG00000250379.1	lncRNA	ENSMUSG00000087458.1	lncRNA	one-to-one	GENCODE.v27vsM882
ENSG00000237753.1	lncRNA	ENSMUSG00000103532.1	lncRNA	one-to-many	GENCODE.v27vsM883
ENSG00000254964.1	lncRNA	ENSMUSG00000114220.1	lncRNA	one-to-one	GENCODE.v27vsM884
ENSG00000230424.1	lncRNA	ENSMUSG00000097731.1	lncRNA	one-to-half	GENCODE.v27vsM885
ENSG00000250819.1	lncRNA	ENSMUSG00000029092.9	lncRNA	one-to-half	GENCODE.v27vsM886
ENSG00000256742.1	lncRNA	ENSMUSG00000056735.5	lncRNA	one-to-one	GENCODE.v27vsM887
ENSG00000236753.5	lncRNA	ENSMUSG00000086212.7	lncRNA	one-to-one	GENCODE.v27vsM888
ENSG00000228956.8	lncRNA	ENSMUSG00000103753.1	lncRNA	one-to-many	GENCODE.v27vsM889
ENSG00000250900.6	lncRNA	ENSMUSG00000086245.1	lncRNA	one-to-many	GENCODE.v27vsM890
ENSG00000259673.5	lncRNA	ENSMUSG00000086539.8	lncRNA	one-to-one	GENCODE.v27vsM891
ENSG00000284618.1	lncRNA	ENSMUSG00000102869.2	lncRNA	one-to-many	GENCODE.v27vsM892
ENSG00000230967.2	lncRNA	ENSMUSG00000100417.1	lncRNA	one-to-one	GENCODE.v27vsM893
ENSG00000177410.12	lncRNA	ENSMUSG00000074578.13	lncRNA	many-to-many	GENCODE.v27vsM894
ENSG00000279082.3	lncRNA	ENSMUSG00000086509.2	lncRNA	many-to-many	GENCODE.v27vsM895
ENSG00000228372.7	lncRNA	ENSMUSG00000085114.1	lncRNA	one-to-many	GENCODE.v27vsM896
ENSG00000225541.1	lncRNA	ENSMUSG00000105926.1	lncRNA	one-to-many	GENCODE.v27vsM897
ENSG00000241684.5	lncRNA	ENSMUSG00000097462.7	lncRNA	one-to-one	GENCODE.v27vsM898
ENSG00000259245.1	lncRNA	ENSMUSG00000099802.1	lncRNA	one-to-one	GENCODE.v27vsM899
ENSG00000261455.1	lncRNA	ENSMUSG00000101856.1	lncRNA	one-to-one	GENCODE.v27vsM900
ENSG00000234883.5	lncRNA	ENSMUSG00000097418.7	lncRNA	many-to-many	GENCODE.v27vsM901
ENSG00000237737.5	lncRNA	ENSMUSG00000085782.2	lncRNA	one-to-one	GENCODE.v27vsM902
ENSG00000279529.1	lncRNA	ENSMUSG00000097000.2	lncRNA	one-to-many	GENCODE.v27vsM903
ENSG00000259543.1	lncRNA	ENSMUSG00000108861.1	lncRNA	one-to-one	GENCODE.v27vsM904
ENSG00000279748.1	lncRNA	ENSMUSG00000097000.2	lncRNA	one-to-many	GENCODE.v27vsM905
ENSG00000271938.1	lncRNA	ENSMUSG00000054822.5	lncRNA	one-to-many	GENCODE.v27vsM906
ENSG00000235954.6	lncRNA	ENSMUSG00000106374.1	lncRNA	many-to-many	GENCODE.v27vsM907
ENSG00000237361.2	lncRNA	ENSMUSG00000115092.1	lncRNA	one-to-one	GENCODE.v27vsM908
ENSG00000259237.1	lncRNA	ENSMUSG00000101526.1	lncRNA	one-to-one	GENCODE.v27vsM909
ENSG00000235280.2	lncRNA	ENSMUSG00000086770.1	lncRNA	one-to-one	GENCODE.v27vsM910
ENSG00000239454.1	lncRNA	ENSMUSG00000107579.1	lncRNA	one-to-one	GENCODE.v27vsM911
ENSG00000268333.1	lncRNA	ENSMUSG00000086537.7	lncRNA	one-to-many	GENCODE.v27vsM912
ENSG00000249328.2	lncRNA	ENSMUSG00000103256.1	lncRNA	one-to-one	GENCODE.v27vsM913
ENSG00000272282.1	lncRNA	ENSMUSG00000110692.1	lncRNA	one-to-one	GENCODE.v27vsM914
ENSG00000259362.2	lncRNA	ENSMUSG00000110821.1	lncRNA	one-to-one	GENCODE.v27vsM915
ENSG00000245293.2	lncRNA	ENSMUSG00000097761.1	lncRNA	one-to-one	GENCODE.v27vsM916
ENSG00000235531.9	lncRNA	ENSMUSG00000054493.2	lncRNA	one-to-one	GENCODE.v27vsM917
ENSG00000248646.1	lncRNA	ENSMUSG00000107301.1	lncRNA	one-to-one	GENCODE.v27vsM918
ENSG00000163364.9	lncRNA	ENSMUSG00000087333.1	lncRNA	one-to-one	GENCODE.v27vsM919
ENSG00000255198.4	lncRNA	ENSMUSG00000090101.1	lncRNA	many-to-many	GENCODE.v27vsM920
ENSG00000227036.6	lncRNA	ENSMUSG00000087259.7	lncRNA	one-to-many	GENCODE.v27vsM921
ENSG00000274536.6	lncRNA	ENSMUSG00000078122.4	lncRNA	many-to-many	GENCODE.v27vsM922
ENSG00000248429.5	lncRNA	ENSMUSG00000102191.1	lncRNA	many-to-many	GENCODE.v27vsM923
ENSG00000263050.1	lncRNA	ENSMUSG00000085609.1	lncRNA	one-to-one	GENCODE.v27vsM924
ENSG00000224027.1	lncRNA	ENSMUSG00000052848.7	lncRNA	one-to-one	GENCODE.v27vsM925
ENSG00000258294.5	lncRNA	ENSMUSG00000104006.1	lncRNA	one-to-one	GENCODE.v27vsM926
ENSG00000246662.6	lncRNA	ENSMUSG00000104211.1	lncRNA	one-to-many	GENCODE.v27vsM927
ENSG00000254519.3	lncRNA	ENSMUSG00000085293.2	lncRNA	one-to-one	GENCODE.v27vsM928
ENSG00000205611.4	lncRNA	ENSMUSG00000102297.1	lncRNA	one-to-many	GENCODE.v27vsM929
ENSG00000230623.4	lncRNA	ENSMUSG00000104509.1	lncRNA	one-to-many	GENCODE.v27vsM930
ENSG00000271860.6	lncRNA	ENSMUSG00000099150.1	lncRNA	one-to-many	GENCODE.v27vsM931
ENSG00000224729.5	lncRNA	ENSMUSG00000106617.1	lncRNA	one-to-one	GENCODE.v27vsM932
ENSG00000254060.1	lncRNA	ENSMUSG00000089794.1	lncRNA	one-to-one	GENCODE.v27vsM933
ENSG00000203601.3	lncRNA	ENSMUSG00000097281.2	lncRNA	one-to-one	GENCODE.v27vsM934
ENSG00000255525.1	lncRNA	ENSMUSG00000100156.1	lncRNA	one-to-one	GENCODE.v27vsM935
ENSG00000276232.1	lncRNA	ENSMUSG00000099587.1	lncRNA	many-to-many	GENCODE.v27vsM936
ENSG00000258663.1	lncRNA	ENSMUSG00000097698.1	lncRNA	one-to-one	GENCODE.v27vsM937
ENSG00000225206.8	lncRNA	ENSMUSG00000097311.7	lncRNA	many-to-many	GENCODE.v27vsM938
ENSG00000256637.6	lncRNA	ENSMUSG00000100832.1	lncRNA	one-to-one	GENCODE.v27vsM939
ENSG00000267519.5	lncRNA	ENSMUSG00000097296.1	lncRNA	many-to-many	GENCODE.v27vsM940
ENSG00000233175.2	lncRNA	ENSMUSG00000092371.1	lncRNA	one-to-one	GENCODE.v27vsM941
ENSG00000268518.1	lncRNA	ENSMUSG00000108322.1	lncRNA	one-to-one	GENCODE.v27vsM942
ENSG00000246316.7	lncRNA	ENSMUSG00000098284.7	lncRNA	one-to-one	GENCODE.v27vsM943
ENSG00000233922.2	lncRNA	ENSMUSG00000102522.1	lncRNA	one-to-one	GENCODE.v27vsM944
ENSG00000236030.1	lncRNA	ENSMUSG00000102309.1	lncRNA	one-to-one	GENCODE.v27vsM945
ENSG00000204091.7	lncRNA	ENSMUSG00000101012.6	lncRNA	one-to-one	GENCODE.v27vsM946
ENSG00000230316.6	lncRNA	ENSMUSG00000106775.1	lncRNA	one-to-one	GENCODE.v27vsM947
ENSG00000198221.8	lncRNA	ENSMUSG00000086465.1	lncRNA	one-to-many	GENCODE.v27vsM948
ENSG00000177640.15	lncRNA	ENSMUSG00000091378.1	lncRNA	one-to-one	GENCODE.v27vsM949
ENSG00000251191.7	lncRNA	ENSMUSG00000110015.1	lncRNA	one-to-one	GENCODE.v27vsM950
ENSG00000225765.1	lncRNA	ENSMUSG00000101919.1	lncRNA	one-to-one	GENCODE.v27vsM951
ENSG00000253641.5	lncRNA	ENSMUSG00000091686.1	lncRNA	one-to-many	GENCODE.v27vsM952
ENSG00000225619.1	lncRNA	ENSMUSG00000112390.1	lncRNA	one-to-one	GENCODE.v27vsM953
ENSG00000234535.1	lncRNA	ENSMUSG00000097321.5	lncRNA	one-to-one	GENCODE.v27vsM954
ENSG00000229425.2	lncRNA	ENSMUSG00000109333.1	lncRNA	many-to-many	GENCODE.v27vsM955
ENSG00000279196.1	lncRNA	ENSMUSG00000108402.1	lncRNA	one-to-one	GENCODE.v27vsM956
ENSG00000258066.1	lncRNA	ENSMUSG00000102410.1	lncRNA	one-to-one	GENCODE.v27vsM957
ENSG00000255406.1	lncRNA	ENSMUSG00000110836.1	lncRNA	one-to-one	GENCODE.v27vsM958
ENSG00000254106.1	lncRNA	ENSMUSG00000097367.1	lncRNA	one-to-half	GENCODE.v27vsM959
ENSG00000225689.1	lncRNA	ENSMUSG00000101233.1	lncRNA	one-to-one	GENCODE.v27vsM960
ENSG00000236432.7	lncRNA	ENSMUSG00000097564.2	lncRNA	one-to-one	GENCODE.v27vsM961
ENSG00000253181.1	lncRNA	ENSMUSG00000109603.1	lncRNA	one-to-one	GENCODE.v27vsM962
ENSG00000215196.4	lncRNA	ENSMUSG00000056089.6	lncRNA	one-to-many	GENCODE.v27vsM963
ENSG00000227544.8	lncRNA	ENSMUSG00000100002.2	lncRNA	one-to-many	GENCODE.v27vsM964
ENSG00000249618.5	lncRNA	ENSMUSG00000103426.1	lncRNA	one-to-one	GENCODE.v27vsM965
ENSG00000267280.5	lncRNA	ENSMUSG00000087013.7	lncRNA	one-to-one	GENCODE.v27vsM966
ENSG00000244513.6	lncRNA	ENSMUSG00000107502.1	lncRNA	one-to-one	GENCODE.v27vsM967
ENSG00000203706.8	lncRNA	ENSMUSG00000089812.2	lncRNA	one-to-one	GENCODE.v27vsM968
ENSG00000251613.3	lncRNA	ENSMUSG00000114414.1	lncRNA	one-to-one	GENCODE.v27vsM969
ENSG00000233895.1	lncRNA	ENSMUSG00000087594.1	lncRNA	one-to-one	GENCODE.v27vsM970
ENSG00000205334.2	lncRNA	ENSMUSG00000107355.1	lncRNA	one-to-many	GENCODE.v27vsM971
ENSG00000236387.1	lncRNA	ENSMUSG00000086831.1	lncRNA	one-to-one	GENCODE.v27vsM972
ENSG00000224596.7	lncRNA	ENSMUSG00000087535.2	lncRNA	one-to-one	GENCODE.v27vsM973
ENSG00000245910.8	lncRNA	ENSMUSG00000098234.7	lncRNA	many-to-many	GENCODE.v27vsM974
ENSG00000259834.1	lncRNA	ENSMUSG00000056145.5	lncRNA	one-to-one	GENCODE.v27vsM975
ENSG00000172965.14	lncRNA	ENSMUSG00000074813.13	lncRNA	one-to-many	GENCODE.v27vsM976
ENSG00000249252.5	lncRNA	ENSMUSG00000085720.8	lncRNA	one-to-many	GENCODE.v27vsM977
ENSG00000232139.5	lncRNA	ENSMUSG00000099678.1	lncRNA	one-to-one	GENCODE.v27vsM978
ENSG00000250748.6	lncRNA	ENSMUSG00000103017.1	lncRNA	one-to-one	GENCODE.v27vsM979
ENSG00000257541.1	lncRNA	ENSMUSG00000112832.1	lncRNA	one-to-one	GENCODE.v27vsM980
ENSG00000238184.1	lncRNA	ENSMUSG00000059277.12	lncRNA	one-to-one	GENCODE.v27vsM981
ENSG00000261441.1	lncRNA	ENSMUSG00000108599.1	lncRNA	one-to-one	GENCODE.v27vsM982
ENSG00000249688.1	lncRNA	ENSMUSG00000103130.1	lncRNA	one-to-one	GENCODE.v27vsM983
ENSG00000270362.1	lncRNA	ENSMUSG00000101144.2	lncRNA	one-to-one	GENCODE.v27vsM984
ENSG00000238197.5	lncRNA	ENSMUSG00000087354.1	lncRNA	one-to-one	GENCODE.v27vsM985
ENSG00000237877.6	lncRNA	ENSMUSG00000102082.1	lncRNA	one-to-one	GENCODE.v27vsM986
ENSG00000214970.8	lncRNA	ENSMUSG00000087410.7	lncRNA	one-to-many	GENCODE.v27vsM987
ENSG00000234456.7	lncRNA	ENSMUSG00000097626.5	lncRNA	one-to-one	GENCODE.v27vsM988
ENSG00000254350.1	lncRNA	ENSMUSG00000104099.1	lncRNA	one-to-one	GENCODE.v27vsM989
ENSG00000206573.8	lncRNA	ENSMUSG00000086429.9	lncRNA	one-to-one	GENCODE.v27vsM990
ENSG00000236107.7	lncRNA	ENSMUSG00000087301.7	lncRNA	one-to-one	GENCODE.v27vsM991
ENSG00000231090.1	lncRNA	ENSMUSG00000104192.1	lncRNA	one-to-one	GENCODE.v27vsM992
ENSG00000284523.1	lncRNA	ENSMUSG00000097652.2	lncRNA	one-to-many	GENCODE.v27vsM993
ENSG00000247011.2	lncRNA	ENSMUSG00000086003.7	lncRNA	one-to-one	GENCODE.v27vsM994
ENSG00000237461.1	lncRNA	ENSMUSG00000102450.1	lncRNA	one-to-one	GENCODE.v27vsM995
ENSG00000278576.1	lncRNA	ENSMUSG00000113196.1	lncRNA	many-to-many	GENCODE.v27vsM996
ENSG00000235056.1	lncRNA	ENSMUSG00000104067.1	lncRNA	one-to-one	GENCODE.v27vsM997
ENSG00000229122.1	lncRNA	ENSMUSG00000107201.1	lncRNA	one-to-one	GENCODE.v27vsM998
ENSG00000248323.5	lncRNA	ENSMUSG00000114554.1	lncRNA	one-to-one	GENCODE.v27vsM999
ENSG00000248511.1	lncRNA	ENSMUSG00000108242.1	lncRNA	one-to-one	GENCODE.v27vsM1000
ENSG00000254165.1	lncRNA	ENSMUSG00000097042.2	lncRNA	one-to-many	GENCODE.v27vsM1001
ENSG00000231933.7	lncRNA	ENSMUSG00000098230.7	lncRNA	one-to-one	GENCODE.v27vsM1002
ENSG00000236740.6	lncRNA	ENSMUSG00000099170.1	lncRNA	one-to-many	GENCODE.v27vsM1003
ENSG00000205181.5	lncRNA	ENSMUSG00000086379.7	lncRNA	one-to-many	GENCODE.v27vsM1004
ENSG00000259241.1	lncRNA	ENSMUSG00000102176.1	lncRNA	one-to-one	GENCODE.v27vsM1005
ENSG00000250222.1	lncRNA	ENSMUSG00000086245.1	lncRNA	one-to-many	GENCODE.v27vsM1006
ENSG00000280734.2	lncRNA	ENSMUSG00000085615.2	lncRNA	one-to-many	GENCODE.v27vsM1007
ENSG00000234352.9	lncRNA	ENSMUSG00000073154.10	lncRNA	one-to-one	GENCODE.v27vsM1008
ENSG00000244302.1	lncRNA	ENSMUSG00000087625.1	lncRNA	one-to-one	GENCODE.v27vsM1009
ENSG00000256717.1	lncRNA	ENSMUSG00000111669.1	lncRNA	many-to-many	GENCODE.v27vsM1010
ENSG00000284623.1	lncRNA	ENSMUSG00000073759.6	lncRNA	one-to-one	GENCODE.v27vsM1011
ENSG00000253985.1	lncRNA	ENSMUSG00000103296.1	lncRNA	one-to-many	GENCODE.v27vsM1012
ENSG00000245532.7	lncRNA	ENSMUSG00000092274.2	lncRNA	many-to-many	GENCODE.v27vsM1013
ENSG00000272070.1	lncRNA	ENSMUSG00000073590.3	lncRNA	one-to-one	GENCODE.v27vsM1014
ENSG00000272691.1	lncRNA	ENSMUSG00000097183.2	lncRNA	one-to-many	GENCODE.v27vsM1015
ENSG00000226149.5	lncRNA	ENSMUSG00000112751.1	lncRNA	one-to-one	GENCODE.v27vsM1016
ENSG00000248550.3	lncRNA	ENSMUSG00000098682.8	lncRNA	one-to-one	GENCODE.v27vsM1017
ENSG00000265702.1	lncRNA	ENSMUSG00000086487.1	lncRNA	one-to-one	GENCODE.v27vsM1018
ENSG00000245067.6	lncRNA	ENSMUSG00000106985.1	lncRNA	one-to-one	GENCODE.v27vsM1019
ENSG00000257746.1	lncRNA	ENSMUSG00000112771.1	lncRNA	one-to-one	GENCODE.v27vsM1020
ENSG00000249697.1	lncRNA	ENSMUSG00000104438.1	lncRNA	one-to-one	GENCODE.v27vsM1021
ENSG00000231691.1	lncRNA	ENSMUSG00000101693.1	lncRNA	one-to-one	GENCODE.v27vsM1022
ENSG00000283053.1	lncRNA	ENSMUSG00000094707.1	lncRNA	one-to-one	GENCODE.v27vsM1023
ENSG00000278709.1	lncRNA	ENSMUSG00000087600.1	lncRNA	one-to-one	GENCODE.v27vsM1024
ENSG00000225127.2	lncRNA	ENSMUSG00000087618.1	lncRNA	one-to-one	GENCODE.v27vsM1025
ENSG00000224959.1	lncRNA	ENSMUSG00000074813.13	lncRNA	one-to-many	GENCODE.v27vsM1026
ENSG00000203875.10	lncRNA	ENSMUSG00000074039.10	lncRNA	many-to-many	GENCODE.v27vsM1027
ENSG00000215196.4	lncRNA	ENSMUSG00000115729.1	lncRNA	one-to-many	GENCODE.v27vsM1028
ENSG00000225953.2	lncRNA	ENSMUSG00000087022.4	lncRNA	one-to-one	GENCODE.v27vsM1029
ENSG00000283117.1	lncRNA	ENSMUSG00000097554.1	lncRNA	one-to-half	GENCODE.v27vsM1030
ENSG00000233452.6	lncRNA	ENSMUSG00000109160.1	lncRNA	one-to-many	GENCODE.v27vsM1031
ENSG00000214691.7	lncRNA	ENSMUSG00000100154.1	lncRNA	one-to-one	GENCODE.v27vsM1032
ENSG00000279518.1	lncRNA	ENSMUSG00000104324.1	lncRNA	one-to-many	GENCODE.v27vsM1033
ENSG00000251301.6	lncRNA	ENSMUSG00000102896.1	lncRNA	one-to-one	GENCODE.v27vsM1034
ENSG00000234758.1	lncRNA	ENSMUSG00000085888.7	lncRNA	one-to-one	GENCODE.v27vsM1035
ENSG00000258297.1	lncRNA	ENSMUSG00000103651.1	lncRNA	one-to-many	GENCODE.v27vsM1036
ENSG00000264859.5	lncRNA	ENSMUSG00000085595.1	lncRNA	one-to-one	GENCODE.v27vsM1037
ENSG00000254369.6	lncRNA	ENSMUSG00000085696.8	lncRNA	one-to-one	GENCODE.v27vsM1038
ENSG00000233290.1	lncRNA	ENSMUSG00000103566.1	lncRNA	one-to-one	GENCODE.v27vsM1039
ENSG00000283422.1	lncRNA	ENSMUSG00000110647.2	lncRNA	one-to-one	GENCODE.v27vsM1040
ENSG00000244128.5	lncRNA	ENSMUSG00000103428.1	lncRNA	one-to-one	GENCODE.v27vsM1041
ENSG00000226051.6	lncRNA	ENSMUSG00000104232.1	lncRNA	one-to-one	GENCODE.v27vsM1042
ENSG00000237187.8	lncRNA	ENSMUSG00000114632.1	lncRNA	one-to-many	GENCODE.v27vsM1043
ENSG00000273214.1	lncRNA	ENSMUSG00000075555.11	lncRNA	one-to-many	GENCODE.v27vsM1044
ENSG00000254873.1	lncRNA	ENSMUSG00000111082.1	lncRNA	one-to-one	GENCODE.v27vsM1045
ENSG00000266601.1	lncRNA	ENSMUSG00000078700.10	lncRNA	one-to-many	GENCODE.v27vsM1046
ENSG00000228421.2	lncRNA	ENSMUSG00000108255.1	lncRNA	one-to-one	GENCODE.v27vsM1047
ENSG00000248317.1	lncRNA	ENSMUSG00000103684.1	lncRNA	one-to-one	GENCODE.v27vsM1048
ENSG00000253405.1	lncRNA	ENSMUSG00000086126.1	lncRNA	one-to-many	GENCODE.v27vsM1049
ENSG00000271122.1	lncRNA	ENSMUSG00000100002.2	lncRNA	one-to-many	GENCODE.v27vsM1050
ENSG00000276407.4	lncRNA	ENSMUSG00000097184.1	lncRNA	one-to-one	GENCODE.v27vsM1051
ENSG00000259130.1	lncRNA	ENSMUSG00000115724.1	lncRNA	one-to-half	GENCODE.v27vsM1052
ENSG00000255647.3	lncRNA	ENSMUSG00000097793.1	lncRNA	one-to-one	GENCODE.v27vsM1053
ENSG00000215386.11	lncRNA	ENSMUSG00000090386.9	lncRNA	one-to-one	GENCODE.v27vsM1054
ENSG00000283096.1	lncRNA	ENSMUSG00000089887.2	lncRNA	one-to-many	GENCODE.v27vsM1055
ENSG00000226808.1	lncRNA	ENSMUSG00000107785.1	lncRNA	one-to-one	GENCODE.v27vsM1056
ENSG00000229956.10	lncRNA	ENSMUSG00000105834.1	lncRNA	one-to-one	GENCODE.v27vsM1057
ENSG00000251574.6	lncRNA	ENSMUSG00000101606.1	lncRNA	one-to-one	GENCODE.v27vsM1058
ENSG00000238005.2	lncRNA	ENSMUSG00000110697.1	lncRNA	one-to-many	GENCODE.v27vsM1059
ENSG00000275441.1	lncRNA	ENSMUSG00000066175.2	lncRNA	one-to-one	GENCODE.v27vsM1060
ENSG00000263843.1	lncRNA	ENSMUSG00000097020.1	lncRNA	one-to-one	GENCODE.v27vsM1061
ENSG00000249100.1	lncRNA	ENSMUSG00000102793.1	lncRNA	one-to-one	GENCODE.v27vsM1062
ENSG00000226717.2	lncRNA	ENSMUSG00000092492.1	lncRNA	one-to-one	GENCODE.v27vsM1063
ENSG00000234917.2	lncRNA	ENSMUSG00000102819.1	lncRNA	one-to-one	GENCODE.v27vsM1064
ENSG00000272476.1	lncRNA	ENSMUSG00000097008.1	lncRNA	one-to-one	GENCODE.v27vsM1065
ENSG00000228140.1	lncRNA	ENSMUSG00000100396.1	lncRNA	one-to-half	GENCODE.v27vsM1066
ENSG00000230749.4	lncRNA	ENSMUSG00000087507.1	lncRNA	one-to-one	GENCODE.v27vsM1067
ENSG00000271882.1	lncRNA	ENSMUSG00000097259.2	lncRNA	one-to-one	GENCODE.v27vsM1068
ENSG00000272768.1	lncRNA	ENSMUSG00000086839.7	lncRNA	one-to-one	GENCODE.v27vsM1069
ENSG00000258498.8	lncRNA	ENSMUSG00000113581.1	lncRNA	many-to-many	GENCODE.v27vsM1070
ENSG00000226530.1	lncRNA	ENSMUSG00000097342.1	lncRNA	one-to-one	GENCODE.v27vsM1071
ENSG00000238276.5	lncRNA	ENSMUSG00000053117.10	lncRNA	one-to-one	GENCODE.v27vsM1072
ENSG00000240240.8	lncRNA	ENSMUSG00000109113.1	lncRNA	many-to-many	GENCODE.v27vsM1073
ENSG00000234390.4	lncRNA	ENSMUSG00000087252.1	lncRNA	one-to-one	GENCODE.v27vsM1074
ENSG00000227407.1	lncRNA	ENSMUSG00000085886.1	lncRNA	one-to-one	GENCODE.v27vsM1075
ENSG00000273328.5	lncRNA	ENSMUSG00000111465.1	lncRNA	many-to-many	GENCODE.v27vsM1076
ENSG00000231057.3	lncRNA	ENSMUSG00000102840.1	lncRNA	one-to-one	GENCODE.v27vsM1077
ENSG00000272562.1	lncRNA	ENSMUSG00000073485.3	lncRNA	one-to-one	GENCODE.v27vsM1078
ENSG00000250988.7	lncRNA	ENSMUSG00000097277.7	lncRNA	one-to-many	GENCODE.v27vsM1079
ENSG00000233508.2	lncRNA	ENSMUSG00000054457.5	lncRNA	one-to-one	GENCODE.v27vsM1080
ENSG00000277283.1	lncRNA	ENSMUSG00000107121.1	lncRNA	one-to-one	GENCODE.v27vsM1081
ENSG00000228048.1	lncRNA	ENSMUSG00000102584.1	lncRNA	one-to-one	GENCODE.v27vsM1082
ENSG00000231606.1	lncRNA	ENSMUSG00000103678.1	lncRNA	one-to-one	GENCODE.v27vsM1083
ENSG00000231183.3	lncRNA	ENSMUSG00000103302.1	lncRNA	one-to-many	GENCODE.v27vsM1084
ENSG00000280739.2	lncRNA	ENSMUSG00000111828.1	lncRNA	one-to-half	GENCODE.v27vsM1085
ENSG00000249352.4	lncRNA	ENSMUSG00000104450.1	lncRNA	one-to-one	GENCODE.v27vsM1086
ENSG00000260277.1	lncRNA	ENSMUSG00000108830.1	lncRNA	one-to-one	GENCODE.v27vsM1087
ENSG00000271409.1	lncRNA	ENSMUSG00000093573.1	lncRNA	one-to-one	GENCODE.v27vsM1088
ENSG00000250938.5	lncRNA	ENSMUSG00000107479.1	lncRNA	one-to-one	GENCODE.v27vsM1089
ENSG00000250592.1	lncRNA	ENSMUSG00000099373.1	lncRNA	one-to-many	GENCODE.v27vsM1090
ENSG00000228412.7	lncRNA	ENSMUSG00000047324.5	lncRNA	one-to-many	GENCODE.v27vsM1091
ENSG00000260679.1	lncRNA	ENSMUSG00000109009.1	lncRNA	one-to-one	GENCODE.v27vsM1092
ENSG00000234781.2	lncRNA	ENSMUSG00000100180.1	lncRNA	one-to-one	GENCODE.v27vsM1093
ENSG00000283010.1	lncRNA	ENSMUSG00000107859.1	lncRNA	one-to-one	GENCODE.v27vsM1094
ENSG00000237271.1	lncRNA	ENSMUSG00000100893.1	lncRNA	one-to-one	GENCODE.v27vsM1095
ENSG00000206028.1	lncRNA	ENSMUSG00000097986.2	lncRNA	one-to-one	GENCODE.v27vsM1096
ENSG00000236208.1	lncRNA	ENSMUSG00000101086.2	lncRNA	one-to-one	GENCODE.v27vsM1097
ENSG00000271983.1	lncRNA	ENSMUSG00000097016.2	lncRNA	one-to-one	GENCODE.v27vsM1098
ENSG00000227640.2	lncRNA	ENSMUSG00000090534.1	lncRNA	one-to-one	GENCODE.v27vsM1099
ENSG00000237380.6	lncRNA	ENSMUSG00000100209.1	lncRNA	one-to-many	GENCODE.v27vsM1100
ENSG00000237187.8	lncRNA	ENSMUSG00000087143.9	lncRNA	one-to-many	GENCODE.v27vsM1101
ENSG00000280890.1	lncRNA	ENSMUSG00000087060.7	lncRNA	one-to-many	GENCODE.v27vsM1102
ENSG00000258455.1	lncRNA	ENSMUSG00000115145.1	lncRNA	one-to-one	GENCODE.v27vsM1103
ENSG00000253361.1	lncRNA	ENSMUSG00000110017.1	lncRNA	one-to-many	GENCODE.v27vsM1104
ENSG00000247092.6	lncRNA	ENSMUSG00000113722.1	lncRNA	one-to-one	GENCODE.v27vsM1105
ENSG00000232539.1	lncRNA	ENSMUSG00000102958.1	lncRNA	one-to-one	GENCODE.v27vsM1106
ENSG00000232412.1	lncRNA	ENSMUSG00000104042.1	lncRNA	one-to-one	GENCODE.v27vsM1107
ENSG00000238033.1	lncRNA	ENSMUSG00000105926.1	lncRNA	one-to-many	GENCODE.v27vsM1108
ENSG00000243629.1	lncRNA	ENSMUSG00000103440.1	lncRNA	one-to-one	GENCODE.v27vsM1109
ENSG00000279900.1	lncRNA	ENSMUSG00000074024.5	lncRNA	one-to-many	GENCODE.v27vsM1110
ENSG00000258842.1	lncRNA	ENSMUSG00000100192.1	lncRNA	one-to-one	GENCODE.v27vsM1111
ENSG00000253557.5	lncRNA	ENSMUSG00000097609.1	lncRNA	many-to-many	GENCODE.v27vsM1112
ENSG00000232021.6	lncRNA	ENSMUSG00000106086.1	lncRNA	one-to-one	GENCODE.v27vsM1113
ENSG00000224897.6	lncRNA	ENSMUSG00000106799.1	lncRNA	one-to-half	GENCODE.v27vsM1114
ENSG00000283175.1	lncRNA	ENSMUSG00000109783.1	lncRNA	many-to-many	GENCODE.v27vsM1115
ENSG00000238123.1	lncRNA	ENSMUSG00000097444.1	lncRNA	one-to-one	GENCODE.v27vsM1116
ENSG00000230303.5	lncRNA	ENSMUSG00000097399.7	lncRNA	one-to-many	GENCODE.v27vsM1117
ENSG00000235770.5	lncRNA	ENSMUSG00000102689.1	lncRNA	one-to-many	GENCODE.v27vsM1118
ENSG00000225938.1	lncRNA	ENSMUSG00000052769.7	lncRNA	one-to-one	GENCODE.v27vsM1119
ENSG00000245694.9	lncRNA	ENSMUSG00000031736.11	lncRNA	one-to-many	GENCODE.v27vsM1120
ENSG00000259912.1	lncRNA	ENSMUSG00000098534.1	lncRNA	one-to-one	GENCODE.v27vsM1121
ENSG00000259895.1	lncRNA	ENSMUSG00000085185.9	lncRNA	one-to-many	GENCODE.v27vsM1122
ENSG00000233360.4	lncRNA	ENSMUSG00000084864.1	lncRNA	one-to-one	GENCODE.v27vsM1123
ENSG00000249404.1	lncRNA	ENSMUSG00000102810.1	lncRNA	one-to-one	GENCODE.v27vsM1124
ENSG00000260417.1	lncRNA	ENSMUSG00000097983.1	lncRNA	one-to-one	GENCODE.v27vsM1125
ENSG00000229533.1	lncRNA	ENSMUSG00000114082.1	lncRNA	one-to-one	GENCODE.v27vsM1126
ENSG00000130600.17	lncRNA	ENSMUSG00000000031.16	lncRNA	many-to-many	GENCODE.v27vsM1127
ENSG00000186960.10	lncRNA	ENSMUSG00000104861.1	lncRNA	many-to-many	GENCODE.v27vsM1128
ENSG00000255384.1	lncRNA	ENSMUSG00000110773.1	lncRNA	one-to-one	GENCODE.v27vsM1129
ENSG00000259589.2	lncRNA	ENSMUSG00000100130.1	lncRNA	one-to-one	GENCODE.v27vsM1130
ENSG00000258399.7	lncRNA	ENSMUSG00000097451.10	lncRNA	many-to-many	GENCODE.v27vsM1131
ENSG00000255733.5	lncRNA	ENSMUSG00000112230.1	lncRNA	one-to-one	GENCODE.v27vsM1132
ENSG00000271857.1	lncRNA	ENSMUSG00000073394.4	lncRNA	one-to-one	GENCODE.v27vsM1133
ENSG00000196167.9	lncRNA	ENSMUSG00000044694.2	lncRNA	one-to-one	GENCODE.v27vsM1134
ENSG00000249859.9	lncRNA	ENSMUSG00000097039.8	lncRNA	many-to-many	GENCODE.v27vsM1135
ENSG00000259088.1	lncRNA	ENSMUSG00000113585.1	lncRNA	one-to-many	GENCODE.v27vsM1136
ENSG00000205930.8	lncRNA	ENSMUSG00000085398.1	lncRNA	one-to-one	GENCODE.v27vsM1137
ENSG00000253230.8	lncRNA	ENSMUSG00000097545.7	lncRNA	many-to-many	GENCODE.v27vsM1138
ENSG00000253837.1	lncRNA	ENSMUSG00000098975.7	lncRNA	many-to-many	GENCODE.v27vsM1139
ENSG00000230525.5	lncRNA	ENSMUSG00000102178.1	lncRNA	one-to-one	GENCODE.v27vsM1140
ENSG00000278957.1	lncRNA	ENSMUSG00000093460.9	lncRNA	one-to-many	GENCODE.v27vsM1141
ENSG00000226889.3	lncRNA	ENSMUSG00000053925.4	lncRNA	one-to-one	GENCODE.v27vsM1142
ENSG00000269386.5	lncRNA	ENSMUSG00000090952.2	lncRNA	one-to-one	GENCODE.v27vsM1143
ENSG00000233101.10	lncRNA	ENSMUSG00000084844.3	lncRNA	many-to-many	GENCODE.v27vsM1144
ENSG00000272356.1	lncRNA	ENSMUSG00000096924.1	lncRNA	one-to-half	GENCODE.v27vsM1145
ENSG00000272944.1	lncRNA	ENSMUSG00000101849.1	lncRNA	one-to-one	GENCODE.v27vsM1146
ENSG00000229537.6	lncRNA	ENSMUSG00000103097.1	lncRNA	one-to-one	GENCODE.v27vsM1147
ENSG00000264990.1	lncRNA	ENSMUSG00000084996.1	lncRNA	one-to-one	GENCODE.v27vsM1148
ENSG00000225675.2	lncRNA	ENSMUSG00000087200.1	lncRNA	one-to-one	GENCODE.v27vsM1149
ENSG00000255507.5	lncRNA	ENSMUSG00000109468.1	lncRNA	one-to-one	GENCODE.v27vsM1150
ENSG00000250742.2	lncRNA	ENSMUSG00000099758.1	lncRNA	one-to-one	GENCODE.v27vsM1151
ENSG00000248724.6	lncRNA	ENSMUSG00000099722.3	lncRNA	one-to-one	GENCODE.v27vsM1152
ENSG00000272969.1	lncRNA	ENSMUSG00000098449.1	lncRNA	one-to-one	GENCODE.v27vsM1153
ENSG00000237945.7	lncRNA	ENSMUSG00000087190.1	lncRNA	one-to-one	GENCODE.v27vsM1154
ENSG00000283183.1	lncRNA	ENSMUSG00000072769.6	lncRNA	one-to-one	GENCODE.v27vsM1155
ENSG00000278901.1	lncRNA	ENSMUSG00000073594.3	lncRNA	one-to-many	GENCODE.v27vsM1156
ENSG00000257084.1	lncRNA	ENSMUSG00000087327.1	lncRNA	many-to-many	GENCODE.v27vsM1157
ENSG00000258647.5	lncRNA	ENSMUSG00000108448.2	lncRNA	one-to-one	GENCODE.v27vsM1158
ENSG00000224127.1	lncRNA	ENSMUSG00000093738.2	lncRNA	one-to-many	GENCODE.v27vsM1159
ENSG00000271774.1	lncRNA	ENSMUSG00000096972.7	lncRNA	one-to-one	GENCODE.v27vsM1160
ENSG00000284656.1	lncRNA	ENSMUSG00000102869.2	lncRNA	one-to-many	GENCODE.v27vsM1161
ENSG00000258489.3	lncRNA	ENSMUSG00000100664.1	lncRNA	one-to-one	GENCODE.v27vsM1162
ENSG00000273002.1	lncRNA	ENSMUSG00000093390.1	lncRNA	one-to-one	GENCODE.v27vsM1163
ENSG00000243960.1	lncRNA	ENSMUSG00000105852.4	lncRNA	many-to-many	GENCODE.v27vsM1164
ENSG00000249306.5	lncRNA	ENSMUSG00000113599.1	lncRNA	one-to-half	GENCODE.v27vsM1165
ENSG00000251248.1	lncRNA	ENSMUSG00000090732.1	lncRNA	one-to-one	GENCODE.v27vsM1166
ENSG00000267577.1	lncRNA	ENSMUSG00000085725.2	lncRNA	one-to-one	GENCODE.v27vsM1167
ENSG00000281473.1	lncRNA	ENSMUSG00000102458.1	lncRNA	many-to-many	GENCODE.v27vsM1168
ENSG00000261407.1	lncRNA	ENSMUSG00000108387.1	lncRNA	one-to-one	GENCODE.v27vsM1169
ENSG00000245385.2	lncRNA	ENSMUSG00000111632.1	lncRNA	one-to-one	GENCODE.v27vsM1170
ENSG00000225963.7	lncRNA	ENSMUSG00000090246.1	lncRNA	many-to-many	GENCODE.v27vsM1171
ENSG00000228113.7	lncRNA	ENSMUSG00000086528.1	lncRNA	one-to-half	GENCODE.v27vsM1172
ENSG00000229807.10	lncRNA	ENSMUSG00000086503.3	lncRNA	many-to-many	GENCODE.v27vsM1173
ENSG00000230084.5	lncRNA	ENSMUSG00000097820.3	lncRNA	one-to-one	GENCODE.v27vsM1174
ENSG00000223891.5	lncRNA	ENSMUSG00000099632.1	lncRNA	one-to-one	GENCODE.v27vsM1175
ENSG00000166917.10	lncRNA	ENSMUSG00000085354.1	lncRNA	many-to-many	GENCODE.v27vsM1176
ENSG00000260360.1	lncRNA	ENSMUSG00000102833.1	lncRNA	one-to-one	GENCODE.v27vsM1177
ENSG00000225791.6	lncRNA	ENSMUSG00000099971.1	lncRNA	one-to-one	GENCODE.v27vsM1178
ENSG00000279271.1	lncRNA	ENSMUSG00000097474.1	lncRNA	one-to-one	GENCODE.v27vsM1179
ENSG00000214548.14	lncRNA	ENSMUSG00000021268.17	lncRNA	many-to-many	GENCODE.v27vsM1180
ENSG00000229989.3	lncRNA	ENSMUSG00000102142.1	lncRNA	one-to-many	GENCODE.v27vsM1181
ENSG00000248932.5	lncRNA	ENSMUSG00000051074.4	lncRNA	one-to-one	GENCODE.v27vsM1182
ENSG00000272168.6	lncRNA	ENSMUSG00000113216.1	lncRNA	one-to-many	GENCODE.v27vsM1183
ENSG00000245556.2	lncRNA	ENSMUSG00000113494.1	lncRNA	one-to-one	GENCODE.v27vsM1184
ENSG00000203605.3	lncRNA	ENSMUSG00000103575.1	lncRNA	one-to-one	GENCODE.v27vsM1185
ENSG00000260805.2	lncRNA	ENSMUSG00000073478.6	lncRNA	one-to-one	GENCODE.v27vsM1186
ENSG00000258407.1	lncRNA	ENSMUSG00000112510.1	lncRNA	one-to-one	GENCODE.v27vsM1187
ENSG00000245275.7	lncRNA	ENSMUSG00000087165.7	lncRNA	one-to-one	GENCODE.v27vsM1188
ENSG00000260942.1	lncRNA	ENSMUSG00000100632.1	lncRNA	one-to-one	GENCODE.v27vsM1189
ENSG00000258636.1	lncRNA	ENSMUSG00000113429.1	lncRNA	one-to-one	GENCODE.v27vsM1190
ENSG00000242808.7	lncRNA	ENSMUSG00000104901.1	lncRNA	many-to-many	GENCODE.v27vsM1191
ENSG00000272478.1	lncRNA	ENSMUSG00000048603.8	lncRNA	one-to-many	GENCODE.v27vsM1192
ENSG00000231119.2	lncRNA	ENSMUSG00000086820.1	lncRNA	one-to-one	GENCODE.v27vsM1193
ENSG00000226620.7	lncRNA	ENSMUSG00000099890.2	lncRNA	one-to-one	GENCODE.v27vsM1194
ENSG00000260807.6	lncRNA	ENSMUSG00000091475.2	lncRNA	one-to-many	GENCODE.v27vsM1195
ENSG00000226200.6	lncRNA	ENSMUSG00000097787.1	lncRNA	one-to-one	GENCODE.v27vsM1196
ENSG00000230630.4	lncRNA	ENSMUSG00000078190.6	lncRNA	many-to-many	GENCODE.v27vsM1197
ENSG00000203999.8	lncRNA	ENSMUSG00000087624.1	lncRNA	one-to-many	GENCODE.v27vsM1198
ENSG00000254485.5	lncRNA	ENSMUSG00000107455.1	lncRNA	one-to-many	GENCODE.v27vsM1199
ENSG00000233642.1	lncRNA	ENSMUSG00000085680.1	lncRNA	one-to-one	GENCODE.v27vsM1200
ENSG00000257359.1	lncRNA	ENSMUSG00000097368.2	lncRNA	one-to-one	GENCODE.v27vsM1201
ENSG00000259343.6	lncRNA	ENSMUSG00000094841.2	lncRNA	many-to-many	GENCODE.v27vsM1202
ENSG00000237149.5	lncRNA	ENSMUSG00000103160.1	lncRNA	one-to-many	GENCODE.v27vsM1203
ENSG00000254135.2	lncRNA	ENSMUSG00000103248.1	lncRNA	one-to-one	GENCODE.v27vsM1204
ENSG00000157306.14	lncRNA	ENSMUSG00000093452.4	lncRNA	many-to-many	GENCODE.v27vsM1205
ENSG00000221817.9	lncRNA	ENSMUSG00000084925.8	lncRNA	one-to-one	GENCODE.v27vsM1206
ENSG00000235659.1	lncRNA	ENSMUSG00000102297.1	lncRNA	one-to-many	GENCODE.v27vsM1207
ENSG00000231607.10	lncRNA	ENSMUSG00000097589.9	lncRNA	many-to-many	GENCODE.v27vsM1208
ENSG00000270141.3	lncRNA	ENSMUSG00000102505.1	lncRNA	many-to-many	GENCODE.v27vsM1209
ENSG00000239715.1	lncRNA	ENSMUSG00000103298.1	lncRNA	one-to-one	GENCODE.v27vsM1210
ENSG00000233611.3	lncRNA	ENSMUSG00000092627.2	lncRNA	one-to-one	GENCODE.v27vsM1211
ENSG00000231312.6	lncRNA	ENSMUSG00000112121.1	lncRNA	one-to-many	GENCODE.v27vsM1212
ENSG00000269956.1	lncRNA	ENSMUSG00000100081.1	lncRNA	one-to-many	GENCODE.v27vsM1213
ENSG00000277767.1	lncRNA	ENSMUSG00000109810.1	lncRNA	one-to-one	GENCODE.v27vsM1214
ENSG00000244479.7	lncRNA	ENSMUSG00000108190.1	lncRNA	one-to-many	GENCODE.v27vsM1215
ENSG00000250447.5	lncRNA	ENSMUSG00000104314.1	lncRNA	one-to-one	GENCODE.v27vsM1216
ENSG00000247137.8	lncRNA	ENSMUSG00000103887.1	lncRNA	one-to-one	GENCODE.v27vsM1217
ENSG00000234625.1	lncRNA	ENSMUSG00000103140.1	lncRNA	one-to-one	GENCODE.v27vsM1218
ENSG00000237380.6	lncRNA	ENSMUSG00000052371.5	lncRNA	one-to-many	GENCODE.v27vsM1219
ENSG00000260278.1	lncRNA	ENSMUSG00000105006.1	lncRNA	one-to-one	GENCODE.v27vsM1220
ENSG00000226702.1	lncRNA	ENSMUSG00000084966.1	lncRNA	one-to-one	GENCODE.v27vsM1221
ENSG00000177822.7	lncRNA	ENSMUSG00000100706.6	lncRNA	one-to-one	GENCODE.v27vsM1222
ENSG00000239462.1	lncRNA	ENSMUSG00000086827.1	lncRNA	one-to-one	GENCODE.v27vsM1223
ENSG00000261008.6	lncRNA	ENSMUSG00000097393.8	lncRNA	one-to-one	GENCODE.v27vsM1224
ENSG00000278916.1	lncRNA	ENSMUSG00000097164.2	lncRNA	one-to-one	GENCODE.v27vsM1225
ENSG00000223855.1	lncRNA	ENSMUSG00000075585.3	lncRNA	one-to-one	GENCODE.v27vsM1226
ENSG00000231046.1	lncRNA	ENSMUSG00000097890.2	lncRNA	one-to-one	GENCODE.v27vsM1227
ENSG00000233220.3	lncRNA	ENSMUSG00000111246.1	lncRNA	one-to-one	GENCODE.v27vsM1228
ENSG00000238217.5	lncRNA	ENSMUSG00000099945.1	lncRNA	one-to-one	GENCODE.v27vsM1229
ENSG00000273129.1	lncRNA	ENSMUSG00000097028.2	lncRNA	one-to-one	GENCODE.v27vsM1230
ENSG00000228750.6	lncRNA	ENSMUSG00000104142.1	lncRNA	one-to-one	GENCODE.v27vsM1231
ENSG00000235142.7	lncRNA	ENSMUSG00000075184.3	lncRNA	one-to-many	GENCODE.v27vsM1232
ENSG00000231969.1	lncRNA	ENSMUSG00000085862.2	lncRNA	one-to-one	GENCODE.v27vsM1233
ENSG00000248455.5	lncRNA	ENSMUSG00000103315.1	lncRNA	one-to-one	GENCODE.v27vsM1234
ENSG00000234663.5	lncRNA	ENSMUSG00000102286.1	lncRNA	one-to-one	GENCODE.v27vsM1235
ENSG00000197322.3	lncRNA	ENSMUSG00000113710.1	lncRNA	one-to-one	GENCODE.v27vsM1236
ENSG00000265359.1	lncRNA	ENSMUSG00000084890.1	lncRNA	one-to-one	GENCODE.v27vsM1237
ENSG00000256268.1	lncRNA	ENSMUSG00000103213.1	lncRNA	one-to-one	GENCODE.v27vsM1238
ENSG00000234688.1	lncRNA	ENSMUSG00000092375.1	lncRNA	one-to-one	GENCODE.v27vsM1239
ENSG00000266248.1	lncRNA	ENSMUSG00000100600.6	lncRNA	one-to-many	GENCODE.v27vsM1240
ENSG00000262098.1	lncRNA	ENSMUSG00000085207.1	lncRNA	one-to-many	GENCODE.v27vsM1241
ENSG00000257913.2	lncRNA	ENSMUSG00000097414.1	lncRNA	one-to-one	GENCODE.v27vsM1242
ENSG00000261211.1	lncRNA	ENSMUSG00000114791.1	lncRNA	one-to-one	GENCODE.v27vsM1243
ENSG00000253661.1	lncRNA	ENSMUSG00000086224.8	lncRNA	one-to-one	GENCODE.v27vsM1244
ENSG00000229249.6	lncRNA	ENSMUSG00000104311.1	lncRNA	one-to-one	GENCODE.v27vsM1245
ENSG00000237457.6	lncRNA	ENSMUSG00000099964.6	lncRNA	one-to-one	GENCODE.v27vsM1246
ENSG00000233593.8	lncRNA	ENSMUSG00000098302.1	lncRNA	many-to-many	GENCODE.v27vsM1247
ENSG00000259293.1	lncRNA	ENSMUSG00000111631.1	lncRNA	one-to-one	GENCODE.v27vsM1248
ENSG00000224235.1	lncRNA	ENSMUSG00000103816.1	lncRNA	one-to-many	GENCODE.v27vsM1249
ENSG00000249519.1	lncRNA	ENSMUSG00000099640.1	lncRNA	one-to-one	GENCODE.v27vsM1250
ENSG00000259436.1	lncRNA	ENSMUSG00000074274.7	lncRNA	one-to-one	GENCODE.v27vsM1251
ENSG00000225084.1	lncRNA	ENSMUSG00000101295.1	lncRNA	one-to-one	GENCODE.v27vsM1252
ENSG00000258476.5	lncRNA	ENSMUSG00000100138.1	lncRNA	one-to-many	GENCODE.v27vsM1253
ENSG00000223403.3	lncRNA	ENSMUSG00000097391.8	lncRNA	many-to-many	GENCODE.v27vsM1254
ENSG00000249364.5	lncRNA	ENSMUSG00000102542.1	lncRNA	one-to-one	GENCODE.v27vsM1255
ENSG00000258676.4	lncRNA	ENSMUSG00000108548.1	lncRNA	one-to-many	GENCODE.v27vsM1256
ENSG00000260604.2	lncRNA	ENSMUSG00000113484.1	lncRNA	one-to-many	GENCODE.v27vsM1257
ENSG00000283849.1	lncRNA	ENSMUSG00000111639.1	lncRNA	one-to-one	GENCODE.v27vsM1258
ENSG00000205592.13	lncRNA	ENSMUSG00000044021.14	lncRNA	many-to-many	GENCODE.v27vsM1259
ENSG00000225386.1	lncRNA	ENSMUSG00000097547.8	lncRNA	one-to-one	GENCODE.v27vsM1260
ENSG00000226426.1	lncRNA	ENSMUSG00000101338.1	lncRNA	one-to-one	GENCODE.v27vsM1261
ENSG00000231485.1	lncRNA	ENSMUSG00000086782.2	lncRNA	many-to-many	GENCODE.v27vsM1262
ENSG00000232685.4	lncRNA	ENSMUSG00000085292.1	lncRNA	one-to-many	GENCODE.v27vsM1263
ENSG00000254526.1	lncRNA	ENSMUSG00000086758.1	lncRNA	one-to-many	GENCODE.v27vsM1264
ENSG00000230074.1	lncRNA	ENSMUSG00000085730.7	lncRNA	one-to-many	GENCODE.v27vsM1265
ENSG00000266473.1	lncRNA	ENSMUSG00000059706.4	lncRNA	many-to-many	GENCODE.v27vsM1266
ENSG00000260807.6	lncRNA	ENSMUSG00000091475.2	lncRNA	many-to-many	GENCODE.v27vsM1267
ENSG00000258561.1	lncRNA	ENSMUSG00000112302.1	lncRNA	one-to-many	GENCODE.v27vsM1268
ENSG00000273214.1	lncRNA	ENSMUSG00000075555.11	lncRNA	many-to-many	GENCODE.v27vsM1269
ENSG00000229697.2	lncRNA	ENSMUSG00000101356.1	lncRNA	many-to-many	GENCODE.v27vsM1270
ENSG00000233593.8	lncRNA	ENSMUSG00000099061.1	lncRNA	one-to-many	GENCODE.v27vsM1271
ENSG00000239219.2	lncRNA	ENSMUSG00000097786.3	lncRNA	one-to-many	GENCODE.v27vsM1272
ENSG00000279645.1	lncRNA	ENSMUSG00000100005.7	lncRNA	many-to-many	GENCODE.v27vsM1273
ENSG00000225039.1	lncRNA	ENSMUSG00000085971.4	lncRNA	one-to-half	GENCODE.v27vsM1274
ENSG00000237125.8	lncRNA	ENSMUSG00000100510.7	lncRNA	many-to-many	GENCODE.v27vsM1275
ENSG00000272440.1	lncRNA	ENSMUSG00000103703.2	lncRNA	one-to-half	GENCODE.v27vsM1276
ENSG00000237819.5	lncRNA	ENSMUSG00000097709.8	lncRNA	many-to-many	GENCODE.v27vsM1277
ENSG00000212694.8	lncRNA	ENSMUSG00000090086.7	lncRNA	many-to-many	GENCODE.v27vsM1278
ENSG00000260604.2	lncRNA	ENSMUSG00000113484.1	lncRNA	many-to-many	GENCODE.v27vsM1279
ENSG00000245384.1	lncRNA	ENSMUSG00000097911.2	lncRNA	many-to-many	GENCODE.v27vsM1280
ENSG00000241881.1	lncRNA	ENSMUSG00000101629.1	lncRNA	one-to-many	GENCODE.v27vsM1281
ENSG00000250392.2	lncRNA	ENSMUSG00000102679.1	lncRNA	many-to-many	GENCODE.v27vsM1282
ENSG00000253837.1	lncRNA	ENSMUSG00000098975.7	lncRNA	one-to-many	GENCODE.v27vsM1283
ENSG00000249082.2	lncRNA	ENSMUSG00000100096.1	lncRNA	one-to-many	GENCODE.v27vsM1284
ENSG00000254721.1	lncRNA	ENSMUSG00000073778.2	lncRNA	one-to-half	GENCODE.v27vsM1285
ENSG00000250432.5	lncRNA	ENSMUSG00000101356.1	lncRNA	many-to-many	GENCODE.v27vsM1286
ENSG00000274292.1	lncRNA	ENSMUSG00000105881.1	lncRNA	many-to-many	GENCODE.v27vsM1287
ENSG00000256654.3	lncRNA	ENSMUSG00000110390.1	lncRNA	one-to-many	GENCODE.v27vsM1288
ENSG00000277135.1	lncRNA	ENSMUSG00000109028.1	lncRNA	many-to-many	GENCODE.v27vsM1289
ENSG00000254485.5	lncRNA	ENSMUSG00000107455.1	lncRNA	many-to-many	GENCODE.v27vsM1290
ENSG00000233030.2	lncRNA	ENSMUSG00000050936.5	lncRNA	many-to-many	GENCODE.v27vsM1291
ENSG00000175061.17	lncRNA	ENSMUSG00000085170.1	lncRNA	one-to-many	GENCODE.v27vsM1292
ENSG00000272478.1	lncRNA	ENSMUSG00000048603.8	lncRNA	many-to-many	GENCODE.v27vsM1293
ENSG00000259203.1	lncRNA	ENSMUSG00000066477.13	lncRNA	one-to-many	GENCODE.v27vsM1294
ENSG00000242349.5	lncRNA	ENSMUSG00000086806.1	lncRNA	one-to-many	GENCODE.v27vsM1295
ENSG00000236778.7	lncRNA	ENSMUSG00000097775.1	lncRNA	one-to-many	GENCODE.v27vsM1296
ENSG00000231951.1	lncRNA	ENSMUSG00000113688.1	lncRNA	one-to-many	GENCODE.v27vsM1297
ENSG00000244479.7	lncRNA	ENSMUSG00000108190.1	lncRNA	many-to-many	GENCODE.v27vsM1298
ENSG00000237021.2	lncRNA	ENSMUSG00000097274.2	lncRNA	many-to-many	GENCODE.v27vsM1299
ENSG00000267321.2	lncRNA	ENSMUSG00000093483.1	lncRNA	one-to-many	GENCODE.v27vsM1300
ENSG00000271913.5	lncRNA	ENSMUSG00000090069.2	lncRNA	one-to-many	GENCODE.v27vsM1301
ENSG00000270087.5	lncRNA	ENSMUSG00000114352.1	lncRNA	one-to-many	GENCODE.v27vsM1302
ENSG00000279771.1	lncRNA	ENSMUSG00000109844.2	lncRNA	many-to-many	GENCODE.v27vsM1303
ENSG00000230490.2	lncRNA	ENSMUSG00000054622.4	lncRNA	one-to-many	GENCODE.v27vsM1304
ENSG00000258197.1	lncRNA	ENSMUSG00000086509.2	lncRNA	many-to-many	GENCODE.v27vsM1305
ENSG00000228372.7	lncRNA	ENSMUSG00000085114.1	lncRNA	many-to-many	GENCODE.v27vsM1306
ENSG00000213468.5	lncRNA	ENSMUSG00000085396.7	lncRNA	one-to-many	GENCODE.v27vsM1307
ENSG00000260032.1	lncRNA	ENSMUSG00000104222.1	lncRNA	one-to-many	GENCODE.v27vsM1308
ENSG00000260260.1	lncRNA	ENSMUSG00000093565.1	lncRNA	many-to-many	GENCODE.v27vsM1309
ENSG00000242797.3	lncRNA	ENSMUSG00000086296.2	lncRNA	many-to-many	GENCODE.v27vsM1310
ENSG00000275620.1	lncRNA	ENSMUSG00000087293.1	lncRNA	one-to-half	GENCODE.v27vsM1311
ENSG00000258725.1	lncRNA	ENSMUSG00000097912.1	lncRNA	one-to-many	GENCODE.v27vsM1312
ENSG00000261386.2	lncRNA	ENSMUSG00000098120.1	lncRNA	one-to-many	GENCODE.v27vsM1313
ENSG00000227502.2	lncRNA	ENSMUSG00000103299.1	lncRNA	one-to-many	GENCODE.v27vsM1314
ENSG00000229425.2	lncRNA	ENSMUSG00000109333.1	lncRNA	one-to-many	GENCODE.v27vsM1315
ENSG00000257599.2	lncRNA	ENSMUSG00000102869.2	lncRNA	many-to-many	GENCODE.v27vsM1316
ENSG00000222031.1	lncRNA	ENSMUSG00000085014.1	lncRNA	one-to-many	GENCODE.v27vsM1317
ENSG00000278576.1	lncRNA	ENSMUSG00000113196.1	lncRNA	one-to-many	GENCODE.v27vsM1318
ENSG00000242808.7	lncRNA	ENSMUSG00000104901.1	lncRNA	one-to-many	GENCODE.v27vsM1319
ENSG00000259974.2	lncRNA	ENSMUSG00000086141.7	lncRNA	many-to-many	GENCODE.v27vsM1320
ENSG00000266900.1	lncRNA	ENSMUSG00000104044.1	lncRNA	many-to-many	GENCODE.v27vsM1321
ENSG00000224186.8	lncRNA	ENSMUSG00000114493.1	lncRNA	one-to-many	GENCODE.v27vsM1322
ENSG00000257084.1	lncRNA	ENSMUSG00000087327.1	lncRNA	one-to-many	GENCODE.v27vsM1323
ENSG00000280890.1	lncRNA	ENSMUSG00000087060.7	lncRNA	many-to-many	GENCODE.v27vsM1324
ENSG00000269929.1	lncRNA	ENSMUSG00000097375.2	lncRNA	many-to-many	GENCODE.v27vsM1325
ENSG00000245322.6	lncRNA	ENSMUSG00000105676.1	lncRNA	one-to-many	GENCODE.v27vsM1326
ENSG00000281460.1	lncRNA	ENSMUSG00000085046.1	lncRNA	one-to-many	GENCODE.v27vsM1327
ENSG00000225963.7	lncRNA	ENSMUSG00000090246.1	lncRNA	one-to-many	GENCODE.v27vsM1328
ENSG00000233101.10	lncRNA	ENSMUSG00000085645.1	lncRNA	one-to-many	GENCODE.v27vsM1329
ENSG00000231110.1	lncRNA	ENSMUSG00000106013.4	lncRNA	one-to-many	GENCODE.v27vsM1330
ENSG00000272525.1	lncRNA	ENSMUSG00000048603.8	lncRNA	many-to-many	GENCODE.v27vsM1331
ENSG00000259343.6	lncRNA	ENSMUSG00000094841.2	lncRNA	one-to-many	GENCODE.v27vsM1332
ENSG00000257595.2	lncRNA	ENSMUSG00000104719.1	lncRNA	one-to-many	GENCODE.v27vsM1333
ENSG00000257235.1	lncRNA	ENSMUSG00000101133.1	lncRNA	many-to-many	GENCODE.v27vsM1334
ENSG00000233029.3	lncRNA	ENSMUSG00000050936.5	lncRNA	many-to-many	GENCODE.v27vsM1335
ENSG00000282793.1	lncRNA	ENSMUSG00000100094.1	lncRNA	one-to-many	GENCODE.v27vsM1336
ENSG00000273270.1	lncRNA	ENSMUSG00000099681.1	lncRNA	one-to-many	GENCODE.v27vsM1337
ENSG00000278893.1	lncRNA	ENSMUSG00000110084.1	lncRNA	one-to-many	GENCODE.v27vsM1338
ENSG00000251273.2	lncRNA	ENSMUSG00000102869.2	lncRNA	many-to-many	GENCODE.v27vsM1339
ENSG00000284618.1	lncRNA	ENSMUSG00000102869.2	lncRNA	many-to-many	GENCODE.v27vsM1340
ENSG00000229327.1	lncRNA	ENSMUSG00000101320.1	lncRNA	many-to-many	GENCODE.v27vsM1341
ENSG00000259088.1	lncRNA	ENSMUSG00000113585.1	lncRNA	many-to-many	GENCODE.v27vsM1342
ENSG00000257621.7	lncRNA	ENSMUSG00000085622.9	lncRNA	many-to-many	GENCODE.v27vsM1343
ENSG00000272691.1	lncRNA	ENSMUSG00000097183.2	lncRNA	many-to-many	GENCODE.v27vsM1344
ENSG00000254165.1	lncRNA	ENSMUSG00000097042.2	lncRNA	many-to-many	GENCODE.v27vsM1345
ENSG00000249236.1	lncRNA	ENSMUSG00000114869.1	lncRNA	one-to-half	GENCODE.v27vsM1346
ENSG00000275445.1	lncRNA	ENSMUSG00000097343.2	lncRNA	one-to-half	GENCODE.v27vsM1347
ENSG00000258272.1	lncRNA	ENSMUSG00000111013.1	lncRNA	one-to-half	GENCODE.v27vsM1348
ENSG00000265206.5	lncRNA	ENSMUSG00000084796.1	lncRNA	one-to-many	GENCODE.v27vsM1349
ENSG00000264112.1	lncRNA	ENSMUSG00000087373.7	lncRNA	many-to-many	GENCODE.v27vsM1350
ENSG00000249669.9	lncRNA	ENSMUSG00000097324.8	lncRNA	one-to-many	GENCODE.v27vsM1351
ENSG00000258297.1	lncRNA	ENSMUSG00000103651.1	lncRNA	many-to-many	GENCODE.v27vsM1352
ENSG00000250686.2	lncRNA	ENSMUSG00000104433.1	lncRNA	one-to-many	GENCODE.v27vsM1353
ENSG00000236094.1	lncRNA	ENSMUSG00000107271.3	lncRNA	one-to-many	GENCODE.v27vsM1354
ENSG00000231690.2	lncRNA	ENSMUSG00000100536.1	lncRNA	one-to-many	GENCODE.v27vsM1355
ENSG00000255198.4	lncRNA	ENSMUSG00000090101.1	lncRNA	one-to-many	GENCODE.v27vsM1356
ENSG00000256717.1	lncRNA	ENSMUSG00000111669.1	lncRNA	one-to-many	GENCODE.v27vsM1357
ENSG00000228741.2	lncRNA	ENSMUSG00000101797.1	lncRNA	many-to-many	GENCODE.v27vsM1358
ENSG00000272763.1	lncRNA	ENSMUSG00000078706.4	lncRNA	many-to-many	GENCODE.v27vsM1359
ENSG00000272888.5	lncRNA	ENSMUSG00000101970.6	lncRNA	many-to-many	GENCODE.v27vsM1360
ENSG00000276292.1	lncRNA	ENSMUSG00000098292.1	lncRNA	one-to-many	GENCODE.v27vsM1361
ENSG00000231889.7	lncRNA	ENSMUSG00000087177.7	lncRNA	one-to-many	GENCODE.v27vsM1362
ENSG00000256654.3	lncRNA	ENSMUSG00000102771.1	lncRNA	one-to-many	GENCODE.v27vsM1363
ENSG00000260464.1	lncRNA	ENSMUSG00000057359.7	lncRNA	many-to-many	GENCODE.v27vsM1364
ENSG00000235358.1	lncRNA	ENSMUSG00000114792.1	lncRNA	one-to-many	GENCODE.v27vsM1365
ENSG00000250988.7	lncRNA	ENSMUSG00000097277.7	lncRNA	many-to-many	GENCODE.v27vsM1366
ENSG00000229839.6	lncRNA	ENSMUSG00000114688.1	lncRNA	one-to-many	GENCODE.v27vsM1367
ENSG00000259349.1	lncRNA	ENSMUSG00000085628.4	lncRNA	one-to-half	GENCODE.v27vsM1368
ENSG00000255248.7	lncRNA	ENSMUSG00000111158.1	lncRNA	one-to-many	GENCODE.v27vsM1369
ENSG00000222043.2	lncRNA	ENSMUSG00000087222.1	lncRNA	one-to-many	GENCODE.v27vsM1370
ENSG00000214900.9	lncRNA	ENSMUSG00000113035.1	lncRNA	one-to-many	GENCODE.v27vsM1371
ENSG00000224739.2	lncRNA	ENSMUSG00000103015.1	lncRNA	one-to-many	GENCODE.v27vsM1372
ENSG00000218537.1	lncRNA	ENSMUSG00000090023.1	lncRNA	one-to-many	GENCODE.v27vsM1373
ENSG00000228060.1	lncRNA	ENSMUSG00000097913.1	lncRNA	one-to-many	GENCODE.v27vsM1374
ENSG00000273920.1	lncRNA	ENSMUSG00000087088.2	lncRNA	many-to-many	GENCODE.v27vsM1375
ENSG00000251652.1	lncRNA	ENSMUSG00000103580.1	lncRNA	one-to-half	GENCODE.v27vsM1376
ENSG00000224078.13	lncRNA	ENSMUSG00000109536.1	lncRNA	one-to-many	GENCODE.v27vsM1377
ENSG00000204684.3	lncRNA	ENSMUSG00000086141.7	lncRNA	many-to-many	GENCODE.v27vsM1378
ENSG00000236740.6	lncRNA	ENSMUSG00000099170.1	lncRNA	many-to-many	GENCODE.v27vsM1379
ENSG00000265142.8	lncRNA	ENSMUSG00000095438.1	lncRNA	one-to-many	GENCODE.v27vsM1380
ENSG00000226816.3	lncRNA	ENSMUSG00000102869.2	lncRNA	many-to-many	GENCODE.v27vsM1381
ENSG00000284612.1	lncRNA	ENSMUSG00000102869.2	lncRNA	many-to-many	GENCODE.v27vsM1382
ENSG00000228526.6	lncRNA	ENSMUSG00000086665.1	lncRNA	one-to-many	GENCODE.v27vsM1383
ENSG00000270195.1	lncRNA	ENSMUSG00000106834.1	lncRNA	one-to-half	GENCODE.v27vsM1384
ENSG00000236263.1	lncRNA	ENSMUSG00000105692.1	lncRNA	many-to-many	GENCODE.v27vsM1385
ENSG00000259515.1	lncRNA	ENSMUSG00000097381.2	lncRNA	many-to-many	GENCODE.v27vsM1386
ENSG00000198468.7	lncRNA	ENSMUSG00000097845.2	lncRNA	one-to-half	GENCODE.v27vsM1387
ENSG00000273313.1	lncRNA	ENSMUSG00000104529.4	lncRNA	many-to-many	GENCODE.v27vsM1388
ENSG00000258908.1	lncRNA	ENSMUSG00000103730.1	lncRNA	one-to-many	GENCODE.v27vsM1389
ENSG00000253557.5	lncRNA	ENSMUSG00000097609.1	lncRNA	one-to-many	GENCODE.v27vsM1390
ENSG00000228223.3	lncRNA	ENSMUSG00000102869.2	lncRNA	many-to-many	GENCODE.v27vsM1391
ENSG00000282057.1	lncRNA	ENSMUSG00000097183.2	lncRNA	many-to-many	GENCODE.v27vsM1392
ENSG00000279344.1	lncRNA	ENSMUSG00000109727.1	lncRNA	one-to-many	GENCODE.v27vsM1393
ENSG00000231154.1	lncRNA	ENSMUSG00000087368.7	lncRNA	many-to-many	GENCODE.v27vsM1394
ENSG00000272849.1	lncRNA	ENSMUSG00000104156.2	lncRNA	one-to-many	GENCODE.v27vsM1395
ENSG00000186960.10	lncRNA	ENSMUSG00000104861.1	lncRNA	one-to-many	GENCODE.v27vsM1396
ENSG00000203875.10	lncRNA	ENSMUSG00000074039.10	lncRNA	one-to-many	GENCODE.v27vsM1397
ENSG00000280291.1	lncRNA	ENSMUSG00000100005.7	lncRNA	many-to-many	GENCODE.v27vsM1398
ENSG00000235661.3	lncRNA	ENSMUSG00000075020.6	lncRNA	many-to-many	GENCODE.v27vsM1399
ENSG00000244198.5	lncRNA	ENSMUSG00000108190.1	lncRNA	many-to-many	GENCODE.v27vsM1400
ENSG00000251022.6	lncRNA	ENSMUSG00000097772.7	lncRNA	many-to-many	GENCODE.v27vsM1401
ENSG00000283217.1	lncRNA	ENSMUSG00000075020.6	lncRNA	many-to-many	GENCODE.v27vsM1402
ENSG00000248356.1	lncRNA	ENSMUSG00000114168.1	lncRNA	one-to-many	GENCODE.v27vsM1403
ENSG00000223749.9	lncRNA	ENSMUSG00000101603.1	lncRNA	one-to-many	GENCODE.v27vsM1404
ENSG00000256152.2	lncRNA	ENSMUSG00000102725.2	lncRNA	one-to-many	GENCODE.v27vsM1405
ENSG00000175061.17	lncRNA	ENSMUSG00000086841.1	lncRNA	one-to-many	GENCODE.v27vsM1406
ENSG00000231248.2	lncRNA	ENSMUSG00000101356.1	lncRNA	many-to-many	GENCODE.v27vsM1407
ENSG00000280213.1	lncRNA	ENSMUSG00000010492.10	lncRNA	one-to-half	GENCODE.v27vsM1408
ENSG00000267519.5	lncRNA	ENSMUSG00000097296.1	lncRNA	one-to-many	GENCODE.v27vsM1409
ENSG00000244625.5	lncRNA	ENSMUSG00000097767.8	lncRNA	many-to-many	GENCODE.v27vsM1410
ENSG00000282951.1	lncRNA	ENSMUSG00000091457.1	lncRNA	one-to-many	GENCODE.v27vsM1411
ENSG00000234571.1	lncRNA	ENSMUSG00000050936.5	lncRNA	many-to-many	GENCODE.v27vsM1412
ENSG00000250072.5	lncRNA	ENSMUSG00000104035.1	lncRNA	one-to-many	GENCODE.v27vsM1413
ENSG00000241770.1	lncRNA	ENSMUSG00000103041.1	lncRNA	one-to-many	GENCODE.v27vsM1414
ENSG00000268066.5	lncRNA	ENSMUSG00000096946.1	lncRNA	many-to-many	GENCODE.v27vsM1415
ENSG00000283175.1	lncRNA	ENSMUSG00000109783.1	lncRNA	one-to-many	GENCODE.v27vsM1416
ENSG00000234918.1	lncRNA	ENSMUSG00000109113.1	lncRNA	many-to-many	GENCODE.v27vsM1417
ENSG00000230148.8	lncRNA	ENSMUSG00000084844.3	lncRNA	many-to-many	GENCODE.v27vsM1418
ENSG00000225721.5	lncRNA	ENSMUSG00000104667.1	lncRNA	one-to-many	GENCODE.v27vsM1419
ENSG00000228395.1	lncRNA	ENSMUSG00000101722.1	lncRNA	one-to-many	GENCODE.v27vsM1420
ENSG00000224243.1	lncRNA	ENSMUSG00000047935.17	lncRNA	one-to-half	GENCODE.v27vsM1421
ENSG00000225746.9	lncRNA	ENSMUSG00000098202.1	lncRNA	one-to-many	GENCODE.v27vsM1422
ENSG00000245910.8	lncRNA	ENSMUSG00000098234.7	lncRNA	one-to-many	GENCODE.v27vsM1423
ENSG00000284656.1	lncRNA	ENSMUSG00000102869.2	lncRNA	many-to-many	GENCODE.v27vsM1424
ENSG00000248429.5	lncRNA	ENSMUSG00000102191.1	lncRNA	one-to-many	GENCODE.v27vsM1425
ENSG00000233825.1	lncRNA	ENSMUSG00000101320.1	lncRNA	many-to-many	GENCODE.v27vsM1426
ENSG00000230773.6	lncRNA	ENSMUSG00000112365.1	lncRNA	many-to-many	GENCODE.v27vsM1427
ENSG00000284607.1	lncRNA	ENSMUSG00000085024.1	lncRNA	one-to-many	GENCODE.v27vsM1428
ENSG00000189223.14	lncRNA	ENSMUSG00000085057.7	lncRNA	many-to-many	GENCODE.v27vsM1429
ENSG00000276012.1	lncRNA	ENSMUSG00000101445.1	lncRNA	one-to-many	GENCODE.v27vsM1430
ENSG00000275239.4	lncRNA	ENSMUSG00000101356.1	lncRNA	many-to-many	GENCODE.v27vsM1431
ENSG00000267646.1	lncRNA	ENSMUSG00000097030.1	lncRNA	one-to-half	GENCODE.v27vsM1432
ENSG00000244040.5	lncRNA	ENSMUSG00000091272.2	lncRNA	one-to-many	GENCODE.v27vsM1433
ENSG00000254377.5	lncRNA	ENSMUSG00000100252.6	lncRNA	many-to-many	GENCODE.v27vsM1434
