# Orthology table created using a modified version of ConnectOR (https://github.com/cobRNA/ConnectOR-optimized/)					
# by Sasti Gopal Das					
H_gene_id	H_gene_type	M_gene_id	M_gene_type	orthology_type	gencode_versions
ENSG00000236466.3	lncRNA	ENSMUSG00000122298.1	lncRNA	one-to-one	GENCODE.v47vsM36
ENSG00000234912.12	lncRNA	ENSMUSG00000086859.7	lncRNA	many-to-many	GENCODE.v47vsM37
ENSG00000264589.6	lncRNA	ENSMUSG00000140391.1	lncRNA	one-to-many	GENCODE.v47vsM38
ENSG00000309953.1	lncRNA	ENSMUSG00000122583.1	lncRNA	one-to-one	GENCODE.v47vsM39
ENSG00000277837.1	lncRNA	ENSMUSG00000143856.1	lncRNA	one-to-one	GENCODE.v47vsM40
ENSG00000303088.1	lncRNA	ENSMUSG00000125093.1	lncRNA	one-to-one	GENCODE.v47vsM41
ENSG00000258235.2	lncRNA	ENSMUSG00000104335.2	lncRNA	one-to-one	GENCODE.v47vsM42
ENSG00000288736.3	lncRNA	ENSMUSG00000106224.3	lncRNA	one-to-many	GENCODE.v47vsM43
ENSG00000287925.2	lncRNA	ENSMUSG00000102900.2	lncRNA	one-to-many	GENCODE.v47vsM44
ENSG00000226159.3	lncRNA	ENSMUSG00000134034.1	lncRNA	one-to-one	GENCODE.v47vsM45
ENSG00000238005.5	lncRNA	ENSMUSG00000110697.4	lncRNA	one-to-many	GENCODE.v47vsM46
ENSG00000229557.2	lncRNA	ENSMUSG00000115372.3	lncRNA	one-to-one	GENCODE.v47vsM47
ENSG00000250850.4	lncRNA	ENSMUSG00000086211.2	lncRNA	one-to-half	GENCODE.v47vsM48
ENSG00000298520.1	lncRNA	ENSMUSG00000121100.2	lncRNA	one-to-one	GENCODE.v47vsM49
ENSG00000266900.1	lncRNA	ENSMUSG00000104044.2	lncRNA	one-to-many	GENCODE.v47vsM50
ENSG00000266821.1	lncRNA	ENSMUSG00000126750.1	lncRNA	one-to-one	GENCODE.v47vsM51
ENSG00000310372.1	lncRNA	ENSMUSG00000128001.1	lncRNA	one-to-one	GENCODE.v47vsM52
ENSG00000304750.1	lncRNA	ENSMUSG00000106874.4	lncRNA	one-to-one	GENCODE.v47vsM53
ENSG00000237928.7	lncRNA	ENSMUSG00000085710.3	lncRNA	one-to-one	GENCODE.v47vsM54
ENSG00000293053.1	lncRNA	ENSMUSG00000126438.1	lncRNA	many-to-many	GENCODE.v47vsM55
ENSG00000294705.1	lncRNA	ENSMUSG00000135330.1	lncRNA	one-to-one	GENCODE.v47vsM56
ENSG00000236790.8	lncRNA	ENSMUSG00000113669.4	lncRNA	many-to-many	GENCODE.v47vsM57
ENSG00000254887.3	lncRNA	ENSMUSG00000131600.1	lncRNA	one-to-many	GENCODE.v47vsM58
ENSG00000224409.2	lncRNA	ENSMUSG00000087575.9	lncRNA	one-to-many	GENCODE.v47vsM59
ENSG00000255750.7	lncRNA	ENSMUSG00000085414.3	lncRNA	one-to-one	GENCODE.v47vsM60
ENSG00000231851.7	lncRNA	ENSMUSG00000140926.1	lncRNA	one-to-one	GENCODE.v47vsM61
ENSG00000251191.9	lncRNA	ENSMUSG00000110015.3	lncRNA	one-to-many	GENCODE.v47vsM62
ENSG00000286072.2	lncRNA	ENSMUSG00000138672.1	lncRNA	one-to-one	GENCODE.v47vsM63
ENSG00000301022.1	lncRNA	ENSMUSG00000131897.1	lncRNA	one-to-one	GENCODE.v47vsM64
ENSG00000289447.3	lncRNA	ENSMUSG00000085016.4	lncRNA	one-to-one	GENCODE.v47vsM65
ENSG00000294123.1	lncRNA	ENSMUSG00000125467.1	lncRNA	one-to-one	GENCODE.v47vsM66
ENSG00000267506.8	lncRNA	ENSMUSG00000085336.4	lncRNA	one-to-many	GENCODE.v47vsM67
ENSG00000279873.3	lncRNA	ENSMUSG00000120263.2	lncRNA	one-to-many	GENCODE.v47vsM68
ENSG00000287844.2	lncRNA	ENSMUSG00000142827.1	lncRNA	one-to-many	GENCODE.v47vsM69
ENSG00000287713.2	lncRNA	ENSMUSG00000124942.1	lncRNA	one-to-many	GENCODE.v47vsM70
ENSG00000234753.8	lncRNA	ENSMUSG00000085932.2	lncRNA	one-to-many	GENCODE.v47vsM71
ENSG00000293271.2	lncRNA	ENSMUSG00000074248.9	lncRNA	one-to-many	GENCODE.v47vsM72
ENSG00000310256.1	lncRNA	ENSMUSG00000113359.3	lncRNA	one-to-one	GENCODE.v47vsM73
ENSG00000285427.1	lncRNA	ENSMUSG00000126090.1	lncRNA	one-to-many	GENCODE.v47vsM74
ENSG00000298609.1	lncRNA	ENSMUSG00000136498.1	lncRNA	one-to-many	GENCODE.v47vsM75
ENSG00000254907.2	lncRNA	ENSMUSG00000045464.8	lncRNA	one-to-one	GENCODE.v47vsM76
ENSG00000229697.3	lncRNA	ENSMUSG00000101356.4	lncRNA	one-to-many	GENCODE.v47vsM77
ENSG00000234572.2	lncRNA	ENSMUSG00000123902.1	lncRNA	one-to-many	GENCODE.v47vsM78
ENSG00000203739.7	lncRNA	ENSMUSG00000136366.1	lncRNA	one-to-many	GENCODE.v47vsM79
ENSG00000236668.4	lncRNA	ENSMUSG00000087539.3	lncRNA	one-to-one	GENCODE.v47vsM80
ENSG00000267175.6	lncRNA	ENSMUSG00000124123.1	lncRNA	one-to-one	GENCODE.v47vsM81
ENSG00000253438.6	lncRNA	ENSMUSG00000137450.1	lncRNA	one-to-many	GENCODE.v47vsM82
ENSG00000296748.1	lncRNA	ENSMUSG00000142272.1	lncRNA	one-to-one	GENCODE.v47vsM83
ENSG00000225649.8	lncRNA	ENSMUSG00000121786.2	lncRNA	one-to-many	GENCODE.v47vsM84
ENSG00000303583.1	lncRNA	ENSMUSG00000140117.1	lncRNA	one-to-one	GENCODE.v47vsM85
ENSG00000307908.1	lncRNA	ENSMUSG00000127919.1	lncRNA	one-to-one	GENCODE.v47vsM86
ENSG00000258661.2	lncRNA	ENSMUSG00000089894.4	lncRNA	one-to-one	GENCODE.v47vsM87
ENSG00000259827.1	lncRNA	ENSMUSG00000128885.1	lncRNA	many-to-many	GENCODE.v47vsM88
ENSG00000286271.4	lncRNA	ENSMUSG00000127630.1	lncRNA	many-to-many	GENCODE.v47vsM89
ENSG00000299737.1	lncRNA	ENSMUSG00000094893.3	lncRNA	one-to-one	GENCODE.v47vsM90
ENSG00000267213.5	lncRNA	ENSMUSG00000136922.1	lncRNA	one-to-many	GENCODE.v47vsM91
ENSG00000255733.7	lncRNA	ENSMUSG00000112230.5	lncRNA	many-to-many	GENCODE.v47vsM92
ENSG00000299413.1	lncRNA	ENSMUSG00000096221.5	lncRNA	one-to-one	GENCODE.v47vsM93
ENSG00000304803.1	lncRNA	ENSMUSG00000120487.2	lncRNA	one-to-one	GENCODE.v47vsM94
ENSG00000305415.1	lncRNA	ENSMUSG00000097745.3	lncRNA	one-to-one	GENCODE.v47vsM95
ENSG00000289075.3	lncRNA	ENSMUSG00000093587.6	lncRNA	one-to-many	GENCODE.v47vsM96
ENSG00000295552.1	lncRNA	ENSMUSG00000139650.1	lncRNA	one-to-one	GENCODE.v47vsM97
ENSG00000246790.4	lncRNA	ENSMUSG00000111167.4	lncRNA	one-to-one	GENCODE.v47vsM98
ENSG00000223930.10	lncRNA	ENSMUSG00000102807.2	lncRNA	one-to-many	GENCODE.v47vsM99
ENSG00000234690.8	lncRNA	ENSMUSG00000117361.3	lncRNA	many-to-many	GENCODE.v47vsM100
ENSG00000285486.2	lncRNA	ENSMUSG00000087330.3	lncRNA	one-to-one	GENCODE.v47vsM101
ENSG00000287587.1	lncRNA	ENSMUSG00000124580.1	lncRNA	one-to-one	GENCODE.v47vsM102
ENSG00000279369.1	lncRNA	ENSMUSG00000075480.3	lncRNA	one-to-many	GENCODE.v47vsM103
ENSG00000309879.1	lncRNA	ENSMUSG00000129840.1	lncRNA	many-to-many	GENCODE.v47vsM104
ENSG00000235601.2	lncRNA	ENSMUSG00000132612.1	lncRNA	one-to-one	GENCODE.v47vsM105
ENSG00000229021.3	lncRNA	ENSMUSG00000137087.1	lncRNA	many-to-many	GENCODE.v47vsM106
ENSG00000287292.2	lncRNA	ENSMUSG00000142731.1	lncRNA	one-to-many	GENCODE.v47vsM107
ENSG00000307237.1	lncRNA	ENSMUSG00000120727.2	lncRNA	one-to-one	GENCODE.v47vsM108
ENSG00000277235.1	lncRNA	ENSMUSG00000139458.1	lncRNA	one-to-one	GENCODE.v47vsM109
ENSG00000206028.2	lncRNA	ENSMUSG00000097986.4	lncRNA	one-to-one	GENCODE.v47vsM110
ENSG00000259134.8	lncRNA	ENSMUSG00000142625.1	lncRNA	one-to-one	GENCODE.v47vsM111
ENSG00000302972.1	lncRNA	ENSMUSG00000142876.1	lncRNA	one-to-many	GENCODE.v47vsM112
ENSG00000303702.1	lncRNA	ENSMUSG00000085247.3	lncRNA	one-to-one	GENCODE.v47vsM113
ENSG00000280007.1	lncRNA	ENSMUSG00000086527.2	lncRNA	one-to-one	GENCODE.v47vsM114
ENSG00000293607.1	lncRNA	ENSMUSG00000094732.5	lncRNA	one-to-half	GENCODE.v47vsM115
ENSG00000250546.7	lncRNA	ENSMUSG00000143141.1	lncRNA	one-to-one	GENCODE.v47vsM116
ENSG00000299453.1	lncRNA	ENSMUSG00000127521.1	lncRNA	many-to-many	GENCODE.v47vsM117
ENSG00000258676.6	lncRNA	ENSMUSG00000074067.12	lncRNA	one-to-many	GENCODE.v47vsM118
ENSG00000299197.1	lncRNA	ENSMUSG00000122900.1	lncRNA	one-to-one	GENCODE.v47vsM119
ENSG00000231943.12	lncRNA	ENSMUSG00000137730.1	lncRNA	one-to-many	GENCODE.v47vsM120
ENSG00000293905.1	lncRNA	ENSMUSG00000120326.2	lncRNA	many-to-many	GENCODE.v47vsM121
ENSG00000293946.1	lncRNA	ENSMUSG00000122718.1	lncRNA	one-to-one	GENCODE.v47vsM122
ENSG00000298947.1	lncRNA	ENSMUSG00000126425.1	lncRNA	one-to-one	GENCODE.v47vsM123
ENSG00000303531.1	lncRNA	ENSMUSG00000116894.3	lncRNA	one-to-one	GENCODE.v47vsM124
ENSG00000275371.1	lncRNA	ENSMUSG00000055323.8	lncRNA	one-to-many	GENCODE.v47vsM125
ENSG00000289103.3	lncRNA	ENSMUSG00000074466.15	lncRNA	one-to-one	GENCODE.v47vsM126
ENSG00000293597.3	lncRNA	ENSMUSG00000104011.4	lncRNA	many-to-many	GENCODE.v47vsM127
ENSG00000301820.1	lncRNA	ENSMUSG00000128869.1	lncRNA	many-to-many	GENCODE.v47vsM128
ENSG00000225746.15	lncRNA	ENSMUSG00000098202.3	lncRNA	many-to-many	GENCODE.v47vsM129
ENSG00000291075.2	lncRNA	ENSMUSG00000137730.1	lncRNA	many-to-many	GENCODE.v47vsM130
ENSG00000229980.6	lncRNA	ENSMUSG00000131089.1	lncRNA	many-to-many	GENCODE.v47vsM131
ENSG00000234807.10	lncRNA	ENSMUSG00000135398.1	lncRNA	one-to-many	GENCODE.v47vsM132
ENSG00000300200.1	lncRNA	ENSMUSG00000141985.1	lncRNA	one-to-one	GENCODE.v47vsM133
ENSG00000254211.7	lncRNA	ENSMUSG00000085772.10	lncRNA	one-to-many	GENCODE.v47vsM134
ENSG00000284830.1	lncRNA	ENSMUSG00000136068.1	lncRNA	one-to-one	GENCODE.v47vsM135
ENSG00000228804.6	lncRNA	ENSMUSG00000138621.1	lncRNA	one-to-one	GENCODE.v47vsM136
ENSG00000306654.1	lncRNA	ENSMUSG00000125365.1	lncRNA	one-to-many	GENCODE.v47vsM137
ENSG00000267506.8	lncRNA	ENSMUSG00000125115.1	lncRNA	one-to-many	GENCODE.v47vsM138
ENSG00000248724.7	lncRNA	ENSMUSG00000111035.4	lncRNA	one-to-many	GENCODE.v47vsM139
ENSG00000289365.2	lncRNA	ENSMUSG00000133222.1	lncRNA	one-to-one	GENCODE.v47vsM140
ENSG00000294663.1	lncRNA	ENSMUSG00000137706.1	lncRNA	one-to-one	GENCODE.v47vsM141
ENSG00000224715.2	lncRNA	ENSMUSG00000130035.1	lncRNA	one-to-one	GENCODE.v47vsM142
ENSG00000233008.9	lncRNA	ENSMUSG00000106023.3	lncRNA	one-to-many	GENCODE.v47vsM143
ENSG00000259974.6	lncRNA	ENSMUSG00000086141.10	lncRNA	one-to-many	GENCODE.v47vsM144
ENSG00000302408.1	lncRNA	ENSMUSG00000135158.1	lncRNA	many-to-many	GENCODE.v47vsM145
ENSG00000232044.9	lncRNA	ENSMUSG00000094002.7	lncRNA	one-to-one	GENCODE.v47vsM146
ENSG00000301941.1	lncRNA	ENSMUSG00000132227.1	lncRNA	one-to-one	GENCODE.v47vsM147
ENSG00000226950.8	lncRNA	ENSMUSG00000106943.5	lncRNA	many-to-many	GENCODE.v47vsM148
ENSG00000250222.5	lncRNA	ENSMUSG00000086245.2	lncRNA	one-to-many	GENCODE.v47vsM149
ENSG00000282849.2	lncRNA	ENSMUSG00000120728.2	lncRNA	one-to-one	GENCODE.v47vsM150
ENSG00000253227.3	lncRNA	ENSMUSG00000142739.1	lncRNA	one-to-one	GENCODE.v47vsM151
ENSG00000253837.1	lncRNA	ENSMUSG00000098975.9	lncRNA	many-to-many	GENCODE.v47vsM152
ENSG00000298509.1	lncRNA	ENSMUSG00000131553.1	lncRNA	one-to-one	GENCODE.v47vsM153
ENSG00000295521.1	lncRNA	ENSMUSG00000132781.1	lncRNA	many-to-many	GENCODE.v47vsM154
ENSG00000293799.1	lncRNA	ENSMUSG00000137959.1	lncRNA	one-to-one	GENCODE.v47vsM155
ENSG00000286527.2	lncRNA	ENSMUSG00000100315.8	lncRNA	one-to-one	GENCODE.v47vsM156
ENSG00000285608.1	lncRNA	ENSMUSG00000112437.3	lncRNA	one-to-many	GENCODE.v47vsM157
ENSG00000224243.3	lncRNA	ENSMUSG00000047935.20	lncRNA	one-to-many	GENCODE.v47vsM158
ENSG00000234948.3	lncRNA	ENSMUSG00000130431.1	lncRNA	one-to-many	GENCODE.v47vsM159
ENSG00000225982.2	lncRNA	ENSMUSG00000143860.1	lncRNA	one-to-many	GENCODE.v47vsM160
ENSG00000258572.2	lncRNA	ENSMUSG00000136131.1	lncRNA	one-to-one	GENCODE.v47vsM161
ENSG00000258294.6	lncRNA	ENSMUSG00000104006.2	lncRNA	one-to-one	GENCODE.v47vsM162
ENSG00000260025.3	lncRNA	ENSMUSG00000117648.3	lncRNA	one-to-many	GENCODE.v47vsM163
ENSG00000260852.2	lncRNA	ENSMUSG00000121230.2	lncRNA	one-to-one	GENCODE.v47vsM164
ENSG00000223597.4	lncRNA	ENSMUSG00000120037.2	lncRNA	many-to-many	GENCODE.v47vsM165
ENSG00000304361.1	lncRNA	ENSMUSG00000110216.3	lncRNA	one-to-many	GENCODE.v47vsM166
ENSG00000228639.9	lncRNA	ENSMUSG00000041674.18	lncRNA	many-to-many	GENCODE.v47vsM167
ENSG00000289441.2	lncRNA	ENSMUSG00000102057.2	lncRNA	one-to-many	GENCODE.v47vsM168
ENSG00000250634.8	lncRNA	ENSMUSG00000135933.1	lncRNA	many-to-many	GENCODE.v47vsM169
ENSG00000295433.1	lncRNA	ENSMUSG00000079671.11	lncRNA	one-to-many	GENCODE.v47vsM170
ENSG00000250602.7	lncRNA	ENSMUSG00000122473.1	lncRNA	one-to-many	GENCODE.v47vsM171
ENSG00000308199.1	lncRNA	ENSMUSG00000141516.1	lncRNA	one-to-one	GENCODE.v47vsM172
ENSG00000232352.4	lncRNA	ENSMUSG00000140693.1	lncRNA	one-to-one	GENCODE.v47vsM173
ENSG00000294616.1	lncRNA	ENSMUSG00000110790.3	lncRNA	one-to-many	GENCODE.v47vsM174
ENSG00000240057.9	lncRNA	ENSMUSG00000132209.1	lncRNA	one-to-one	GENCODE.v47vsM175
ENSG00000228817.4	lncRNA	ENSMUSG00000126209.1	lncRNA	one-to-one	GENCODE.v47vsM176
ENSG00000278022.2	lncRNA	ENSMUSG00000127125.1	lncRNA	one-to-one	GENCODE.v47vsM177
ENSG00000307859.1	lncRNA	ENSMUSG00000114198.2	lncRNA	one-to-one	GENCODE.v47vsM178
ENSG00000267213.5	lncRNA	ENSMUSG00000126551.1	lncRNA	one-to-many	GENCODE.v47vsM179
ENSG00000236869.5	lncRNA	ENSMUSG00000097322.10	lncRNA	one-to-one	GENCODE.v47vsM180
ENSG00000225339.5	lncRNA	ENSMUSG00000116884.3	lncRNA	one-to-one	GENCODE.v47vsM181
ENSG00000296964.1	lncRNA	ENSMUSG00000132897.1	lncRNA	many-to-many	GENCODE.v47vsM182
ENSG00000294853.1	lncRNA	ENSMUSG00000120596.2	lncRNA	one-to-many	GENCODE.v47vsM183
ENSG00000302250.1	lncRNA	ENSMUSG00000102144.3	lncRNA	one-to-one	GENCODE.v47vsM184
ENSG00000302968.1	lncRNA	ENSMUSG00000098784.4	lncRNA	many-to-many	GENCODE.v47vsM185
ENSG00000234323.11	lncRNA	ENSMUSG00000125105.1	lncRNA	one-to-many	GENCODE.v47vsM186
ENSG00000224184.8	lncRNA	ENSMUSG00000113975.4	lncRNA	one-to-one	GENCODE.v47vsM187
ENSG00000289872.2	lncRNA	ENSMUSG00000131611.1	lncRNA	one-to-one	GENCODE.v47vsM188
ENSG00000235903.12	lncRNA	ENSMUSG00000138147.1	lncRNA	one-to-many	GENCODE.v47vsM189
ENSG00000260473.3	lncRNA	ENSMUSG00000122850.1	lncRNA	one-to-many	GENCODE.v47vsM190
ENSG00000301447.1	lncRNA	ENSMUSG00000126743.1	lncRNA	one-to-one	GENCODE.v47vsM191
ENSG00000293482.2	lncRNA	ENSMUSG00000112274.4	lncRNA	many-to-many	GENCODE.v47vsM192
ENSG00000298576.1	lncRNA	ENSMUSG00000126929.1	lncRNA	one-to-many	GENCODE.v47vsM193
ENSG00000280350.2	lncRNA	ENSMUSG00000087521.4	lncRNA	one-to-many	GENCODE.v47vsM194
ENSG00000298753.1	lncRNA	ENSMUSG00000116295.4	lncRNA	one-to-one	GENCODE.v47vsM195
ENSG00000253164.6	lncRNA	ENSMUSG00000137466.1	lncRNA	one-to-one	GENCODE.v47vsM196
ENSG00000298151.1	lncRNA	ENSMUSG00000084861.3	lncRNA	one-to-many	GENCODE.v47vsM197
ENSG00000233791.8	lncRNA	ENSMUSG00000121237.2	lncRNA	one-to-one	GENCODE.v47vsM198
ENSG00000262873.3	lncRNA	ENSMUSG00000085207.4	lncRNA	one-to-many	GENCODE.v47vsM199
ENSG00000259912.2	lncRNA	ENSMUSG00000098534.3	lncRNA	one-to-many	GENCODE.v47vsM200
ENSG00000253104.1	lncRNA	ENSMUSG00000103296.2	lncRNA	one-to-many	GENCODE.v47vsM201
ENSG00000284240.2	lncRNA	ENSMUSG00000129407.1	lncRNA	one-to-one	GENCODE.v47vsM202
ENSG00000290722.2	lncRNA	ENSMUSG00000142527.1	lncRNA	many-to-many	GENCODE.v47vsM203
ENSG00000290438.2	lncRNA	ENSMUSG00000121336.2	lncRNA	many-to-many	GENCODE.v47vsM204
ENSG00000228741.2	lncRNA	ENSMUSG00000101797.4	lncRNA	one-to-many	GENCODE.v47vsM205
ENSG00000308793.1	lncRNA	ENSMUSG00000109954.2	lncRNA	one-to-many	GENCODE.v47vsM206
ENSG00000306369.1	lncRNA	ENSMUSG00000141788.1	lncRNA	one-to-many	GENCODE.v47vsM207
ENSG00000306824.1	lncRNA	ENSMUSG00000123345.1	lncRNA	one-to-one	GENCODE.v47vsM208
ENSG00000304353.1	lncRNA	ENSMUSG00000130473.1	lncRNA	one-to-one	GENCODE.v47vsM209
ENSG00000224358.1	lncRNA	ENSMUSG00000121275.2	lncRNA	one-to-one	GENCODE.v47vsM210
ENSG00000290082.2	lncRNA	ENSMUSG00000131702.1	lncRNA	one-to-one	GENCODE.v47vsM211
ENSG00000260874.6	lncRNA	ENSMUSG00000134896.1	lncRNA	many-to-many	GENCODE.v47vsM212
ENSG00000270052.1	lncRNA	ENSMUSG00000124923.1	lncRNA	one-to-one	GENCODE.v47vsM213
ENSG00000249695.6	lncRNA	ENSMUSG00000139156.1	lncRNA	one-to-many	GENCODE.v47vsM214
ENSG00000297888.1	lncRNA	ENSMUSG00000128372.1	lncRNA	one-to-one	GENCODE.v47vsM215
ENSG00000300026.1	lncRNA	ENSMUSG00000107012.2	lncRNA	many-to-many	GENCODE.v47vsM216
ENSG00000204684.5	lncRNA	ENSMUSG00000086141.10	lncRNA	one-to-many	GENCODE.v47vsM217
ENSG00000297932.1	lncRNA	ENSMUSG00000128705.1	lncRNA	one-to-many	GENCODE.v47vsM218
ENSG00000228192.11	lncRNA	ENSMUSG00000142199.1	lncRNA	many-to-many	GENCODE.v47vsM219
ENSG00000304501.1	lncRNA	ENSMUSG00000111521.3	lncRNA	one-to-many	GENCODE.v47vsM220
ENSG00000227145.3	lncRNA	ENSMUSG00000104998.2	lncRNA	one-to-many	GENCODE.v47vsM221
ENSG00000293047.2	lncRNA	ENSMUSG00000139314.1	lncRNA	many-to-many	GENCODE.v47vsM222
ENSG00000293165.1	lncRNA	ENSMUSG00000130727.1	lncRNA	many-to-many	GENCODE.v47vsM223
ENSG00000286990.1	lncRNA	ENSMUSG00000137881.1	lncRNA	one-to-one	GENCODE.v47vsM224
ENSG00000310209.1	lncRNA	ENSMUSG00000120043.2	lncRNA	one-to-many	GENCODE.v47vsM225
ENSG00000286626.3	lncRNA	ENSMUSG00000134028.1	lncRNA	one-to-many	GENCODE.v47vsM226
ENSG00000236700.9	lncRNA	ENSMUSG00000126577.1	lncRNA	one-to-many	GENCODE.v47vsM227
ENSG00000235532.3	lncRNA	ENSMUSG00000115821.3	lncRNA	one-to-many	GENCODE.v47vsM228
ENSG00000294251.1	lncRNA	ENSMUSG00000120918.2	lncRNA	one-to-many	GENCODE.v47vsM229
ENSG00000279365.1	lncRNA	ENSMUSG00000136983.1	lncRNA	one-to-many	GENCODE.v47vsM230
ENSG00000308176.1	lncRNA	ENSMUSG00000108811.3	lncRNA	one-to-one	GENCODE.v47vsM231
ENSG00000303331.1	lncRNA	ENSMUSG00000109436.3	lncRNA	one-to-one	GENCODE.v47vsM232
ENSG00000233922.5	lncRNA	ENSMUSG00000102522.2	lncRNA	one-to-one	GENCODE.v47vsM233
ENSG00000286675.2	lncRNA	ENSMUSG00000139868.1	lncRNA	one-to-one	GENCODE.v47vsM234
ENSG00000308473.1	lncRNA	ENSMUSG00000102923.4	lncRNA	one-to-one	GENCODE.v47vsM235
ENSG00000257346.2	lncRNA	ENSMUSG00000116033.3	lncRNA	one-to-one	GENCODE.v47vsM236
ENSG00000240498.10	lncRNA	ENSMUSG00000086035.4	lncRNA	many-to-many	GENCODE.v47vsM237
ENSG00000298097.1	lncRNA	ENSMUSG00000119992.2	lncRNA	one-to-many	GENCODE.v47vsM238
ENSG00000226816.4	lncRNA	ENSMUSG00000102869.5	lncRNA	one-to-many	GENCODE.v47vsM239
ENSG00000267383.10	lncRNA	ENSMUSG00000129055.1	lncRNA	many-to-many	GENCODE.v47vsM240
ENSG00000286011.2	lncRNA	ENSMUSG00000130926.1	lncRNA	one-to-many	GENCODE.v47vsM241
ENSG00000247796.3	lncRNA	ENSMUSG00000139228.1	lncRNA	one-to-one	GENCODE.v47vsM242
ENSG00000287192.1	lncRNA	ENSMUSG00000131604.1	lncRNA	one-to-one	GENCODE.v47vsM243
ENSG00000249673.10	lncRNA	ENSMUSG00000085166.3	lncRNA	one-to-one	GENCODE.v47vsM244
ENSG00000203620.3	lncRNA	ENSMUSG00000086369.10	lncRNA	one-to-one	GENCODE.v47vsM245
ENSG00000229533.1	lncRNA	ENSMUSG00000114082.3	lncRNA	one-to-one	GENCODE.v47vsM246
ENSG00000304379.1	lncRNA	ENSMUSG00000110216.3	lncRNA	one-to-many	GENCODE.v47vsM247
ENSG00000225945.2	lncRNA	ENSMUSG00000117371.4	lncRNA	one-to-one	GENCODE.v47vsM248
ENSG00000287660.2	lncRNA	ENSMUSG00000140728.1	lncRNA	one-to-one	GENCODE.v47vsM249
ENSG00000233621.4	lncRNA	ENSMUSG00000120223.2	lncRNA	one-to-many	GENCODE.v47vsM250
ENSG00000266014.3	lncRNA	ENSMUSG00000100430.4	lncRNA	one-to-one	GENCODE.v47vsM251
ENSG00000286307.1	lncRNA	ENSMUSG00000103101.2	lncRNA	one-to-half	GENCODE.v47vsM252
ENSG00000293309.2	lncRNA	ENSMUSG00000111657.3	lncRNA	many-to-many	GENCODE.v47vsM253
ENSG00000307487.1	lncRNA	ENSMUSG00000134120.1	lncRNA	one-to-many	GENCODE.v47vsM254
ENSG00000248517.1	lncRNA	ENSMUSG00000123448.1	lncRNA	one-to-one	GENCODE.v47vsM255
ENSG00000287218.1	lncRNA	ENSMUSG00000103768.2	lncRNA	one-to-many	GENCODE.v47vsM256
ENSG00000251377.3	lncRNA	ENSMUSG00000128700.1	lncRNA	one-to-one	GENCODE.v47vsM257
ENSG00000224842.3	lncRNA	ENSMUSG00000052951.7	lncRNA	one-to-one	GENCODE.v47vsM258
ENSG00000295655.1	lncRNA	ENSMUSG00000124551.1	lncRNA	one-to-one	GENCODE.v47vsM259
ENSG00000258630.4	lncRNA	ENSMUSG00000021101.4	lncRNA	one-to-one	GENCODE.v47vsM260
ENSG00000279807.1	lncRNA	ENSMUSG00000122269.1	lncRNA	one-to-one	GENCODE.v47vsM261
ENSG00000261455.2	lncRNA	ENSMUSG00000101856.3	lncRNA	one-to-one	GENCODE.v47vsM262
ENSG00000272568.7	lncRNA	ENSMUSG00000108175.3	lncRNA	one-to-many	GENCODE.v47vsM263
ENSG00000263412.4	lncRNA	ENSMUSG00000130248.1	lncRNA	one-to-many	GENCODE.v47vsM264
ENSG00000287038.4	lncRNA	ENSMUSG00000084898.4	lncRNA	one-to-one	GENCODE.v47vsM265
ENSG00000278607.4	lncRNA	ENSMUSG00000118385.2	lncRNA	one-to-one	GENCODE.v47vsM266
ENSG00000294962.1	lncRNA	ENSMUSG00000126965.1	lncRNA	one-to-one	GENCODE.v47vsM267
ENSG00000241295.1	lncRNA	ENSMUSG00000102967.2	lncRNA	one-to-one	GENCODE.v47vsM268
ENSG00000309826.1	lncRNA	ENSMUSG00000087196.4	lncRNA	one-to-many	GENCODE.v47vsM269
ENSG00000310340.1	lncRNA	ENSMUSG00000144113.1	lncRNA	one-to-one	GENCODE.v47vsM270
ENSG00000287222.2	lncRNA	ENSMUSG00000142203.1	lncRNA	one-to-many	GENCODE.v47vsM271
ENSG00000297876.1	lncRNA	ENSMUSG00000116256.3	lncRNA	one-to-many	GENCODE.v47vsM272
ENSG00000296962.1	lncRNA	ENSMUSG00000137637.1	lncRNA	one-to-one	GENCODE.v47vsM273
ENSG00000290708.1	lncRNA	ENSMUSG00000087358.11	lncRNA	one-to-many	GENCODE.v47vsM274
ENSG00000293224.2	lncRNA	ENSMUSG00000132260.1	lncRNA	many-to-many	GENCODE.v47vsM275
ENSG00000253320.8	lncRNA	ENSMUSG00000115546.2	lncRNA	one-to-one	GENCODE.v47vsM276
ENSG00000233620.6	lncRNA	ENSMUSG00000137113.1	lncRNA	one-to-one	GENCODE.v47vsM277
ENSG00000308516.1	lncRNA	ENSMUSG00000120766.2	lncRNA	one-to-one	GENCODE.v47vsM278
ENSG00000275807.2	lncRNA	ENSMUSG00000141936.1	lncRNA	one-to-one	GENCODE.v47vsM279
ENSG00000260213.6	lncRNA	ENSMUSG00000125903.1	lncRNA	one-to-one	GENCODE.v47vsM280
ENSG00000293503.2	lncRNA	ENSMUSG00000121867.2	lncRNA	many-to-many	GENCODE.v47vsM281
ENSG00000232991.5	lncRNA	ENSMUSG00000127577.1	lncRNA	one-to-one	GENCODE.v47vsM282
ENSG00000267491.2	lncRNA	ENSMUSG00000136657.1	lncRNA	one-to-one	GENCODE.v47vsM283
ENSG00000304003.1	lncRNA	ENSMUSG00000129156.1	lncRNA	one-to-one	GENCODE.v47vsM284
ENSG00000303616.1	lncRNA	ENSMUSG00000113757.3	lncRNA	one-to-many	GENCODE.v47vsM285
ENSG00000298694.1	lncRNA	ENSMUSG00000127346.1	lncRNA	one-to-many	GENCODE.v47vsM286
ENSG00000249169.1	lncRNA	ENSMUSG00000102355.2	lncRNA	one-to-one	GENCODE.v47vsM287
ENSG00000257319.2	lncRNA	ENSMUSG00000130429.1	lncRNA	one-to-one	GENCODE.v47vsM288
ENSG00000251616.2	lncRNA	ENSMUSG00000143879.1	lncRNA	one-to-one	GENCODE.v47vsM289
ENSG00000294213.1	lncRNA	ENSMUSG00000124007.1	lncRNA	one-to-one	GENCODE.v47vsM290
ENSG00000294839.1	lncRNA	ENSMUSG00000108563.3	lncRNA	one-to-one	GENCODE.v47vsM291
ENSG00000249937.10	lncRNA	ENSMUSG00000097452.4	lncRNA	one-to-one	GENCODE.v47vsM292
ENSG00000245864.6	lncRNA	ENSMUSG00000097265.4	lncRNA	one-to-one	GENCODE.v47vsM293
ENSG00000295678.1	lncRNA	ENSMUSG00000102062.3	lncRNA	one-to-one	GENCODE.v47vsM294
ENSG00000247400.7	lncRNA	ENSMUSG00000119970.2	lncRNA	one-to-one	GENCODE.v47vsM295
ENSG00000236449.3	lncRNA	ENSMUSG00000085838.2	lncRNA	many-to-many	GENCODE.v47vsM296
ENSG00000287620.2	lncRNA	ENSMUSG00000111089.2	lncRNA	one-to-many	GENCODE.v47vsM297
ENSG00000283423.2	lncRNA	ENSMUSG00000110023.3	lncRNA	one-to-one	GENCODE.v47vsM298
ENSG00000304631.1	lncRNA	ENSMUSG00000140158.1	lncRNA	one-to-one	GENCODE.v47vsM299
ENSG00000288877.2	lncRNA	ENSMUSG00000120603.2	lncRNA	many-to-many	GENCODE.v47vsM300
ENSG00000234754.3	lncRNA	ENSMUSG00000102682.7	lncRNA	one-to-one	GENCODE.v47vsM301
ENSG00000288823.2	lncRNA	ENSMUSG00000137335.1	lncRNA	many-to-many	GENCODE.v47vsM302
ENSG00000305024.1	lncRNA	ENSMUSG00000139085.1	lncRNA	one-to-one	GENCODE.v47vsM303
ENSG00000299101.1	lncRNA	ENSMUSG00000140850.1	lncRNA	one-to-one	GENCODE.v47vsM304
ENSG00000258428.6	lncRNA	ENSMUSG00000142095.1	lncRNA	one-to-one	GENCODE.v47vsM305
ENSG00000305836.1	lncRNA	ENSMUSG00000131078.1	lncRNA	one-to-one	GENCODE.v47vsM306
ENSG00000235296.3	lncRNA	ENSMUSG00000084822.3	lncRNA	one-to-one	GENCODE.v47vsM307
ENSG00000286841.2	lncRNA	ENSMUSG00000098075.3	lncRNA	many-to-many	GENCODE.v47vsM308
ENSG00000287629.1	lncRNA	ENSMUSG00000111000.2	lncRNA	one-to-one	GENCODE.v47vsM309
ENSG00000297977.1	lncRNA	ENSMUSG00000120097.2	lncRNA	one-to-many	GENCODE.v47vsM310
ENSG00000299308.1	lncRNA	ENSMUSG00000101797.4	lncRNA	one-to-many	GENCODE.v47vsM311
ENSG00000234255.9	lncRNA	ENSMUSG00000124231.1	lncRNA	one-to-half	GENCODE.v47vsM312
ENSG00000245598.8	lncRNA	ENSMUSG00000097842.4	lncRNA	one-to-one	GENCODE.v47vsM313
ENSG00000196167.11	lncRNA	ENSMUSG00000044694.4	lncRNA	one-to-one	GENCODE.v47vsM314
ENSG00000309545.1	lncRNA	ENSMUSG00000123576.1	lncRNA	one-to-one	GENCODE.v47vsM315
ENSG00000257261.8	lncRNA	ENSMUSG00000128721.1	lncRNA	many-to-many	GENCODE.v47vsM316
ENSG00000233860.3	lncRNA	ENSMUSG00000142400.1	lncRNA	one-to-half	GENCODE.v47vsM317
ENSG00000277089.5	lncRNA	ENSMUSG00000120024.2	lncRNA	one-to-many	GENCODE.v47vsM318
ENSG00000290722.2	lncRNA	ENSMUSG00000121857.1	lncRNA	many-to-many	GENCODE.v47vsM319
ENSG00000298961.1	lncRNA	ENSMUSG00000085084.10	lncRNA	one-to-many	GENCODE.v47vsM320
ENSG00000299834.1	lncRNA	ENSMUSG00000130910.1	lncRNA	many-to-many	GENCODE.v47vsM321
ENSG00000235652.12	lncRNA	ENSMUSG00000097007.5	lncRNA	one-to-many	GENCODE.v47vsM322
ENSG00000253187.3	lncRNA	ENSMUSG00000143169.1	lncRNA	many-to-many	GENCODE.v47vsM323
ENSG00000296493.1	lncRNA	ENSMUSG00000133444.1	lncRNA	one-to-one	GENCODE.v47vsM324
ENSG00000225953.6	lncRNA	ENSMUSG00000087022.7	lncRNA	one-to-one	GENCODE.v47vsM325
ENSG00000253301.7	lncRNA	ENSMUSG00000121456.2	lncRNA	many-to-many	GENCODE.v47vsM326
ENSG00000229484.4	lncRNA	ENSMUSG00000103911.2	lncRNA	one-to-half	GENCODE.v47vsM327
ENSG00000305764.1	lncRNA	ENSMUSG00000110980.4	lncRNA	one-to-many	GENCODE.v47vsM328
ENSG00000287516.2	lncRNA	ENSMUSG00000103079.2	lncRNA	one-to-one	GENCODE.v47vsM329
ENSG00000306117.1	lncRNA	ENSMUSG00000123846.1	lncRNA	one-to-one	GENCODE.v47vsM330
ENSG00000261242.2	lncRNA	ENSMUSG00000132946.1	lncRNA	one-to-one	GENCODE.v47vsM331
ENSG00000309616.1	lncRNA	ENSMUSG00000127532.1	lncRNA	one-to-many	GENCODE.v47vsM332
ENSG00000302726.1	lncRNA	ENSMUSG00000134012.1	lncRNA	one-to-one	GENCODE.v47vsM333
ENSG00000249697.1	lncRNA	ENSMUSG00000104438.2	lncRNA	one-to-one	GENCODE.v47vsM334
ENSG00000308478.1	lncRNA	ENSMUSG00000087213.5	lncRNA	one-to-many	GENCODE.v47vsM335
ENSG00000261076.1	lncRNA	ENSMUSG00000112813.2	lncRNA	one-to-one	GENCODE.v47vsM336
ENSG00000303713.1	lncRNA	ENSMUSG00000140824.1	lncRNA	one-to-one	GENCODE.v47vsM337
ENSG00000298163.1	lncRNA	ENSMUSG00000123521.1	lncRNA	many-to-many	GENCODE.v47vsM338
ENSG00000289155.3	lncRNA	ENSMUSG00000120539.2	lncRNA	one-to-many	GENCODE.v47vsM339
ENSG00000299301.1	lncRNA	ENSMUSG00000101288.3	lncRNA	one-to-one	GENCODE.v47vsM340
ENSG00000262098.1	lncRNA	ENSMUSG00000085207.4	lncRNA	one-to-many	GENCODE.v47vsM341
ENSG00000302698.1	lncRNA	ENSMUSG00000140228.1	lncRNA	one-to-many	GENCODE.v47vsM342
ENSG00000214546.5	lncRNA	ENSMUSG00000122288.1	lncRNA	one-to-one	GENCODE.v47vsM343
ENSG00000289630.3	lncRNA	ENSMUSG00000097616.10	lncRNA	one-to-many	GENCODE.v47vsM344
ENSG00000302183.1	lncRNA	ENSMUSG00000130028.1	lncRNA	one-to-one	GENCODE.v47vsM345
ENSG00000254659.4	lncRNA	ENSMUSG00000111520.3	lncRNA	one-to-many	GENCODE.v47vsM346
ENSG00000259103.3	lncRNA	ENSMUSG00000121073.1	lncRNA	one-to-one	GENCODE.v47vsM347
ENSG00000228223.4	lncRNA	ENSMUSG00000102869.5	lncRNA	one-to-many	GENCODE.v47vsM348
ENSG00000289599.3	lncRNA	ENSMUSG00000120942.2	lncRNA	one-to-one	GENCODE.v47vsM349
ENSG00000229852.5	lncRNA	ENSMUSG00000139102.1	lncRNA	many-to-many	GENCODE.v47vsM350
ENSG00000305421.1	lncRNA	ENSMUSG00000085565.2	lncRNA	one-to-one	GENCODE.v47vsM351
ENSG00000232077.3	lncRNA	ENSMUSG00000127016.1	lncRNA	one-to-one	GENCODE.v47vsM352
ENSG00000273356.1	lncRNA	ENSMUSG00000142300.1	lncRNA	one-to-one	GENCODE.v47vsM353
ENSG00000296672.1	lncRNA	ENSMUSG00000132894.1	lncRNA	many-to-many	GENCODE.v47vsM354
ENSG00000228404.2	lncRNA	ENSMUSG00000085468.4	lncRNA	one-to-many	GENCODE.v47vsM355
ENSG00000204241.10	lncRNA	ENSMUSG00000110836.3	lncRNA	many-to-many	GENCODE.v47vsM356
ENSG00000251273.5	lncRNA	ENSMUSG00000102869.5	lncRNA	one-to-many	GENCODE.v47vsM357
ENSG00000309239.1	lncRNA	ENSMUSG00000138269.1	lncRNA	many-to-many	GENCODE.v47vsM358
ENSG00000300726.1	lncRNA	ENSMUSG00000142939.1	lncRNA	one-to-one	GENCODE.v47vsM359
ENSG00000290792.1	lncRNA	ENSMUSG00000093577.3	lncRNA	one-to-many	GENCODE.v47vsM360
ENSG00000260805.4	lncRNA	ENSMUSG00000073478.9	lncRNA	one-to-many	GENCODE.v47vsM361
ENSG00000236617.3	lncRNA	ENSMUSG00000086247.10	lncRNA	one-to-one	GENCODE.v47vsM362
ENSG00000224152.3	lncRNA	ENSMUSG00000086603.2	lncRNA	one-to-one	GENCODE.v47vsM363
ENSG00000231246.4	lncRNA	ENSMUSG00000051788.6	lncRNA	one-to-many	GENCODE.v47vsM364
ENSG00000228857.4	lncRNA	ENSMUSG00000102063.3	lncRNA	one-to-one	GENCODE.v47vsM365
ENSG00000237505.9	lncRNA	ENSMUSG00000105652.4	lncRNA	many-to-many	GENCODE.v47vsM366
ENSG00000294168.1	lncRNA	ENSMUSG00000132063.1	lncRNA	one-to-one	GENCODE.v47vsM367
ENSG00000300081.1	lncRNA	ENSMUSG00000128962.1	lncRNA	one-to-one	GENCODE.v47vsM368
ENSG00000259054.2	lncRNA	ENSMUSG00000130698.1	lncRNA	one-to-many	GENCODE.v47vsM369
ENSG00000245975.3	lncRNA	ENSMUSG00000074213.4	lncRNA	one-to-one	GENCODE.v47vsM370
ENSG00000293205.1	lncRNA	ENSMUSG00000141776.1	lncRNA	many-to-many	GENCODE.v47vsM371
ENSG00000153113.25	lncRNA	ENSMUSG00000114125.3	lncRNA	one-to-many	GENCODE.v47vsM372
ENSG00000250049.8	lncRNA	ENSMUSG00000100168.3	lncRNA	one-to-one	GENCODE.v47vsM373
ENSG00000294980.1	lncRNA	ENSMUSG00000100120.3	lncRNA	many-to-many	GENCODE.v47vsM374
ENSG00000289182.2	lncRNA	ENSMUSG00000043644.7	lncRNA	one-to-many	GENCODE.v47vsM375
ENSG00000260372.8	lncRNA	ENSMUSG00000117541.3	lncRNA	many-to-many	GENCODE.v47vsM376
ENSG00000293648.1	lncRNA	ENSMUSG00000100180.2	lncRNA	many-to-many	GENCODE.v47vsM377
ENSG00000226149.7	lncRNA	ENSMUSG00000112751.3	lncRNA	one-to-one	GENCODE.v47vsM378
ENSG00000292998.2	lncRNA	ENSMUSG00000132604.1	lncRNA	many-to-many	GENCODE.v47vsM379
ENSG00000305307.1	lncRNA	ENSMUSG00000131167.1	lncRNA	one-to-one	GENCODE.v47vsM380
ENSG00000309004.1	lncRNA	ENSMUSG00000134659.1	lncRNA	one-to-one	GENCODE.v47vsM381
ENSG00000289469.3	lncRNA	ENSMUSG00000107798.3	lncRNA	one-to-many	GENCODE.v47vsM382
ENSG00000289836.2	lncRNA	ENSMUSG00000139155.1	lncRNA	one-to-one	GENCODE.v47vsM383
ENSG00000248859.3	lncRNA	ENSMUSG00000125900.1	lncRNA	one-to-many	GENCODE.v47vsM384
ENSG00000276984.1	lncRNA	ENSMUSG00000133156.1	lncRNA	one-to-one	GENCODE.v47vsM385
ENSG00000308151.1	lncRNA	ENSMUSG00000097325.4	lncRNA	one-to-many	GENCODE.v47vsM386
ENSG00000261758.2	lncRNA	ENSMUSG00000132428.1	lncRNA	one-to-one	GENCODE.v47vsM387
ENSG00000303267.1	lncRNA	ENSMUSG00000134169.1	lncRNA	one-to-one	GENCODE.v47vsM388
ENSG00000305830.1	lncRNA	ENSMUSG00000043488.8	lncRNA	one-to-many	GENCODE.v47vsM389
ENSG00000238184.1	lncRNA	ENSMUSG00000059277.15	lncRNA	one-to-one	GENCODE.v47vsM390
ENSG00000177340.5	lncRNA	ENSMUSG00000085355.5	lncRNA	one-to-one	GENCODE.v47vsM391
ENSG00000232973.15	lncRNA	ENSMUSG00000117426.3	lncRNA	many-to-many	GENCODE.v47vsM392
ENSG00000300624.1	lncRNA	ENSMUSG00000097431.5	lncRNA	one-to-one	GENCODE.v47vsM393
ENSG00000303409.1	lncRNA	ENSMUSG00000138339.1	lncRNA	one-to-one	GENCODE.v47vsM394
ENSG00000304504.1	lncRNA	ENSMUSG00000114348.3	lncRNA	one-to-one	GENCODE.v47vsM395
ENSG00000286829.2	lncRNA	ENSMUSG00000118449.3	lncRNA	one-to-one	GENCODE.v47vsM396
ENSG00000247151.8	lncRNA	ENSMUSG00000139918.1	lncRNA	many-to-many	GENCODE.v47vsM397
ENSG00000294697.1	lncRNA	ENSMUSG00000120842.2	lncRNA	one-to-many	GENCODE.v47vsM398
ENSG00000300745.1	lncRNA	ENSMUSG00000116799.3	lncRNA	one-to-one	GENCODE.v47vsM399
ENSG00000248373.8	lncRNA	ENSMUSG00000122997.1	lncRNA	one-to-many	GENCODE.v47vsM400
ENSG00000309200.1	lncRNA	ENSMUSG00000131753.1	lncRNA	one-to-half	GENCODE.v47vsM401
ENSG00000280870.4	lncRNA	ENSMUSG00000087620.10	lncRNA	one-to-one	GENCODE.v47vsM402
ENSG00000229345.2	lncRNA	ENSMUSG00000113453.3	lncRNA	one-to-one	GENCODE.v47vsM403
ENSG00000215424.11	lncRNA	ENSMUSG00000124407.1	lncRNA	one-to-one	GENCODE.v47vsM404
ENSG00000234350.8	lncRNA	ENSMUSG00000132287.1	lncRNA	one-to-many	GENCODE.v47vsM405
ENSG00000257842.7	lncRNA	ENSMUSG00000137888.1	lncRNA	one-to-one	GENCODE.v47vsM406
ENSG00000221883.5	lncRNA	ENSMUSG00000140520.1	lncRNA	one-to-one	GENCODE.v47vsM407
ENSG00000296452.1	lncRNA	ENSMUSG00000121683.1	lncRNA	one-to-many	GENCODE.v47vsM408
ENSG00000244040.8	lncRNA	ENSMUSG00000091272.3	lncRNA	many-to-many	GENCODE.v47vsM409
ENSG00000272902.2	lncRNA	ENSMUSG00000126978.1	lncRNA	one-to-one	GENCODE.v47vsM410
ENSG00000310508.1	lncRNA	ENSMUSG00000129933.1	lncRNA	many-to-many	GENCODE.v47vsM411
ENSG00000295873.1	lncRNA	ENSMUSG00000112666.3	lncRNA	many-to-many	GENCODE.v47vsM412
ENSG00000308298.1	lncRNA	ENSMUSG00000097930.5	lncRNA	many-to-many	GENCODE.v47vsM413
ENSG00000310173.1	lncRNA	ENSMUSG00000086396.3	lncRNA	one-to-one	GENCODE.v47vsM414
ENSG00000306427.1	lncRNA	ENSMUSG00000086565.2	lncRNA	one-to-one	GENCODE.v47vsM415
ENSG00000198454.3	lncRNA	ENSMUSG00000120226.2	lncRNA	one-to-one	GENCODE.v47vsM416
ENSG00000296027.1	lncRNA	ENSMUSG00000126408.1	lncRNA	one-to-many	GENCODE.v47vsM417
ENSG00000273639.7	lncRNA	ENSMUSG00000124996.1	lncRNA	many-to-many	GENCODE.v47vsM418
ENSG00000286373.2	lncRNA	ENSMUSG00000138095.1	lncRNA	one-to-many	GENCODE.v47vsM419
ENSG00000293668.1	lncRNA	ENSMUSG00000131699.1	lncRNA	one-to-many	GENCODE.v47vsM420
ENSG00000291094.2	lncRNA	ENSMUSG00000143583.1	lncRNA	many-to-many	GENCODE.v47vsM421
ENSG00000227036.11	lncRNA	ENSMUSG00000085421.4	lncRNA	one-to-many	GENCODE.v47vsM422
ENSG00000298131.1	lncRNA	ENSMUSG00000135043.1	lncRNA	one-to-many	GENCODE.v47vsM423
ENSG00000285637.3	lncRNA	ENSMUSG00000143431.1	lncRNA	many-to-many	GENCODE.v47vsM424
ENSG00000261105.7	lncRNA	ENSMUSG00000053821.6	lncRNA	one-to-one	GENCODE.v47vsM425
ENSG00000230937.14	lncRNA	ENSMUSG00000097850.4	lncRNA	many-to-many	GENCODE.v47vsM426
ENSG00000296095.1	lncRNA	ENSMUSG00000129810.1	lncRNA	many-to-many	GENCODE.v47vsM427
ENSG00000298277.1	lncRNA	ENSMUSG00000139505.1	lncRNA	one-to-one	GENCODE.v47vsM428
ENSG00000272406.2	lncRNA	ENSMUSG00000126625.1	lncRNA	one-to-one	GENCODE.v47vsM429
ENSG00000258489.5	lncRNA	ENSMUSG00000100664.3	lncRNA	one-to-one	GENCODE.v47vsM430
ENSG00000254718.7	lncRNA	ENSMUSG00000143919.1	lncRNA	one-to-many	GENCODE.v47vsM431
ENSG00000307332.1	lncRNA	ENSMUSG00000097760.4	lncRNA	one-to-one	GENCODE.v47vsM432
ENSG00000303693.1	lncRNA	ENSMUSG00000135954.1	lncRNA	one-to-one	GENCODE.v47vsM433
ENSG00000282925.1	lncRNA	ENSMUSG00000127502.1	lncRNA	one-to-one	GENCODE.v47vsM434
ENSG00000232643.3	lncRNA	ENSMUSG00000087647.3	lncRNA	one-to-one	GENCODE.v47vsM435
ENSG00000249526.2	lncRNA	ENSMUSG00000118347.4	lncRNA	one-to-many	GENCODE.v47vsM436
ENSG00000251363.4	lncRNA	ENSMUSG00000102199.2	lncRNA	one-to-one	GENCODE.v47vsM437
ENSG00000302227.1	lncRNA	ENSMUSG00000122423.1	lncRNA	one-to-one	GENCODE.v47vsM438
ENSG00000305690.1	lncRNA	ENSMUSG00000113784.3	lncRNA	many-to-many	GENCODE.v47vsM439
ENSG00000294960.1	lncRNA	ENSMUSG00000124248.1	lncRNA	one-to-one	GENCODE.v47vsM440
ENSG00000246316.8	lncRNA	ENSMUSG00000098284.10	lncRNA	one-to-one	GENCODE.v47vsM441
ENSG00000304959.1	lncRNA	ENSMUSG00000134837.1	lncRNA	one-to-one	GENCODE.v47vsM442
ENSG00000308369.1	lncRNA	ENSMUSG00000047935.20	lncRNA	one-to-many	GENCODE.v47vsM443
ENSG00000286604.2	lncRNA	ENSMUSG00000128921.1	lncRNA	one-to-one	GENCODE.v47vsM444
ENSG00000225497.6	lncRNA	ENSMUSG00000100100.2	lncRNA	one-to-one	GENCODE.v47vsM445
ENSG00000223765.4	lncRNA	ENSMUSG00000101227.3	lncRNA	one-to-many	GENCODE.v47vsM446
ENSG00000215386.16	lncRNA	ENSMUSG00000096870.6	lncRNA	many-to-many	GENCODE.v47vsM447
ENSG00000231826.9	lncRNA	ENSMUSG00000103015.2	lncRNA	many-to-many	GENCODE.v47vsM448
ENSG00000286638.3	lncRNA	ENSMUSG00000097146.3	lncRNA	one-to-one	GENCODE.v47vsM449
ENSG00000295023.1	lncRNA	ENSMUSG00000055833.16	lncRNA	one-to-one	GENCODE.v47vsM450
ENSG00000305728.1	lncRNA	ENSMUSG00000031559.17	lncRNA	one-to-one	GENCODE.v47vsM451
ENSG00000300034.1	lncRNA	ENSMUSG00000131100.1	lncRNA	one-to-one	GENCODE.v47vsM452
ENSG00000287084.3	lncRNA	ENSMUSG00000112238.3	lncRNA	one-to-one	GENCODE.v47vsM453
ENSG00000300614.1	lncRNA	ENSMUSG00000127227.1	lncRNA	one-to-one	GENCODE.v47vsM454
ENSG00000304254.1	lncRNA	ENSMUSG00000119973.2	lncRNA	one-to-many	GENCODE.v47vsM455
ENSG00000286943.1	lncRNA	ENSMUSG00000109002.3	lncRNA	one-to-one	GENCODE.v47vsM456
ENSG00000262869.2	lncRNA	ENSMUSG00000135641.1	lncRNA	one-to-one	GENCODE.v47vsM457
ENSG00000310213.1	lncRNA	ENSMUSG00000132054.1	lncRNA	one-to-one	GENCODE.v47vsM458
ENSG00000304748.1	lncRNA	ENSMUSG00000139214.1	lncRNA	one-to-many	GENCODE.v47vsM459
ENSG00000299831.1	lncRNA	ENSMUSG00000137720.1	lncRNA	one-to-many	GENCODE.v47vsM460
ENSG00000290400.2	lncRNA	ENSMUSG00000143864.1	lncRNA	many-to-many	GENCODE.v47vsM461
ENSG00000253868.5	lncRNA	ENSMUSG00000131189.1	lncRNA	one-to-one	GENCODE.v47vsM462
ENSG00000286263.2	lncRNA	ENSMUSG00000110626.3	lncRNA	one-to-one	GENCODE.v47vsM463
ENSG00000234625.2	lncRNA	ENSMUSG00000103140.2	lncRNA	one-to-one	GENCODE.v47vsM464
ENSG00000249328.4	lncRNA	ENSMUSG00000124847.1	lncRNA	one-to-many	GENCODE.v47vsM465
ENSG00000225882.2	lncRNA	ENSMUSG00000123062.1	lncRNA	one-to-one	GENCODE.v47vsM466
ENSG00000228427.6	lncRNA	ENSMUSG00000143148.1	lncRNA	one-to-many	GENCODE.v47vsM467
ENSG00000305025.1	lncRNA	ENSMUSG00000143212.1	lncRNA	one-to-one	GENCODE.v47vsM468
ENSG00000246366.8	lncRNA	ENSMUSG00000120948.2	lncRNA	one-to-one	GENCODE.v47vsM469
ENSG00000306853.1	lncRNA	ENSMUSG00000136948.1	lncRNA	one-to-one	GENCODE.v47vsM470
ENSG00000305090.1	lncRNA	ENSMUSG00000111413.3	lncRNA	one-to-one	GENCODE.v47vsM471
ENSG00000255693.4	lncRNA	ENSMUSG00000112846.3	lncRNA	one-to-many	GENCODE.v47vsM472
ENSG00000246523.11	lncRNA	ENSMUSG00000109199.2	lncRNA	many-to-many	GENCODE.v47vsM473
ENSG00000251205.4	lncRNA	ENSMUSG00000118117.4	lncRNA	one-to-one	GENCODE.v47vsM474
ENSG00000299946.1	lncRNA	ENSMUSG00000132672.1	lncRNA	one-to-one	GENCODE.v47vsM475
ENSG00000303741.1	lncRNA	ENSMUSG00000115767.2	lncRNA	one-to-one	GENCODE.v47vsM476
ENSG00000234494.9	lncRNA	ENSMUSG00000078700.13	lncRNA	one-to-many	GENCODE.v47vsM477
ENSG00000279590.1	lncRNA	ENSMUSG00000130143.1	lncRNA	one-to-many	GENCODE.v47vsM478
ENSG00000296722.1	lncRNA	ENSMUSG00000144091.1	lncRNA	one-to-one	GENCODE.v47vsM479
ENSG00000304718.1	lncRNA	ENSMUSG00000086896.3	lncRNA	one-to-one	GENCODE.v47vsM480
ENSG00000288768.2	lncRNA	ENSMUSG00000142816.1	lncRNA	one-to-one	GENCODE.v47vsM481
ENSG00000302049.1	lncRNA	ENSMUSG00000119948.2	lncRNA	many-to-many	GENCODE.v47vsM482
ENSG00000289059.2	lncRNA	ENSMUSG00000138003.1	lncRNA	one-to-one	GENCODE.v47vsM483
ENSG00000225206.13	lncRNA	ENSMUSG00000097311.10	lncRNA	many-to-many	GENCODE.v47vsM484
ENSG00000241042.2	lncRNA	ENSMUSG00000130059.1	lncRNA	one-to-many	GENCODE.v47vsM485
ENSG00000296061.1	lncRNA	ENSMUSG00000140667.1	lncRNA	one-to-one	GENCODE.v47vsM486
ENSG00000263072.11	lncRNA	ENSMUSG00000117322.3	lncRNA	one-to-one	GENCODE.v47vsM487
ENSG00000305844.1	lncRNA	ENSMUSG00000043488.8	lncRNA	one-to-many	GENCODE.v47vsM488
ENSG00000299303.1	lncRNA	ENSMUSG00000097428.3	lncRNA	one-to-one	GENCODE.v47vsM489
ENSG00000229750.2	lncRNA	ENSMUSG00000122568.1	lncRNA	one-to-many	GENCODE.v47vsM490
ENSG00000232920.2	lncRNA	ENSMUSG00000140390.1	lncRNA	one-to-many	GENCODE.v47vsM491
ENSG00000303728.1	lncRNA	ENSMUSG00000125746.1	lncRNA	one-to-one	GENCODE.v47vsM492
ENSG00000309281.1	lncRNA	ENSMUSG00000130467.1	lncRNA	one-to-one	GENCODE.v47vsM493
ENSG00000291095.2	lncRNA	ENSMUSG00000141783.1	lncRNA	many-to-many	GENCODE.v47vsM494
ENSG00000306756.1	lncRNA	ENSMUSG00000141168.1	lncRNA	one-to-one	GENCODE.v47vsM495
ENSG00000287019.2	lncRNA	ENSMUSG00000121814.1	lncRNA	many-to-many	GENCODE.v47vsM496
ENSG00000286285.2	lncRNA	ENSMUSG00000138534.1	lncRNA	one-to-one	GENCODE.v47vsM497
ENSG00000288659.4	lncRNA	ENSMUSG00000132904.1	lncRNA	one-to-half	GENCODE.v47vsM498
ENSG00000250244.6	lncRNA	ENSMUSG00000087668.2	lncRNA	one-to-one	GENCODE.v47vsM499
ENSG00000258727.2	lncRNA	ENSMUSG00000136573.1	lncRNA	one-to-one	GENCODE.v47vsM500
ENSG00000279302.3	lncRNA	ENSMUSG00000143296.1	lncRNA	one-to-many	GENCODE.v47vsM501
ENSG00000226891.10	lncRNA	ENSMUSG00000085721.4	lncRNA	many-to-many	GENCODE.v47vsM502
ENSG00000241158.7	lncRNA	ENSMUSG00000048636.9	lncRNA	one-to-one	GENCODE.v47vsM503
ENSG00000254946.3	lncRNA	ENSMUSG00000143724.1	lncRNA	one-to-many	GENCODE.v47vsM504
ENSG00000287831.1	lncRNA	ENSMUSG00000129910.1	lncRNA	one-to-many	GENCODE.v47vsM505
ENSG00000281091.4	lncRNA	ENSMUSG00000125996.1	lncRNA	many-to-many	GENCODE.v47vsM506
ENSG00000307488.1	lncRNA	ENSMUSG00000123276.1	lncRNA	one-to-one	GENCODE.v47vsM507
ENSG00000297359.1	lncRNA	ENSMUSG00000101224.3	lncRNA	one-to-many	GENCODE.v47vsM508
ENSG00000230730.2	lncRNA	ENSMUSG00000107036.3	lncRNA	one-to-one	GENCODE.v47vsM509
ENSG00000286883.1	lncRNA	ENSMUSG00000121056.2	lncRNA	one-to-many	GENCODE.v47vsM510
ENSG00000289087.2	lncRNA	ENSMUSG00000110101.3	lncRNA	one-to-one	GENCODE.v47vsM511
ENSG00000286491.4	lncRNA	ENSMUSG00000123387.1	lncRNA	one-to-one	GENCODE.v47vsM512
ENSG00000303579.1	lncRNA	ENSMUSG00000113589.2	lncRNA	one-to-one	GENCODE.v47vsM513
ENSG00000303143.1	lncRNA	ENSMUSG00000141135.1	lncRNA	one-to-one	GENCODE.v47vsM514
ENSG00000305031.1	lncRNA	ENSMUSG00000117592.3	lncRNA	one-to-one	GENCODE.v47vsM515
ENSG00000203706.10	lncRNA	ENSMUSG00000089812.5	lncRNA	one-to-one	GENCODE.v47vsM516
ENSG00000257551.2	lncRNA	ENSMUSG00000102158.3	lncRNA	one-to-one	GENCODE.v47vsM517
ENSG00000265179.10	lncRNA	ENSMUSG00000139347.1	lncRNA	one-to-one	GENCODE.v47vsM518
ENSG00000304056.1	lncRNA	ENSMUSG00000127235.1	lncRNA	many-to-many	GENCODE.v47vsM519
ENSG00000298284.1	lncRNA	ENSMUSG00000141277.1	lncRNA	one-to-many	GENCODE.v47vsM520
ENSG00000300023.1	lncRNA	ENSMUSG00000134318.1	lncRNA	one-to-one	GENCODE.v47vsM521
ENSG00000288061.4	lncRNA	ENSMUSG00000087135.9	lncRNA	one-to-many	GENCODE.v47vsM522
ENSG00000235478.7	lncRNA	ENSMUSG00000132549.1	lncRNA	one-to-one	GENCODE.v47vsM523
ENSG00000307439.1	lncRNA	ENSMUSG00000135913.1	lncRNA	one-to-many	GENCODE.v47vsM524
ENSG00000300068.1	lncRNA	ENSMUSG00000126744.1	lncRNA	one-to-one	GENCODE.v47vsM525
ENSG00000241163.11	lncRNA	ENSMUSG00000108151.3	lncRNA	one-to-many	GENCODE.v47vsM526
ENSG00000278709.2	lncRNA	ENSMUSG00000087600.4	lncRNA	one-to-one	GENCODE.v47vsM527
ENSG00000239523.9	lncRNA	ENSMUSG00000142384.1	lncRNA	one-to-many	GENCODE.v47vsM528
ENSG00000309391.1	lncRNA	ENSMUSG00000138924.1	lncRNA	one-to-one	GENCODE.v47vsM529
ENSG00000296888.1	lncRNA	ENSMUSG00000129432.1	lncRNA	one-to-one	GENCODE.v47vsM530
ENSG00000284823.2	lncRNA	ENSMUSG00000114661.3	lncRNA	one-to-one	GENCODE.v47vsM531
ENSG00000299346.1	lncRNA	ENSMUSG00000087641.3	lncRNA	one-to-one	GENCODE.v47vsM532
ENSG00000227857.3	lncRNA	ENSMUSG00000126854.1	lncRNA	one-to-one	GENCODE.v47vsM533
ENSG00000247381.3	lncRNA	ENSMUSG00000126307.1	lncRNA	one-to-many	GENCODE.v47vsM534
ENSG00000294207.1	lncRNA	ENSMUSG00000125704.1	lncRNA	many-to-many	GENCODE.v47vsM535
ENSG00000279344.1	lncRNA	ENSMUSG00000109727.2	lncRNA	many-to-many	GENCODE.v47vsM536
ENSG00000306061.1	lncRNA	ENSMUSG00000131465.1	lncRNA	one-to-one	GENCODE.v47vsM537
ENSG00000290758.3	lncRNA	ENSMUSG00000110365.3	lncRNA	many-to-many	GENCODE.v47vsM538
ENSG00000263146.4	lncRNA	ENSMUSG00000098720.3	lncRNA	one-to-one	GENCODE.v47vsM539
ENSG00000262877.6	lncRNA	ENSMUSG00000043993.9	lncRNA	one-to-one	GENCODE.v47vsM540
ENSG00000310416.1	lncRNA	ENSMUSG00000086392.11	lncRNA	one-to-many	GENCODE.v47vsM541
ENSG00000248441.10	lncRNA	ENSMUSG00000099558.2	lncRNA	one-to-many	GENCODE.v47vsM542
ENSG00000226571.3	lncRNA	ENSMUSG00000093672.4	lncRNA	one-to-many	GENCODE.v47vsM543
ENSG00000248890.5	lncRNA	ENSMUSG00000136241.1	lncRNA	one-to-one	GENCODE.v47vsM544
ENSG00000302835.1	lncRNA	ENSMUSG00000113587.3	lncRNA	one-to-many	GENCODE.v47vsM545
ENSG00000233293.2	lncRNA	ENSMUSG00000134500.1	lncRNA	one-to-one	GENCODE.v47vsM546
ENSG00000280426.1	lncRNA	ENSMUSG00000092183.3	lncRNA	one-to-one	GENCODE.v47vsM547
ENSG00000295988.1	lncRNA	ENSMUSG00000089647.4	lncRNA	one-to-half	GENCODE.v47vsM548
ENSG00000242268.4	lncRNA	ENSMUSG00000135294.1	lncRNA	one-to-half	GENCODE.v47vsM549
ENSG00000267924.1	lncRNA	ENSMUSG00000139890.1	lncRNA	many-to-many	GENCODE.v47vsM550
ENSG00000243960.1	lncRNA	ENSMUSG00000105852.5	lncRNA	many-to-many	GENCODE.v47vsM551
ENSG00000297124.1	lncRNA	ENSMUSG00000092578.3	lncRNA	one-to-one	GENCODE.v47vsM552
ENSG00000245910.10	lncRNA	ENSMUSG00000098234.10	lncRNA	many-to-many	GENCODE.v47vsM553
ENSG00000301213.1	lncRNA	ENSMUSG00000128890.1	lncRNA	one-to-many	GENCODE.v47vsM554
ENSG00000258086.2	lncRNA	ENSMUSG00000104327.2	lncRNA	one-to-one	GENCODE.v47vsM555
ENSG00000265218.2	lncRNA	ENSMUSG00000110636.4	lncRNA	one-to-many	GENCODE.v47vsM556
ENSG00000307772.1	lncRNA	ENSMUSG00000117238.2	lncRNA	many-to-many	GENCODE.v47vsM557
ENSG00000250042.1	lncRNA	ENSMUSG00000102378.2	lncRNA	one-to-one	GENCODE.v47vsM558
ENSG00000256742.2	lncRNA	ENSMUSG00000142552.1	lncRNA	one-to-many	GENCODE.v47vsM559
ENSG00000309389.1	lncRNA	ENSMUSG00000139269.1	lncRNA	one-to-one	GENCODE.v47vsM560
ENSG00000305082.1	lncRNA	ENSMUSG00000123626.1	lncRNA	one-to-one	GENCODE.v47vsM561
ENSG00000294125.1	lncRNA	ENSMUSG00000129415.1	lncRNA	one-to-one	GENCODE.v47vsM562
ENSG00000297045.1	lncRNA	ENSMUSG00000143117.1	lncRNA	one-to-one	GENCODE.v47vsM563
ENSG00000182257.8	lncRNA	ENSMUSG00000127276.1	lncRNA	one-to-one	GENCODE.v47vsM564
ENSG00000257126.7	lncRNA	ENSMUSG00000112763.4	lncRNA	one-to-one	GENCODE.v47vsM565
ENSG00000203585.5	lncRNA	ENSMUSG00000112854.2	lncRNA	one-to-many	GENCODE.v47vsM566
ENSG00000273355.3	lncRNA	ENSMUSG00000107277.2	lncRNA	one-to-one	GENCODE.v47vsM567
ENSG00000303461.1	lncRNA	ENSMUSG00000120265.2	lncRNA	one-to-many	GENCODE.v47vsM568
ENSG00000304178.1	lncRNA	ENSMUSG00000111907.3	lncRNA	one-to-one	GENCODE.v47vsM569
ENSG00000256982.4	lncRNA	ENSMUSG00000110523.4	lncRNA	one-to-one	GENCODE.v47vsM570
ENSG00000230126.1	lncRNA	ENSMUSG00000128222.1	lncRNA	one-to-many	GENCODE.v47vsM571
ENSG00000230623.9	lncRNA	ENSMUSG00000134704.1	lncRNA	many-to-many	GENCODE.v47vsM572
ENSG00000307835.1	lncRNA	ENSMUSG00000123139.1	lncRNA	one-to-one	GENCODE.v47vsM573
ENSG00000229839.7	lncRNA	ENSMUSG00000100281.3	lncRNA	many-to-many	GENCODE.v47vsM574
ENSG00000303320.1	lncRNA	ENSMUSG00000140463.1	lncRNA	one-to-many	GENCODE.v47vsM575
ENSG00000294692.1	lncRNA	ENSMUSG00000107868.2	lncRNA	one-to-many	GENCODE.v47vsM576
ENSG00000307585.2	lncRNA	ENSMUSG00000089926.3	lncRNA	one-to-one	GENCODE.v47vsM577
ENSG00000304237.1	lncRNA	ENSMUSG00000128147.1	lncRNA	one-to-one	GENCODE.v47vsM578
ENSG00000231249.4	lncRNA	ENSMUSG00000132047.1	lncRNA	one-to-one	GENCODE.v47vsM579
ENSG00000307557.1	lncRNA	ENSMUSG00000135336.1	lncRNA	one-to-one	GENCODE.v47vsM580
ENSG00000225619.1	lncRNA	ENSMUSG00000112390.4	lncRNA	one-to-many	GENCODE.v47vsM581
ENSG00000183784.7	lncRNA	ENSMUSG00000143005.1	lncRNA	one-to-one	GENCODE.v47vsM582
ENSG00000295873.1	lncRNA	ENSMUSG00000112586.3	lncRNA	many-to-many	GENCODE.v47vsM583
ENSG00000289052.2	lncRNA	ENSMUSG00000123360.1	lncRNA	one-to-one	GENCODE.v47vsM584
ENSG00000296089.1	lncRNA	ENSMUSG00000110110.3	lncRNA	one-to-many	GENCODE.v47vsM585
ENSG00000250220.2	lncRNA	ENSMUSG00000054945.6	lncRNA	one-to-many	GENCODE.v47vsM586
ENSG00000302751.1	lncRNA	ENSMUSG00000132270.1	lncRNA	one-to-many	GENCODE.v47vsM587
ENSG00000277215.3	lncRNA	ENSMUSG00000124784.1	lncRNA	one-to-many	GENCODE.v47vsM588
ENSG00000293871.1	lncRNA	ENSMUSG00000121619.2	lncRNA	one-to-many	GENCODE.v47vsM589
ENSG00000251185.2	lncRNA	ENSMUSG00000107301.3	lncRNA	one-to-one	GENCODE.v47vsM590
ENSG00000290782.2	lncRNA	ENSMUSG00000120470.2	lncRNA	many-to-many	GENCODE.v47vsM591
ENSG00000223768.5	lncRNA	ENSMUSG00000078444.5	lncRNA	many-to-many	GENCODE.v47vsM592
ENSG00000305711.1	lncRNA	ENSMUSG00000123466.1	lncRNA	one-to-one	GENCODE.v47vsM593
ENSG00000278990.1	lncRNA	ENSMUSG00000085641.3	lncRNA	one-to-many	GENCODE.v47vsM594
ENSG00000292979.2	lncRNA	ENSMUSG00000099690.2	lncRNA	many-to-many	GENCODE.v47vsM595
ENSG00000297174.1	lncRNA	ENSMUSG00000087400.11	lncRNA	one-to-many	GENCODE.v47vsM596
ENSG00000305745.1	lncRNA	ENSMUSG00000139775.1	lncRNA	one-to-one	GENCODE.v47vsM597
ENSG00000250819.2	lncRNA	ENSMUSG00000029092.12	lncRNA	one-to-one	GENCODE.v47vsM598
ENSG00000288638.1	lncRNA	ENSMUSG00000122572.1	lncRNA	one-to-one	GENCODE.v47vsM599
ENSG00000303343.1	lncRNA	ENSMUSG00000142887.1	lncRNA	many-to-many	GENCODE.v47vsM600
ENSG00000296454.1	lncRNA	ENSMUSG00000131032.1	lncRNA	one-to-one	GENCODE.v47vsM601
ENSG00000246777.1	lncRNA	ENSMUSG00000110630.3	lncRNA	one-to-one	GENCODE.v47vsM602
ENSG00000227392.4	lncRNA	ENSMUSG00000123437.1	lncRNA	one-to-one	GENCODE.v47vsM603
ENSG00000287332.2	lncRNA	ENSMUSG00000138531.1	lncRNA	one-to-many	GENCODE.v47vsM604
ENSG00000258520.1	lncRNA	ENSMUSG00000097801.3	lncRNA	one-to-one	GENCODE.v47vsM605
ENSG00000236266.2	lncRNA	ENSMUSG00000132863.1	lncRNA	one-to-one	GENCODE.v47vsM606
ENSG00000247381.3	lncRNA	ENSMUSG00000092570.9	lncRNA	one-to-many	GENCODE.v47vsM607
ENSG00000230805.9	lncRNA	ENSMUSG00000125070.1	lncRNA	one-to-one	GENCODE.v47vsM608
ENSG00000299708.1	lncRNA	ENSMUSG00000130469.1	lncRNA	one-to-one	GENCODE.v47vsM609
ENSG00000289109.2	lncRNA	ENSMUSG00000140622.1	lncRNA	many-to-many	GENCODE.v47vsM610
ENSG00000290018.1	lncRNA	ENSMUSG00000121706.1	lncRNA	many-to-many	GENCODE.v47vsM611
ENSG00000305352.1	lncRNA	ENSMUSG00000117171.2	lncRNA	one-to-many	GENCODE.v47vsM612
ENSG00000231154.2	lncRNA	ENSMUSG00000087368.9	lncRNA	one-to-many	GENCODE.v47vsM613
ENSG00000229852.5	lncRNA	ENSMUSG00000106712.2	lncRNA	many-to-many	GENCODE.v47vsM614
ENSG00000289514.3	lncRNA	ENSMUSG00000142061.1	lncRNA	one-to-one	GENCODE.v47vsM615
ENSG00000250903.12	lncRNA	ENSMUSG00000113965.2	lncRNA	one-to-many	GENCODE.v47vsM616
ENSG00000248752.4	lncRNA	ENSMUSG00000138284.1	lncRNA	one-to-many	GENCODE.v47vsM617
ENSG00000235527.8	lncRNA	ENSMUSG00000084997.8	lncRNA	one-to-one	GENCODE.v47vsM618
ENSG00000224765.3	lncRNA	ENSMUSG00000132414.1	lncRNA	one-to-one	GENCODE.v47vsM619
ENSG00000226828.3	lncRNA	ENSMUSG00000137757.1	lncRNA	one-to-many	GENCODE.v47vsM620
ENSG00000266473.2	lncRNA	ENSMUSG00000059706.6	lncRNA	many-to-many	GENCODE.v47vsM621
ENSG00000291094.2	lncRNA	ENSMUSG00000124618.1	lncRNA	many-to-many	GENCODE.v47vsM622
ENSG00000299358.1	lncRNA	ENSMUSG00000089875.5	lncRNA	one-to-one	GENCODE.v47vsM623
ENSG00000259267.4	lncRNA	ENSMUSG00000093573.3	lncRNA	one-to-many	GENCODE.v47vsM624
ENSG00000224995.2	lncRNA	ENSMUSG00000103368.2	lncRNA	one-to-one	GENCODE.v47vsM625
ENSG00000285940.5	lncRNA	ENSMUSG00000120137.2	lncRNA	one-to-one	GENCODE.v47vsM626
ENSG00000233871.3	lncRNA	ENSMUSG00000097450.9	lncRNA	one-to-many	GENCODE.v47vsM627
ENSG00000278058.2	lncRNA	ENSMUSG00000124235.1	lncRNA	many-to-many	GENCODE.v47vsM628
ENSG00000286525.4	lncRNA	ENSMUSG00000137130.1	lncRNA	one-to-one	GENCODE.v47vsM629
ENSG00000253433.2	lncRNA	ENSMUSG00000143625.1	lncRNA	one-to-one	GENCODE.v47vsM630
ENSG00000296540.1	lncRNA	ENSMUSG00000117575.4	lncRNA	one-to-one	GENCODE.v47vsM631
ENSG00000293349.1	lncRNA	ENSMUSG00000106978.3	lncRNA	one-to-one	GENCODE.v47vsM632
ENSG00000258056.4	lncRNA	ENSMUSG00000130340.1	lncRNA	one-to-one	GENCODE.v47vsM633
ENSG00000296830.1	lncRNA	ENSMUSG00000099923.5	lncRNA	one-to-one	GENCODE.v47vsM634
ENSG00000237062.3	lncRNA	ENSMUSG00000099421.2	lncRNA	one-to-one	GENCODE.v47vsM635
ENSG00000287609.1	lncRNA	ENSMUSG00000050066.7	lncRNA	one-to-one	GENCODE.v47vsM636
ENSG00000257221.5	lncRNA	ENSMUSG00000051606.9	lncRNA	one-to-many	GENCODE.v47vsM637
ENSG00000243701.9	lncRNA	ENSMUSG00000137436.1	lncRNA	one-to-many	GENCODE.v47vsM638
ENSG00000227893.1	lncRNA	ENSMUSG00000131399.1	lncRNA	one-to-many	GENCODE.v47vsM639
ENSG00000301458.1	lncRNA	ENSMUSG00000115062.2	lncRNA	one-to-one	GENCODE.v47vsM640
ENSG00000230731.4	lncRNA	ENSMUSG00000101009.8	lncRNA	one-to-many	GENCODE.v47vsM641
ENSG00000250338.1	lncRNA	ENSMUSG00000120641.2	lncRNA	one-to-half	GENCODE.v47vsM642
ENSG00000302826.1	lncRNA	ENSMUSG00000120460.2	lncRNA	one-to-one	GENCODE.v47vsM643
ENSG00000307522.1	lncRNA	ENSMUSG00000130538.1	lncRNA	one-to-one	GENCODE.v47vsM644
ENSG00000303634.1	lncRNA	ENSMUSG00000120121.2	lncRNA	one-to-many	GENCODE.v47vsM645
ENSG00000293754.1	lncRNA	ENSMUSG00000108236.3	lncRNA	many-to-many	GENCODE.v47vsM646
ENSG00000298839.1	lncRNA	ENSMUSG00000131872.1	lncRNA	one-to-one	GENCODE.v47vsM647
ENSG00000232234.5	lncRNA	ENSMUSG00000114767.3	lncRNA	one-to-many	GENCODE.v47vsM648
ENSG00000245768.8	lncRNA	ENSMUSG00000137922.1	lncRNA	one-to-one	GENCODE.v47vsM649
ENSG00000287142.1	lncRNA	ENSMUSG00000140351.1	lncRNA	one-to-one	GENCODE.v47vsM650
ENSG00000282728.2	lncRNA	ENSMUSG00000111602.3	lncRNA	many-to-many	GENCODE.v47vsM651
ENSG00000255247.1	lncRNA	ENSMUSG00000122217.1	lncRNA	one-to-one	GENCODE.v47vsM652
ENSG00000288536.2	lncRNA	ENSMUSG00000109338.4	lncRNA	one-to-one	GENCODE.v47vsM653
ENSG00000309472.1	lncRNA	ENSMUSG00000137547.1	lncRNA	many-to-many	GENCODE.v47vsM654
ENSG00000274698.1	lncRNA	ENSMUSG00000129536.1	lncRNA	one-to-many	GENCODE.v47vsM655
ENSG00000273335.1	lncRNA	ENSMUSG00000117250.3	lncRNA	one-to-many	GENCODE.v47vsM656
ENSG00000309578.1	lncRNA	ENSMUSG00000122534.1	lncRNA	one-to-one	GENCODE.v47vsM657
ENSG00000295614.1	lncRNA	ENSMUSG00000143714.1	lncRNA	one-to-one	GENCODE.v47vsM658
ENSG00000289101.2	lncRNA	ENSMUSG00000120759.2	lncRNA	one-to-one	GENCODE.v47vsM659
ENSG00000261482.1	lncRNA	ENSMUSG00000045928.4	lncRNA	one-to-many	GENCODE.v47vsM660
ENSG00000293771.1	lncRNA	ENSMUSG00000123633.1	lncRNA	one-to-one	GENCODE.v47vsM661
ENSG00000233891.9	lncRNA	ENSMUSG00000087085.3	lncRNA	many-to-many	GENCODE.v47vsM662
ENSG00000223715.4	lncRNA	ENSMUSG00000102233.2	lncRNA	one-to-many	GENCODE.v47vsM663
ENSG00000303611.1	lncRNA	ENSMUSG00000102046.3	lncRNA	one-to-one	GENCODE.v47vsM664
ENSG00000289061.2	lncRNA	ENSMUSG00000123128.1	lncRNA	one-to-one	GENCODE.v47vsM665
ENSG00000301982.1	lncRNA	ENSMUSG00000117671.3	lncRNA	one-to-one	GENCODE.v47vsM666
ENSG00000287431.2	lncRNA	ENSMUSG00000075389.6	lncRNA	one-to-one	GENCODE.v47vsM667
ENSG00000307740.1	lncRNA	ENSMUSG00000144136.1	lncRNA	one-to-many	GENCODE.v47vsM668
ENSG00000294336.1	lncRNA	ENSMUSG00000138590.1	lncRNA	one-to-many	GENCODE.v47vsM669
ENSG00000230513.5	lncRNA	ENSMUSG00000116898.4	lncRNA	many-to-many	GENCODE.v47vsM670
ENSG00000267811.2	lncRNA	ENSMUSG00000140173.1	lncRNA	one-to-one	GENCODE.v47vsM671
ENSG00000279754.1	lncRNA	ENSMUSG00000115580.3	lncRNA	one-to-one	GENCODE.v47vsM672
ENSG00000289877.2	lncRNA	ENSMUSG00000087184.4	lncRNA	one-to-one	GENCODE.v47vsM673
ENSG00000267095.1	lncRNA	ENSMUSG00000140894.1	lncRNA	one-to-one	GENCODE.v47vsM674
ENSG00000281721.2	lncRNA	ENSMUSG00000115149.4	lncRNA	one-to-one	GENCODE.v47vsM675
ENSG00000287236.2	lncRNA	ENSMUSG00000136681.1	lncRNA	one-to-one	GENCODE.v47vsM676
ENSG00000287241.2	lncRNA	ENSMUSG00000086171.9	lncRNA	one-to-one	GENCODE.v47vsM677
ENSG00000298060.1	lncRNA	ENSMUSG00000120628.2	lncRNA	one-to-one	GENCODE.v47vsM678
ENSG00000287854.2	lncRNA	ENSMUSG00000125930.1	lncRNA	one-to-one	GENCODE.v47vsM679
ENSG00000293596.2	lncRNA	ENSMUSG00000120668.2	lncRNA	one-to-one	GENCODE.v47vsM680
ENSG00000271555.1	lncRNA	ENSMUSG00000090031.5	lncRNA	one-to-many	GENCODE.v47vsM681
ENSG00000301134.1	lncRNA	ENSMUSG00000114665.3	lncRNA	one-to-one	GENCODE.v47vsM682
ENSG00000295666.1	lncRNA	ENSMUSG00000117432.3	lncRNA	one-to-one	GENCODE.v47vsM683
ENSG00000296025.1	lncRNA	ENSMUSG00000136651.1	lncRNA	one-to-many	GENCODE.v47vsM684
ENSG00000261801.9	lncRNA	ENSMUSG00000120404.2	lncRNA	one-to-one	GENCODE.v47vsM685
ENSG00000303004.1	lncRNA	ENSMUSG00000124534.1	lncRNA	one-to-one	GENCODE.v47vsM686
ENSG00000187185.5	lncRNA	ENSMUSG00000110475.3	lncRNA	one-to-one	GENCODE.v47vsM687
ENSG00000298158.1	lncRNA	ENSMUSG00000086953.3	lncRNA	one-to-one	GENCODE.v47vsM688
ENSG00000277459.1	lncRNA	ENSMUSG00000110161.3	lncRNA	one-to-one	GENCODE.v47vsM689
ENSG00000306006.1	lncRNA	ENSMUSG00000090576.4	lncRNA	one-to-one	GENCODE.v47vsM690
ENSG00000302953.1	lncRNA	ENSMUSG00000130791.1	lncRNA	one-to-one	GENCODE.v47vsM691
ENSG00000248309.10	lncRNA	ENSMUSG00000130969.1	lncRNA	many-to-many	GENCODE.v47vsM692
ENSG00000266036.2	lncRNA	ENSMUSG00000124154.1	lncRNA	one-to-one	GENCODE.v47vsM693
ENSG00000296649.1	lncRNA	ENSMUSG00000105662.6	lncRNA	many-to-many	GENCODE.v47vsM694
ENSG00000303497.1	lncRNA	ENSMUSG00000123779.1	lncRNA	one-to-one	GENCODE.v47vsM695
ENSG00000253603.2	lncRNA	ENSMUSG00000125765.1	lncRNA	one-to-many	GENCODE.v47vsM696
ENSG00000305909.1	lncRNA	ENSMUSG00000115424.4	lncRNA	one-to-many	GENCODE.v47vsM697
ENSG00000286162.5	lncRNA	ENSMUSG00000097855.11	lncRNA	one-to-one	GENCODE.v47vsM698
ENSG00000289115.2	lncRNA	ENSMUSG00000136315.1	lncRNA	one-to-one	GENCODE.v47vsM699
ENSG00000295345.1	lncRNA	ENSMUSG00000102121.2	lncRNA	one-to-one	GENCODE.v47vsM700
ENSG00000227531.2	lncRNA	ENSMUSG00000137221.1	lncRNA	one-to-one	GENCODE.v47vsM701
ENSG00000293339.1	lncRNA	ENSMUSG00000109106.3	lncRNA	many-to-many	GENCODE.v47vsM702
ENSG00000262879.8	lncRNA	ENSMUSG00000134372.1	lncRNA	one-to-one	GENCODE.v47vsM703
ENSG00000228309.8	lncRNA	ENSMUSG00000139438.1	lncRNA	one-to-one	GENCODE.v47vsM704
ENSG00000308021.1	lncRNA	ENSMUSG00000143722.1	lncRNA	one-to-one	GENCODE.v47vsM705
ENSG00000179136.9	lncRNA	ENSMUSG00000085162.10	lncRNA	one-to-many	GENCODE.v47vsM706
ENSG00000308238.1	lncRNA	ENSMUSG00000097812.3	lncRNA	one-to-many	GENCODE.v47vsM707
ENSG00000301917.1	lncRNA	ENSMUSG00000142242.1	lncRNA	many-to-many	GENCODE.v47vsM708
ENSG00000235358.3	lncRNA	ENSMUSG00000124836.1	lncRNA	one-to-many	GENCODE.v47vsM709
ENSG00000296993.1	lncRNA	ENSMUSG00000126632.1	lncRNA	one-to-many	GENCODE.v47vsM710
ENSG00000243836.8	lncRNA	ENSMUSG00000131643.1	lncRNA	one-to-one	GENCODE.v47vsM711
ENSG00000231403.1	lncRNA	ENSMUSG00000135104.1	lncRNA	one-to-one	GENCODE.v47vsM712
ENSG00000296866.1	lncRNA	ENSMUSG00000114270.3	lncRNA	one-to-many	GENCODE.v47vsM713
ENSG00000296672.1	lncRNA	ENSMUSG00000109657.3	lncRNA	many-to-many	GENCODE.v47vsM714
ENSG00000301902.1	lncRNA	ENSMUSG00000126752.1	lncRNA	one-to-one	GENCODE.v47vsM715
ENSG00000229418.3	lncRNA	ENSMUSG00000133352.1	lncRNA	one-to-many	GENCODE.v47vsM716
ENSG00000296424.1	lncRNA	ENSMUSG00000109853.3	lncRNA	one-to-many	GENCODE.v47vsM717
ENSG00000237179.7	lncRNA	ENSMUSG00000133926.1	lncRNA	one-to-one	GENCODE.v47vsM718
ENSG00000308855.1	lncRNA	ENSMUSG00000140382.1	lncRNA	one-to-one	GENCODE.v47vsM719
ENSG00000310298.1	lncRNA	ENSMUSG00000085495.2	lncRNA	one-to-one	GENCODE.v47vsM720
ENSG00000270332.5	lncRNA	ENSMUSG00000139502.1	lncRNA	one-to-many	GENCODE.v47vsM721
ENSG00000229797.3	lncRNA	ENSMUSG00000045815.6	lncRNA	one-to-one	GENCODE.v47vsM722
ENSG00000233930.5	lncRNA	ENSMUSG00000109958.3	lncRNA	one-to-one	GENCODE.v47vsM723
ENSG00000293629.1	lncRNA	ENSMUSG00000087658.4	lncRNA	many-to-many	GENCODE.v47vsM724
ENSG00000230910.7	lncRNA	ENSMUSG00000135201.1	lncRNA	one-to-many	GENCODE.v47vsM725
ENSG00000226530.5	lncRNA	ENSMUSG00000097342.3	lncRNA	one-to-one	GENCODE.v47vsM726
ENSG00000303653.1	lncRNA	ENSMUSG00000141769.1	lncRNA	one-to-one	GENCODE.v47vsM727
ENSG00000251026.3	lncRNA	ENSMUSG00000125107.1	lncRNA	one-to-one	GENCODE.v47vsM728
ENSG00000300303.1	lncRNA	ENSMUSG00000123794.1	lncRNA	one-to-one	GENCODE.v47vsM729
ENSG00000286872.1	lncRNA	ENSMUSG00000109110.2	lncRNA	one-to-one	GENCODE.v47vsM730
ENSG00000288761.3	lncRNA	ENSMUSG00000140603.1	lncRNA	one-to-one	GENCODE.v47vsM731
ENSG00000297327.1	lncRNA	ENSMUSG00000097309.3	lncRNA	one-to-one	GENCODE.v47vsM732
ENSG00000253394.7	lncRNA	ENSMUSG00000142364.1	lncRNA	one-to-one	GENCODE.v47vsM733
ENSG00000308091.1	lncRNA	ENSMUSG00000134706.1	lncRNA	many-to-many	GENCODE.v47vsM734
ENSG00000293318.1	lncRNA	ENSMUSG00000131488.1	lncRNA	many-to-many	GENCODE.v47vsM735
ENSG00000295942.1	lncRNA	ENSMUSG00000140562.1	lncRNA	one-to-many	GENCODE.v47vsM736
ENSG00000299965.1	lncRNA	ENSMUSG00000073652.12	lncRNA	one-to-many	GENCODE.v47vsM737
ENSG00000231881.3	lncRNA	ENSMUSG00000135723.1	lncRNA	one-to-many	GENCODE.v47vsM738
ENSG00000294482.1	lncRNA	ENSMUSG00000117478.3	lncRNA	one-to-one	GENCODE.v47vsM739
ENSG00000258634.3	lncRNA	ENSMUSG00000137229.1	lncRNA	one-to-one	GENCODE.v47vsM740
ENSG00000302880.1	lncRNA	ENSMUSG00000128789.1	lncRNA	one-to-one	GENCODE.v47vsM741
ENSG00000287760.2	lncRNA	ENSMUSG00000129536.1	lncRNA	one-to-many	GENCODE.v47vsM742
ENSG00000293222.2	lncRNA	ENSMUSG00000141779.1	lncRNA	many-to-many	GENCODE.v47vsM743
ENSG00000300329.1	lncRNA	ENSMUSG00000103408.3	lncRNA	one-to-many	GENCODE.v47vsM744
ENSG00000228140.3	lncRNA	ENSMUSG00000100396.2	lncRNA	one-to-many	GENCODE.v47vsM745
ENSG00000302418.1	lncRNA	ENSMUSG00000127043.1	lncRNA	one-to-one	GENCODE.v47vsM746
ENSG00000258826.7	lncRNA	ENSMUSG00000112510.3	lncRNA	one-to-one	GENCODE.v47vsM747
ENSG00000304456.1	lncRNA	ENSMUSG00000139000.1	lncRNA	one-to-one	GENCODE.v47vsM748
ENSG00000287642.4	lncRNA	ENSMUSG00000123422.1	lncRNA	one-to-one	GENCODE.v47vsM749
ENSG00000287737.4	lncRNA	ENSMUSG00000120010.2	lncRNA	one-to-one	GENCODE.v47vsM750
ENSG00000304276.1	lncRNA	ENSMUSG00000130040.1	lncRNA	one-to-one	GENCODE.v47vsM751
ENSG00000254659.4	lncRNA	ENSMUSG00000124378.1	lncRNA	one-to-many	GENCODE.v47vsM752
ENSG00000301947.1	lncRNA	ENSMUSG00000044522.10	lncRNA	one-to-many	GENCODE.v47vsM753
ENSG00000275210.1	lncRNA	ENSMUSG00000121352.2	lncRNA	many-to-many	GENCODE.v47vsM754
ENSG00000258699.1	lncRNA	ENSMUSG00000033731.12	lncRNA	one-to-many	GENCODE.v47vsM755
ENSG00000227017.2	lncRNA	ENSMUSG00000128966.1	lncRNA	one-to-one	GENCODE.v47vsM756
ENSG00000299528.1	lncRNA	ENSMUSG00000135220.1	lncRNA	one-to-one	GENCODE.v47vsM757
ENSG00000298199.1	lncRNA	ENSMUSG00000141600.1	lncRNA	one-to-one	GENCODE.v47vsM758
ENSG00000309319.1	lncRNA	ENSMUSG00000138455.1	lncRNA	one-to-one	GENCODE.v47vsM759
ENSG00000307054.1	lncRNA	ENSMUSG00000141401.1	lncRNA	one-to-many	GENCODE.v47vsM760
ENSG00000305490.1	lncRNA	ENSMUSG00000137446.1	lncRNA	one-to-many	GENCODE.v47vsM761
ENSG00000300383.1	lncRNA	ENSMUSG00000087532.3	lncRNA	one-to-one	GENCODE.v47vsM762
ENSG00000294521.1	lncRNA	ENSMUSG00000074782.5	lncRNA	one-to-many	GENCODE.v47vsM763
ENSG00000275198.2	lncRNA	ENSMUSG00000113335.2	lncRNA	one-to-many	GENCODE.v47vsM764
ENSG00000301719.1	lncRNA	ENSMUSG00000141114.1	lncRNA	one-to-one	GENCODE.v47vsM765
ENSG00000241684.9	lncRNA	ENSMUSG00000097462.10	lncRNA	one-to-many	GENCODE.v47vsM766
ENSG00000254489.5	lncRNA	ENSMUSG00000085218.10	lncRNA	one-to-one	GENCODE.v47vsM767
ENSG00000232536.1	lncRNA	ENSMUSG00000132560.1	lncRNA	many-to-many	GENCODE.v47vsM768
ENSG00000266970.4	lncRNA	ENSMUSG00000133133.1	lncRNA	many-to-many	GENCODE.v47vsM769
ENSG00000301402.1	lncRNA	ENSMUSG00000143755.1	lncRNA	one-to-one	GENCODE.v47vsM770
ENSG00000302867.1	lncRNA	ENSMUSG00000092625.4	lncRNA	one-to-one	GENCODE.v47vsM771
ENSG00000306939.1	lncRNA	ENSMUSG00000135859.1	lncRNA	one-to-one	GENCODE.v47vsM772
ENSG00000236204.8	lncRNA	ENSMUSG00000132495.1	lncRNA	one-to-many	GENCODE.v47vsM773
ENSG00000306875.1	lncRNA	ENSMUSG00000130910.1	lncRNA	many-to-many	GENCODE.v47vsM774
ENSG00000257083.8	lncRNA	ENSMUSG00000100558.3	lncRNA	one-to-one	GENCODE.v47vsM775
ENSG00000228133.3	lncRNA	ENSMUSG00000135819.1	lncRNA	one-to-one	GENCODE.v47vsM776
ENSG00000238058.3	lncRNA	ENSMUSG00000126190.1	lncRNA	one-to-half	GENCODE.v47vsM777
ENSG00000290046.2	lncRNA	ENSMUSG00000140275.1	lncRNA	many-to-many	GENCODE.v47vsM778
ENSG00000248727.7	lncRNA	ENSMUSG00000126710.1	lncRNA	one-to-one	GENCODE.v47vsM779
ENSG00000250328.8	lncRNA	ENSMUSG00000136365.1	lncRNA	one-to-half	GENCODE.v47vsM780
ENSG00000294919.1	lncRNA	ENSMUSG00000121816.2	lncRNA	one-to-many	GENCODE.v47vsM781
ENSG00000245573.10	lncRNA	ENSMUSG00000136163.1	lncRNA	one-to-one	GENCODE.v47vsM782
ENSG00000175773.16	lncRNA	ENSMUSG00000111673.3	lncRNA	one-to-one	GENCODE.v47vsM783
ENSG00000259595.1	lncRNA	ENSMUSG00000130939.1	lncRNA	many-to-many	GENCODE.v47vsM784
ENSG00000272912.1	lncRNA	ENSMUSG00000135170.1	lncRNA	one-to-half	GENCODE.v47vsM785
ENSG00000275454.1	lncRNA	ENSMUSG00000135913.1	lncRNA	one-to-many	GENCODE.v47vsM786
ENSG00000176124.16	lncRNA	ENSMUSG00000142510.1	lncRNA	many-to-many	GENCODE.v47vsM787
ENSG00000282952.1	lncRNA	ENSMUSG00000125359.1	lncRNA	one-to-one	GENCODE.v47vsM788
ENSG00000301109.1	lncRNA	ENSMUSG00000140041.1	lncRNA	one-to-many	GENCODE.v47vsM789
ENSG00000272768.2	lncRNA	ENSMUSG00000086839.9	lncRNA	one-to-many	GENCODE.v47vsM790
ENSG00000240405.8	lncRNA	ENSMUSG00000132436.1	lncRNA	many-to-many	GENCODE.v47vsM791
ENSG00000286271.4	lncRNA	ENSMUSG00000136459.1	lncRNA	many-to-many	GENCODE.v47vsM792
ENSG00000258651.2	lncRNA	ENSMUSG00000133603.1	lncRNA	many-to-many	GENCODE.v47vsM793
ENSG00000309846.1	lncRNA	ENSMUSG00000111669.3	lncRNA	one-to-many	GENCODE.v47vsM794
ENSG00000300102.1	lncRNA	ENSMUSG00000093482.11	lncRNA	one-to-many	GENCODE.v47vsM795
ENSG00000267322.5	lncRNA	ENSMUSG00000129746.1	lncRNA	many-to-many	GENCODE.v47vsM796
ENSG00000236130.3	lncRNA	ENSMUSG00000087383.9	lncRNA	one-to-one	GENCODE.v47vsM797
ENSG00000303740.1	lncRNA	ENSMUSG00000120025.1	lncRNA	one-to-one	GENCODE.v47vsM798
ENSG00000268858.3	lncRNA	ENSMUSG00000127004.1	lncRNA	one-to-many	GENCODE.v47vsM799
ENSG00000304021.1	lncRNA	ENSMUSG00000139535.1	lncRNA	one-to-one	GENCODE.v47vsM800
ENSG00000270933.3	lncRNA	ENSMUSG00000128139.1	lncRNA	many-to-many	GENCODE.v47vsM801
ENSG00000224934.7	lncRNA	ENSMUSG00000118221.3	lncRNA	one-to-one	GENCODE.v47vsM802
ENSG00000260192.4	lncRNA	ENSMUSG00000104455.2	lncRNA	one-to-many	GENCODE.v47vsM803
ENSG00000306610.1	lncRNA	ENSMUSG00000121849.2	lncRNA	one-to-many	GENCODE.v47vsM804
ENSG00000224048.7	lncRNA	ENSMUSG00000086349.2	lncRNA	one-to-one	GENCODE.v47vsM805
ENSG00000298630.1	lncRNA	ENSMUSG00000062224.8	lncRNA	many-to-many	GENCODE.v47vsM806
ENSG00000296484.1	lncRNA	ENSMUSG00000119952.2	lncRNA	one-to-many	GENCODE.v47vsM807
ENSG00000286653.1	lncRNA	ENSMUSG00000122108.1	lncRNA	one-to-one	GENCODE.v47vsM808
ENSG00000237250.4	lncRNA	ENSMUSG00000141779.1	lncRNA	many-to-many	GENCODE.v47vsM809
ENSG00000302501.1	lncRNA	ENSMUSG00000143558.1	lncRNA	one-to-one	GENCODE.v47vsM810
ENSG00000287426.2	lncRNA	ENSMUSG00000111853.3	lncRNA	one-to-one	GENCODE.v47vsM811
ENSG00000306693.1	lncRNA	ENSMUSG00000125365.1	lncRNA	one-to-many	GENCODE.v47vsM812
ENSG00000251136.12	lncRNA	ENSMUSG00000085112.4	lncRNA	one-to-many	GENCODE.v47vsM813
ENSG00000302668.1	lncRNA	ENSMUSG00000144006.1	lncRNA	one-to-one	GENCODE.v47vsM814
ENSG00000289067.2	lncRNA	ENSMUSG00000121084.2	lncRNA	one-to-many	GENCODE.v47vsM815
ENSG00000291085.2	lncRNA	ENSMUSG00000116743.2	lncRNA	many-to-many	GENCODE.v47vsM816
ENSG00000281091.4	lncRNA	ENSMUSG00000087553.3	lncRNA	many-to-many	GENCODE.v47vsM817
ENSG00000257221.5	lncRNA	ENSMUSG00000130821.1	lncRNA	one-to-many	GENCODE.v47vsM818
ENSG00000283175.2	lncRNA	ENSMUSG00000109783.2	lncRNA	many-to-many	GENCODE.v47vsM819
ENSG00000251442.9	lncRNA	ENSMUSG00000105257.2	lncRNA	many-to-many	GENCODE.v47vsM820
ENSG00000285454.2	lncRNA	ENSMUSG00000097840.3	lncRNA	one-to-many	GENCODE.v47vsM821
ENSG00000256988.2	lncRNA	ENSMUSG00000097596.2	lncRNA	one-to-one	GENCODE.v47vsM822
ENSG00000238230.4	lncRNA	ENSMUSG00000131492.1	lncRNA	one-to-one	GENCODE.v47vsM823
ENSG00000304309.1	lncRNA	ENSMUSG00000140083.1	lncRNA	many-to-many	GENCODE.v47vsM824
ENSG00000239994.3	lncRNA	ENSMUSG00000087568.3	lncRNA	one-to-one	GENCODE.v47vsM825
ENSG00000272694.2	lncRNA	ENSMUSG00000116260.3	lncRNA	one-to-one	GENCODE.v47vsM826
ENSG00000257023.2	lncRNA	ENSMUSG00000129239.1	lncRNA	one-to-one	GENCODE.v47vsM827
ENSG00000295636.1	lncRNA	ENSMUSG00000109594.2	lncRNA	one-to-one	GENCODE.v47vsM828
ENSG00000303332.1	lncRNA	ENSMUSG00000112376.3	lncRNA	one-to-many	GENCODE.v47vsM829
ENSG00000303417.1	lncRNA	ENSMUSG00000116010.3	lncRNA	one-to-one	GENCODE.v47vsM830
ENSG00000300001.1	lncRNA	ENSMUSG00000127283.1	lncRNA	one-to-one	GENCODE.v47vsM831
ENSG00000310026.1	lncRNA	ENSMUSG00000120745.2	lncRNA	one-to-one	GENCODE.v47vsM832
ENSG00000224043.10	lncRNA	ENSMUSG00000102014.3	lncRNA	one-to-one	GENCODE.v47vsM833
ENSG00000203875.14	lncRNA	ENSMUSG00000097177.10	lncRNA	many-to-many	GENCODE.v47vsM834
ENSG00000245482.2	lncRNA	ENSMUSG00000122994.1	lncRNA	one-to-many	GENCODE.v47vsM835
ENSG00000259447.2	lncRNA	ENSMUSG00000087203.10	lncRNA	one-to-many	GENCODE.v47vsM836
ENSG00000288713.2	lncRNA	ENSMUSG00000086083.2	lncRNA	one-to-one	GENCODE.v47vsM837
ENSG00000290778.2	lncRNA	ENSMUSG00000130437.1	lncRNA	many-to-many	GENCODE.v47vsM838
ENSG00000271380.1	lncRNA	ENSMUSG00000144185.1	lncRNA	one-to-many	GENCODE.v47vsM839
ENSG00000289201.2	lncRNA	ENSMUSG00000133149.1	lncRNA	one-to-many	GENCODE.v47vsM840
ENSG00000234292.4	lncRNA	ENSMUSG00000097098.10	lncRNA	one-to-many	GENCODE.v47vsM841
ENSG00000305514.1	lncRNA	ENSMUSG00000120311.2	lncRNA	one-to-many	GENCODE.v47vsM842
ENSG00000256092.5	lncRNA	ENSMUSG00000136903.1	lncRNA	one-to-many	GENCODE.v47vsM843
ENSG00000229122.1	lncRNA	ENSMUSG00000107201.2	lncRNA	one-to-one	GENCODE.v47vsM844
ENSG00000254092.5	lncRNA	ENSMUSG00000139592.1	lncRNA	one-to-one	GENCODE.v47vsM845
ENSG00000294457.1	lncRNA	ENSMUSG00000125891.1	lncRNA	one-to-half	GENCODE.v47vsM846
ENSG00000225012.5	lncRNA	ENSMUSG00000100780.2	lncRNA	one-to-many	GENCODE.v47vsM847
ENSG00000275088.1	lncRNA	ENSMUSG00000097960.3	lncRNA	one-to-many	GENCODE.v47vsM848
ENSG00000296781.1	lncRNA	ENSMUSG00000087268.3	lncRNA	one-to-many	GENCODE.v47vsM849
ENSG00000255502.7	lncRNA	ENSMUSG00000111503.2	lncRNA	one-to-one	GENCODE.v47vsM850
ENSG00000234775.2	lncRNA	ENSMUSG00000134086.1	lncRNA	one-to-one	GENCODE.v47vsM851
ENSG00000288047.4	lncRNA	ENSMUSG00000111110.3	lncRNA	many-to-many	GENCODE.v47vsM852
ENSG00000293468.2	lncRNA	ENSMUSG00000121858.2	lncRNA	many-to-many	GENCODE.v47vsM853
ENSG00000267416.3	lncRNA	ENSMUSG00000120523.2	lncRNA	one-to-many	GENCODE.v47vsM854
ENSG00000232286.1	lncRNA	ENSMUSG00000126482.1	lncRNA	one-to-one	GENCODE.v47vsM855
ENSG00000288952.3	lncRNA	ENSMUSG00000129770.1	lncRNA	one-to-one	GENCODE.v47vsM856
ENSG00000289644.2	lncRNA	ENSMUSG00000120164.2	lncRNA	one-to-one	GENCODE.v47vsM857
ENSG00000300443.1	lncRNA	ENSMUSG00000099552.3	lncRNA	one-to-many	GENCODE.v47vsM858
ENSG00000226985.8	lncRNA	ENSMUSG00000133418.1	lncRNA	many-to-many	GENCODE.v47vsM859
ENSG00000303522.1	lncRNA	ENSMUSG00000121028.2	lncRNA	one-to-one	GENCODE.v47vsM860
ENSG00000244649.6	lncRNA	ENSMUSG00000140338.1	lncRNA	one-to-one	GENCODE.v47vsM861
ENSG00000285068.2	lncRNA	ENSMUSG00000126632.1	lncRNA	one-to-many	GENCODE.v47vsM862
ENSG00000269976.1	lncRNA	ENSMUSG00000136899.1	lncRNA	one-to-many	GENCODE.v47vsM863
ENSG00000301330.1	lncRNA	ENSMUSG00000143038.1	lncRNA	one-to-one	GENCODE.v47vsM864
ENSG00000253865.2	lncRNA	ENSMUSG00000102778.3	lncRNA	one-to-one	GENCODE.v47vsM865
ENSG00000272192.3	lncRNA	ENSMUSG00000142576.1	lncRNA	one-to-one	GENCODE.v47vsM866
ENSG00000224046.4	lncRNA	ENSMUSG00000120248.2	lncRNA	one-to-half	GENCODE.v47vsM867
ENSG00000298298.1	lncRNA	ENSMUSG00000122474.1	lncRNA	one-to-many	GENCODE.v47vsM868
ENSG00000254614.2	lncRNA	ENSMUSG00000097404.4	lncRNA	one-to-one	GENCODE.v47vsM869
ENSG00000255410.3	lncRNA	ENSMUSG00000121844.2	lncRNA	one-to-many	GENCODE.v47vsM870
ENSG00000236352.2	lncRNA	ENSMUSG00000138233.1	lncRNA	one-to-many	GENCODE.v47vsM871
ENSG00000286841.2	lncRNA	ENSMUSG00000078706.7	lncRNA	many-to-many	GENCODE.v47vsM872
ENSG00000303554.1	lncRNA	ENSMUSG00000113770.3	lncRNA	one-to-many	GENCODE.v47vsM873
ENSG00000225680.2	lncRNA	ENSMUSG00000102763.2	lncRNA	one-to-one	GENCODE.v47vsM874
ENSG00000301109.1	lncRNA	ENSMUSG00000140012.1	lncRNA	one-to-many	GENCODE.v47vsM875
ENSG00000289280.3	lncRNA	ENSMUSG00000097595.4	lncRNA	many-to-many	GENCODE.v47vsM876
ENSG00000307383.1	lncRNA	ENSMUSG00000134479.1	lncRNA	one-to-one	GENCODE.v47vsM877
ENSG00000280160.1	lncRNA	ENSMUSG00000143106.1	lncRNA	one-to-one	GENCODE.v47vsM878
ENSG00000304168.1	lncRNA	ENSMUSG00000120139.2	lncRNA	one-to-one	GENCODE.v47vsM879
ENSG00000293508.2	lncRNA	ENSMUSG00000129933.1	lncRNA	many-to-many	GENCODE.v47vsM880
ENSG00000300728.1	lncRNA	ENSMUSG00000125654.1	lncRNA	one-to-one	GENCODE.v47vsM881
ENSG00000298161.1	lncRNA	ENSMUSG00000118005.2	lncRNA	one-to-one	GENCODE.v47vsM882
ENSG00000233842.3	lncRNA	ENSMUSG00000131733.1	lncRNA	one-to-one	GENCODE.v47vsM883
ENSG00000288999.3	lncRNA	ENSMUSG00000073482.3	lncRNA	one-to-many	GENCODE.v47vsM884
ENSG00000303498.1	lncRNA	ENSMUSG00000137970.1	lncRNA	one-to-one	GENCODE.v47vsM885
ENSG00000303328.1	lncRNA	ENSMUSG00000074256.5	lncRNA	one-to-one	GENCODE.v47vsM886
ENSG00000295329.1	lncRNA	ENSMUSG00000133875.1	lncRNA	one-to-one	GENCODE.v47vsM887
ENSG00000265369.4	lncRNA	ENSMUSG00000117404.2	lncRNA	one-to-one	GENCODE.v47vsM888
ENSG00000284678.2	lncRNA	ENSMUSG00000127534.1	lncRNA	many-to-many	GENCODE.v47vsM889
ENSG00000227610.2	lncRNA	ENSMUSG00000120773.1	lncRNA	one-to-one	GENCODE.v47vsM890
ENSG00000303230.1	lncRNA	ENSMUSG00000121839.1	lncRNA	many-to-many	GENCODE.v47vsM891
ENSG00000247131.7	lncRNA	ENSMUSG00000112627.4	lncRNA	one-to-one	GENCODE.v47vsM892
ENSG00000296677.1	lncRNA	ENSMUSG00000103715.2	lncRNA	one-to-many	GENCODE.v47vsM893
ENSG00000288576.2	lncRNA	ENSMUSG00000122447.1	lncRNA	one-to-many	GENCODE.v47vsM894
ENSG00000226476.8	lncRNA	ENSMUSG00000140114.1	lncRNA	one-to-many	GENCODE.v47vsM895
ENSG00000224958.7	lncRNA	ENSMUSG00000137730.1	lncRNA	one-to-many	GENCODE.v47vsM896
ENSG00000246067.11	lncRNA	ENSMUSG00000074024.8	lncRNA	many-to-many	GENCODE.v47vsM897
ENSG00000248550.5	lncRNA	ENSMUSG00000098682.11	lncRNA	one-to-one	GENCODE.v47vsM898
ENSG00000293754.1	lncRNA	ENSMUSG00000128062.1	lncRNA	many-to-many	GENCODE.v47vsM899
ENSG00000309461.1	lncRNA	ENSMUSG00000138611.1	lncRNA	many-to-many	GENCODE.v47vsM900
ENSG00000308869.1	lncRNA	ENSMUSG00000136972.1	lncRNA	one-to-one	GENCODE.v47vsM901
ENSG00000247134.9	lncRNA	ENSMUSG00000110329.3	lncRNA	one-to-many	GENCODE.v47vsM902
ENSG00000259269.3	lncRNA	ENSMUSG00000103266.2	lncRNA	one-to-one	GENCODE.v47vsM903
ENSG00000229989.7	lncRNA	ENSMUSG00000098206.3	lncRNA	many-to-many	GENCODE.v47vsM904
ENSG00000247345.3	lncRNA	ENSMUSG00000130324.1	lncRNA	one-to-many	GENCODE.v47vsM905
ENSG00000233108.2	lncRNA	ENSMUSG00000087305.11	lncRNA	one-to-many	GENCODE.v47vsM906
ENSG00000306627.1	lncRNA	ENSMUSG00000126149.1	lncRNA	one-to-one	GENCODE.v47vsM907
ENSG00000308836.1	lncRNA	ENSMUSG00000116660.4	lncRNA	one-to-one	GENCODE.v47vsM908
ENSG00000259705.2	lncRNA	ENSMUSG00000053615.2	lncRNA	one-to-one	GENCODE.v47vsM909
ENSG00000263105.2	lncRNA	ENSMUSG00000120462.1	lncRNA	one-to-one	GENCODE.v47vsM910
ENSG00000257596.2	lncRNA	ENSMUSG00000137574.1	lncRNA	one-to-many	GENCODE.v47vsM911
ENSG00000237187.10	lncRNA	ENSMUSG00000114639.3	lncRNA	one-to-many	GENCODE.v47vsM912
ENSG00000205622.14	lncRNA	ENSMUSG00000124325.1	lncRNA	one-to-many	GENCODE.v47vsM913
ENSG00000271913.10	lncRNA	ENSMUSG00000090069.5	lncRNA	one-to-many	GENCODE.v47vsM914
ENSG00000234572.2	lncRNA	ENSMUSG00000141258.1	lncRNA	one-to-many	GENCODE.v47vsM915
ENSG00000307904.1	lncRNA	ENSMUSG00000114390.3	lncRNA	one-to-one	GENCODE.v47vsM916
ENSG00000260971.5	lncRNA	ENSMUSG00000130884.1	lncRNA	one-to-one	GENCODE.v47vsM917
ENSG00000306902.1	lncRNA	ENSMUSG00000117713.3	lncRNA	one-to-one	GENCODE.v47vsM918
ENSG00000227200.2	lncRNA	ENSMUSG00000085950.3	lncRNA	one-to-one	GENCODE.v47vsM919
ENSG00000303282.1	lncRNA	ENSMUSG00000085741.11	lncRNA	one-to-one	GENCODE.v47vsM920
ENSG00000275212.4	lncRNA	ENSMUSG00000105593.6	lncRNA	one-to-one	GENCODE.v47vsM921
ENSG00000304932.1	lncRNA	ENSMUSG00000130217.1	lncRNA	one-to-one	GENCODE.v47vsM922
ENSG00000230630.6	lncRNA	ENSMUSG00000078190.8	lncRNA	many-to-many	GENCODE.v47vsM923
ENSG00000300465.1	lncRNA	ENSMUSG00000126872.1	lncRNA	one-to-one	GENCODE.v47vsM924
ENSG00000304314.1	lncRNA	ENSMUSG00000103594.2	lncRNA	one-to-one	GENCODE.v47vsM925
ENSG00000285738.2	lncRNA	ENSMUSG00000108187.3	lncRNA	one-to-one	GENCODE.v47vsM926
ENSG00000214691.10	lncRNA	ENSMUSG00000132749.1	lncRNA	one-to-many	GENCODE.v47vsM927
ENSG00000258731.2	lncRNA	ENSMUSG00000135364.1	lncRNA	one-to-one	GENCODE.v47vsM928
ENSG00000299377.1	lncRNA	ENSMUSG00000143869.1	lncRNA	one-to-one	GENCODE.v47vsM929
ENSG00000303734.1	lncRNA	ENSMUSG00000128742.1	lncRNA	many-to-many	GENCODE.v47vsM930
ENSG00000308779.1	lncRNA	ENSMUSG00000141821.1	lncRNA	one-to-one	GENCODE.v47vsM931
ENSG00000232648.5	lncRNA	ENSMUSG00000123977.1	lncRNA	one-to-many	GENCODE.v47vsM932
ENSG00000289424.3	lncRNA	ENSMUSG00000090709.4	lncRNA	many-to-many	GENCODE.v47vsM933
ENSG00000249131.3	lncRNA	ENSMUSG00000142118.1	lncRNA	one-to-one	GENCODE.v47vsM934
ENSG00000176840.15	lncRNA	ENSMUSG00000117172.3	lncRNA	one-to-one	GENCODE.v47vsM935
ENSG00000299183.1	lncRNA	ENSMUSG00000127313.1	lncRNA	one-to-one	GENCODE.v47vsM936
ENSG00000262585.2	lncRNA	ENSMUSG00000135113.1	lncRNA	one-to-one	GENCODE.v47vsM937
ENSG00000225377.7	lncRNA	ENSMUSG00000138200.1	lncRNA	one-to-one	GENCODE.v47vsM938
ENSG00000241666.3	lncRNA	ENSMUSG00000103686.3	lncRNA	one-to-one	GENCODE.v47vsM939
ENSG00000304794.1	lncRNA	ENSMUSG00000143692.1	lncRNA	one-to-one	GENCODE.v47vsM940
ENSG00000287292.2	lncRNA	ENSMUSG00000074235.6	lncRNA	one-to-many	GENCODE.v47vsM941
ENSG00000300876.1	lncRNA	ENSMUSG00000137184.1	lncRNA	one-to-one	GENCODE.v47vsM942
ENSG00000273093.1	lncRNA	ENSMUSG00000097448.3	lncRNA	one-to-many	GENCODE.v47vsM943
ENSG00000248954.2	lncRNA	ENSMUSG00000085992.3	lncRNA	one-to-one	GENCODE.v47vsM944
ENSG00000223765.4	lncRNA	ENSMUSG00000102766.2	lncRNA	one-to-many	GENCODE.v47vsM945
ENSG00000235415.2	lncRNA	ENSMUSG00000133648.1	lncRNA	many-to-many	GENCODE.v47vsM946
ENSG00000236352.2	lncRNA	ENSMUSG00000139712.1	lncRNA	one-to-many	GENCODE.v47vsM947
ENSG00000234206.6	lncRNA	ENSMUSG00000099893.2	lncRNA	one-to-many	GENCODE.v47vsM948
ENSG00000293806.1	lncRNA	ENSMUSG00000115153.3	lncRNA	one-to-one	GENCODE.v47vsM949
ENSG00000257545.6	lncRNA	ENSMUSG00000123858.1	lncRNA	one-to-one	GENCODE.v47vsM950
ENSG00000255129.7	lncRNA	ENSMUSG00000136018.1	lncRNA	one-to-one	GENCODE.v47vsM951
ENSG00000293372.2	lncRNA	ENSMUSG00000097357.5	lncRNA	many-to-many	GENCODE.v47vsM952
ENSG00000285634.4	lncRNA	ENSMUSG00000114623.2	lncRNA	one-to-many	GENCODE.v47vsM953
ENSG00000237819.8	lncRNA	ENSMUSG00000097709.11	lncRNA	many-to-many	GENCODE.v47vsM954
ENSG00000305177.1	lncRNA	ENSMUSG00000126833.1	lncRNA	one-to-one	GENCODE.v47vsM955
ENSG00000307618.1	lncRNA	ENSMUSG00000135834.1	lncRNA	one-to-many	GENCODE.v47vsM956
ENSG00000294281.1	lncRNA	ENSMUSG00000140332.1	lncRNA	one-to-one	GENCODE.v47vsM957
ENSG00000250742.7	lncRNA	ENSMUSG00000099758.4	lncRNA	one-to-many	GENCODE.v47vsM958
ENSG00000260879.1	lncRNA	ENSMUSG00000105139.3	lncRNA	one-to-one	GENCODE.v47vsM959
ENSG00000286180.2	lncRNA	ENSMUSG00000125575.1	lncRNA	one-to-one	GENCODE.v47vsM960
ENSG00000232245.2	lncRNA	ENSMUSG00000122747.1	lncRNA	one-to-one	GENCODE.v47vsM961
ENSG00000293748.1	lncRNA	ENSMUSG00000137594.1	lncRNA	one-to-one	GENCODE.v47vsM962
ENSG00000297141.1	lncRNA	ENSMUSG00000127310.1	lncRNA	one-to-one	GENCODE.v47vsM963
ENSG00000224592.6	lncRNA	ENSMUSG00000098760.3	lncRNA	one-to-one	GENCODE.v47vsM964
ENSG00000300862.1	lncRNA	ENSMUSG00000127601.1	lncRNA	one-to-one	GENCODE.v47vsM965
ENSG00000306197.1	lncRNA	ENSMUSG00000122527.1	lncRNA	many-to-many	GENCODE.v47vsM966
ENSG00000272668.3	lncRNA	ENSMUSG00000085184.11	lncRNA	one-to-one	GENCODE.v47vsM967
ENSG00000302849.1	lncRNA	ENSMUSG00000089940.3	lncRNA	one-to-one	GENCODE.v47vsM968
ENSG00000294392.1	lncRNA	ENSMUSG00000136752.1	lncRNA	one-to-many	GENCODE.v47vsM969
ENSG00000275239.5	lncRNA	ENSMUSG00000101356.4	lncRNA	one-to-many	GENCODE.v47vsM970
ENSG00000255062.3	lncRNA	ENSMUSG00000137722.1	lncRNA	one-to-one	GENCODE.v47vsM971
ENSG00000305133.1	lncRNA	ENSMUSG00000132411.1	lncRNA	many-to-many	GENCODE.v47vsM972
ENSG00000237819.8	lncRNA	ENSMUSG00000142887.1	lncRNA	many-to-many	GENCODE.v47vsM973
ENSG00000248690.9	lncRNA	ENSMUSG00000086541.10	lncRNA	one-to-one	GENCODE.v47vsM974
ENSG00000197734.10	lncRNA	ENSMUSG00000140929.1	lncRNA	one-to-many	GENCODE.v47vsM975
ENSG00000227954.8	lncRNA	ENSMUSG00000112397.4	lncRNA	one-to-one	GENCODE.v47vsM976
ENSG00000300430.1	lncRNA	ENSMUSG00000141670.1	lncRNA	one-to-many	GENCODE.v47vsM977
ENSG00000307606.1	lncRNA	ENSMUSG00000109981.3	lncRNA	one-to-one	GENCODE.v47vsM978
ENSG00000247809.12	lncRNA	ENSMUSG00000109028.2	lncRNA	many-to-many	GENCODE.v47vsM979
ENSG00000250447.7	lncRNA	ENSMUSG00000104314.2	lncRNA	one-to-many	GENCODE.v47vsM980
ENSG00000273783.3	lncRNA	ENSMUSG00000120869.2	lncRNA	one-to-one	GENCODE.v47vsM981
ENSG00000288234.2	lncRNA	ENSMUSG00000103217.3	lncRNA	one-to-one	GENCODE.v47vsM982
ENSG00000226281.7	lncRNA	ENSMUSG00000100932.3	lncRNA	one-to-many	GENCODE.v47vsM983
ENSG00000305570.1	lncRNA	ENSMUSG00000113582.3	lncRNA	one-to-one	GENCODE.v47vsM984
ENSG00000297328.1	lncRNA	ENSMUSG00000097316.4	lncRNA	one-to-one	GENCODE.v47vsM985
ENSG00000237976.3	lncRNA	ENSMUSG00000087660.3	lncRNA	many-to-many	GENCODE.v47vsM986
ENSG00000255402.2	lncRNA	ENSMUSG00000126632.1	lncRNA	one-to-many	GENCODE.v47vsM987
ENSG00000254101.9	lncRNA	ENSMUSG00000135476.1	lncRNA	one-to-many	GENCODE.v47vsM988
ENSG00000298052.1	lncRNA	ENSMUSG00000121325.1	lncRNA	many-to-many	GENCODE.v47vsM989
ENSG00000228714.5	lncRNA	ENSMUSG00000085032.3	lncRNA	one-to-one	GENCODE.v47vsM990
ENSG00000271850.3	lncRNA	ENSMUSG00000138647.1	lncRNA	one-to-one	GENCODE.v47vsM991
ENSG00000303029.1	lncRNA	ENSMUSG00000125123.1	lncRNA	one-to-one	GENCODE.v47vsM992
ENSG00000279900.1	lncRNA	ENSMUSG00000074024.8	lncRNA	one-to-many	GENCODE.v47vsM993
ENSG00000310390.1	lncRNA	ENSMUSG00000100280.5	lncRNA	one-to-one	GENCODE.v47vsM994
ENSG00000306812.1	lncRNA	ENSMUSG00000111947.3	lncRNA	one-to-one	GENCODE.v47vsM995
ENSG00000234595.2	lncRNA	ENSMUSG00000135879.1	lncRNA	one-to-many	GENCODE.v47vsM996
ENSG00000294530.1	lncRNA	ENSMUSG00000113057.3	lncRNA	one-to-one	GENCODE.v47vsM997
ENSG00000183154.2	lncRNA	ENSMUSG00000130109.1	lncRNA	many-to-many	GENCODE.v47vsM998
ENSG00000228412.10	lncRNA	ENSMUSG00000047324.7	lncRNA	many-to-many	GENCODE.v47vsM999
ENSG00000289868.2	lncRNA	ENSMUSG00000117985.3	lncRNA	one-to-one	GENCODE.v47vsM1000
ENSG00000250646.1	lncRNA	ENSMUSG00000134112.1	lncRNA	one-to-one	GENCODE.v47vsM1001
ENSG00000237248.7	lncRNA	ENSMUSG00000059659.10	lncRNA	many-to-many	GENCODE.v47vsM1002
ENSG00000226251.9	lncRNA	ENSMUSG00000122196.1	lncRNA	one-to-one	GENCODE.v47vsM1003
ENSG00000297268.1	lncRNA	ENSMUSG00000120722.2	lncRNA	one-to-many	GENCODE.v47vsM1004
ENSG00000307472.1	lncRNA	ENSMUSG00000139483.1	lncRNA	one-to-one	GENCODE.v47vsM1005
ENSG00000228541.4	lncRNA	ENSMUSG00000135854.1	lncRNA	many-to-many	GENCODE.v47vsM1006
ENSG00000287998.2	lncRNA	ENSMUSG00000104801.2	lncRNA	one-to-one	GENCODE.v47vsM1007
ENSG00000228208.8	lncRNA	ENSMUSG00000103690.3	lncRNA	one-to-one	GENCODE.v47vsM1008
ENSG00000249738.11	lncRNA	ENSMUSG00000138383.1	lncRNA	one-to-many	GENCODE.v47vsM1009
ENSG00000270362.3	lncRNA	ENSMUSG00000101144.3	lncRNA	one-to-one	GENCODE.v47vsM1010
ENSG00000270344.5	lncRNA	ENSMUSG00000112346.3	lncRNA	one-to-one	GENCODE.v47vsM1011
ENSG00000291169.2	lncRNA	ENSMUSG00000109304.2	lncRNA	many-to-many	GENCODE.v47vsM1012
ENSG00000248859.3	lncRNA	ENSMUSG00000100728.3	lncRNA	one-to-many	GENCODE.v47vsM1013
ENSG00000232363.2	lncRNA	ENSMUSG00000115924.4	lncRNA	one-to-one	GENCODE.v47vsM1014
ENSG00000253730.2	lncRNA	ENSMUSG00000134727.1	lncRNA	many-to-many	GENCODE.v47vsM1015
ENSG00000305983.1	lncRNA	ENSMUSG00000135363.1	lncRNA	one-to-one	GENCODE.v47vsM1016
ENSG00000286532.3	lncRNA	ENSMUSG00000108591.2	lncRNA	one-to-one	GENCODE.v47vsM1017
ENSG00000178107.3	lncRNA	ENSMUSG00000115454.3	lncRNA	many-to-many	GENCODE.v47vsM1018
ENSG00000221817.13	lncRNA	ENSMUSG00000084925.10	lncRNA	one-to-one	GENCODE.v47vsM1019
ENSG00000296185.1	lncRNA	ENSMUSG00000105923.6	lncRNA	one-to-one	GENCODE.v47vsM1020
ENSG00000272734.2	lncRNA	ENSMUSG00000128628.1	lncRNA	one-to-many	GENCODE.v47vsM1021
ENSG00000183154.2	lncRNA	ENSMUSG00000123733.1	lncRNA	many-to-many	GENCODE.v47vsM1022
ENSG00000304147.1	lncRNA	ENSMUSG00000129045.1	lncRNA	one-to-one	GENCODE.v47vsM1023
ENSG00000223813.6	lncRNA	ENSMUSG00000133028.1	lncRNA	many-to-many	GENCODE.v47vsM1024
ENSG00000296692.1	lncRNA	ENSMUSG00000121286.2	lncRNA	many-to-many	GENCODE.v47vsM1025
ENSG00000287955.2	lncRNA	ENSMUSG00000123851.1	lncRNA	one-to-one	GENCODE.v47vsM1026
ENSG00000280409.2	lncRNA	ENSMUSG00000139113.1	lncRNA	one-to-one	GENCODE.v47vsM1027
ENSG00000233760.4	lncRNA	ENSMUSG00000140961.1	lncRNA	one-to-one	GENCODE.v47vsM1028
ENSG00000245694.13	lncRNA	ENSMUSG00000095651.2	lncRNA	one-to-many	GENCODE.v47vsM1029
ENSG00000227388.4	lncRNA	ENSMUSG00000085351.3	lncRNA	many-to-many	GENCODE.v47vsM1030
ENSG00000235531.12	lncRNA	ENSMUSG00000054493.4	lncRNA	one-to-one	GENCODE.v47vsM1031
ENSG00000310056.1	lncRNA	ENSMUSG00000134966.1	lncRNA	one-to-many	GENCODE.v47vsM1032
ENSG00000231346.5	lncRNA	ENSMUSG00000104835.7	lncRNA	one-to-one	GENCODE.v47vsM1033
ENSG00000174370.13	lncRNA	ENSMUSG00000111056.3	lncRNA	one-to-one	GENCODE.v47vsM1034
ENSG00000306588.1	lncRNA	ENSMUSG00000125121.1	lncRNA	one-to-one	GENCODE.v47vsM1035
ENSG00000237638.4	lncRNA	ENSMUSG00000127260.1	lncRNA	one-to-one	GENCODE.v47vsM1036
ENSG00000205866.5	lncRNA	ENSMUSG00000124306.1	lncRNA	one-to-one	GENCODE.v47vsM1037
ENSG00000289596.2	lncRNA	ENSMUSG00000140243.1	lncRNA	one-to-many	GENCODE.v47vsM1038
ENSG00000233096.1	lncRNA	ENSMUSG00000134990.1	lncRNA	one-to-one	GENCODE.v47vsM1039
ENSG00000304201.1	lncRNA	ENSMUSG00000131997.1	lncRNA	one-to-one	GENCODE.v47vsM1040
ENSG00000283982.2	lncRNA	ENSMUSG00000133686.1	lncRNA	one-to-one	GENCODE.v47vsM1041
ENSG00000227947.3	lncRNA	ENSMUSG00000100998.2	lncRNA	one-to-many	GENCODE.v47vsM1042
ENSG00000301796.1	lncRNA	ENSMUSG00000134478.1	lncRNA	one-to-one	GENCODE.v47vsM1043
ENSG00000263257.3	lncRNA	ENSMUSG00000099411.4	lncRNA	one-to-many	GENCODE.v47vsM1044
ENSG00000229953.2	lncRNA	ENSMUSG00000140331.1	lncRNA	one-to-many	GENCODE.v47vsM1045
ENSG00000267395.6	lncRNA	ENSMUSG00000124453.1	lncRNA	one-to-many	GENCODE.v47vsM1046
ENSG00000227036.11	lncRNA	ENSMUSG00000087259.10	lncRNA	one-to-many	GENCODE.v47vsM1047
ENSG00000295682.1	lncRNA	ENSMUSG00000122724.1	lncRNA	one-to-one	GENCODE.v47vsM1048
ENSG00000306232.1	lncRNA	ENSMUSG00000125839.1	lncRNA	one-to-one	GENCODE.v47vsM1049
ENSG00000302337.1	lncRNA	ENSMUSG00000121988.1	lncRNA	many-to-many	GENCODE.v47vsM1050
ENSG00000224812.5	lncRNA	ENSMUSG00000122219.1	lncRNA	one-to-many	GENCODE.v47vsM1051
ENSG00000305470.1	lncRNA	ENSMUSG00000133032.1	lncRNA	one-to-one	GENCODE.v47vsM1052
ENSG00000238063.4	lncRNA	ENSMUSG00000128223.1	lncRNA	one-to-many	GENCODE.v47vsM1053
ENSG00000306202.1	lncRNA	ENSMUSG00000133626.1	lncRNA	one-to-one	GENCODE.v47vsM1054
ENSG00000297428.1	lncRNA	ENSMUSG00000130573.1	lncRNA	one-to-many	GENCODE.v47vsM1055
ENSG00000247121.9	lncRNA	ENSMUSG00000124174.1	lncRNA	one-to-one	GENCODE.v47vsM1056
ENSG00000238290.2	lncRNA	ENSMUSG00000136882.1	lncRNA	one-to-many	GENCODE.v47vsM1057
ENSG00000303594.1	lncRNA	ENSMUSG00000139557.1	lncRNA	one-to-one	GENCODE.v47vsM1058
ENSG00000296692.1	lncRNA	ENSMUSG00000132894.1	lncRNA	many-to-many	GENCODE.v47vsM1059
ENSG00000250961.3	lncRNA	ENSMUSG00000114824.3	lncRNA	one-to-one	GENCODE.v47vsM1060
ENSG00000279430.1	lncRNA	ENSMUSG00000104351.3	lncRNA	one-to-many	GENCODE.v47vsM1061
ENSG00000290917.2	lncRNA	ENSMUSG00000071434.3	lncRNA	many-to-many	GENCODE.v47vsM1062
ENSG00000257239.2	lncRNA	ENSMUSG00000137963.1	lncRNA	one-to-one	GENCODE.v47vsM1063
ENSG00000249096.8	lncRNA	ENSMUSG00000134120.1	lncRNA	one-to-many	GENCODE.v47vsM1064
ENSG00000250220.2	lncRNA	ENSMUSG00000106725.2	lncRNA	one-to-many	GENCODE.v47vsM1065
ENSG00000289518.2	lncRNA	ENSMUSG00000129326.1	lncRNA	one-to-one	GENCODE.v47vsM1066
ENSG00000295677.1	lncRNA	ENSMUSG00000133361.1	lncRNA	one-to-many	GENCODE.v47vsM1067
ENSG00000227482.1	lncRNA	ENSMUSG00000124273.1	lncRNA	one-to-one	GENCODE.v47vsM1068
ENSG00000267707.2	lncRNA	ENSMUSG00000128726.1	lncRNA	one-to-one	GENCODE.v47vsM1069
ENSG00000254703.5	lncRNA	ENSMUSG00000135698.1	lncRNA	one-to-one	GENCODE.v47vsM1070
ENSG00000205054.10	lncRNA	ENSMUSG00000117501.4	lncRNA	one-to-many	GENCODE.v47vsM1071
ENSG00000294610.1	lncRNA	ENSMUSG00000109084.3	lncRNA	one-to-one	GENCODE.v47vsM1072
ENSG00000259282.6	lncRNA	ENSMUSG00000137721.1	lncRNA	one-to-one	GENCODE.v47vsM1073
ENSG00000286447.2	lncRNA	ENSMUSG00000089685.9	lncRNA	one-to-one	GENCODE.v47vsM1074
ENSG00000259702.4	lncRNA	ENSMUSG00000122114.1	lncRNA	one-to-one	GENCODE.v47vsM1075
ENSG00000264247.3	lncRNA	ENSMUSG00000120353.2	lncRNA	one-to-one	GENCODE.v47vsM1076
ENSG00000306246.1	lncRNA	ENSMUSG00000136061.1	lncRNA	one-to-one	GENCODE.v47vsM1077
ENSG00000253832.2	lncRNA	ENSMUSG00000114621.3	lncRNA	one-to-one	GENCODE.v47vsM1078
ENSG00000236098.2	lncRNA	ENSMUSG00000124717.1	lncRNA	one-to-one	GENCODE.v47vsM1079
ENSG00000237803.7	lncRNA	ENSMUSG00000126046.1	lncRNA	one-to-many	GENCODE.v47vsM1080
ENSG00000286418.2	lncRNA	ENSMUSG00000135585.1	lncRNA	one-to-many	GENCODE.v47vsM1081
ENSG00000303153.1	lncRNA	ENSMUSG00000142393.1	lncRNA	one-to-many	GENCODE.v47vsM1082
ENSG00000280147.1	lncRNA	ENSMUSG00000109819.3	lncRNA	one-to-many	GENCODE.v47vsM1083
ENSG00000303066.1	lncRNA	ENSMUSG00000127639.1	lncRNA	one-to-one	GENCODE.v47vsM1084
ENSG00000203280.5	lncRNA	ENSMUSG00000141774.1	lncRNA	one-to-one	GENCODE.v47vsM1085
ENSG00000294492.1	lncRNA	ENSMUSG00000131170.1	lncRNA	one-to-one	GENCODE.v47vsM1086
ENSG00000224729.7	lncRNA	ENSMUSG00000106617.2	lncRNA	many-to-many	GENCODE.v47vsM1087
ENSG00000307645.1	lncRNA	ENSMUSG00000121300.1	lncRNA	many-to-many	GENCODE.v47vsM1088
ENSG00000257781.2	lncRNA	ENSMUSG00000106708.3	lncRNA	one-to-one	GENCODE.v47vsM1089
ENSG00000287666.2	lncRNA	ENSMUSG00000124195.1	lncRNA	one-to-many	GENCODE.v47vsM1090
ENSG00000254827.8	lncRNA	ENSMUSG00000101360.4	lncRNA	one-to-one	GENCODE.v47vsM1091
ENSG00000279848.1	lncRNA	ENSMUSG00000106060.3	lncRNA	one-to-many	GENCODE.v47vsM1092
ENSG00000274259.3	lncRNA	ENSMUSG00000120301.2	lncRNA	one-to-one	GENCODE.v47vsM1093
ENSG00000287256.4	lncRNA	ENSMUSG00000120204.2	lncRNA	one-to-many	GENCODE.v47vsM1094
ENSG00000255002.3	lncRNA	ENSMUSG00000142465.1	lncRNA	one-to-one	GENCODE.v47vsM1095
ENSG00000270111.5	lncRNA	ENSMUSG00000099424.2	lncRNA	one-to-one	GENCODE.v47vsM1096
ENSG00000271086.8	lncRNA	ENSMUSG00000120048.2	lncRNA	one-to-many	GENCODE.v47vsM1097
ENSG00000230731.4	lncRNA	ENSMUSG00000141961.1	lncRNA	one-to-many	GENCODE.v47vsM1098
ENSG00000260608.2	lncRNA	ENSMUSG00000109485.3	lncRNA	one-to-many	GENCODE.v47vsM1099
ENSG00000290366.2	lncRNA	ENSMUSG00000136424.1	lncRNA	many-to-many	GENCODE.v47vsM1100
ENSG00000298434.1	lncRNA	ENSMUSG00000143911.1	lncRNA	one-to-one	GENCODE.v47vsM1101
ENSG00000236975.3	lncRNA	ENSMUSG00000135667.1	lncRNA	one-to-one	GENCODE.v47vsM1102
ENSG00000283096.1	lncRNA	ENSMUSG00000089887.4	lncRNA	one-to-many	GENCODE.v47vsM1103
ENSG00000259438.1	lncRNA	ENSMUSG00000097021.9	lncRNA	one-to-many	GENCODE.v47vsM1104
ENSG00000287254.2	lncRNA	ENSMUSG00000143537.1	lncRNA	one-to-many	GENCODE.v47vsM1105
ENSG00000305781.1	lncRNA	ENSMUSG00000085620.4	lncRNA	one-to-one	GENCODE.v47vsM1106
ENSG00000262728.7	lncRNA	ENSMUSG00000136663.1	lncRNA	many-to-many	GENCODE.v47vsM1107
ENSG00000236204.8	lncRNA	ENSMUSG00000141346.1	lncRNA	one-to-many	GENCODE.v47vsM1108
ENSG00000270141.4	lncRNA	ENSMUSG00000102505.2	lncRNA	many-to-many	GENCODE.v47vsM1109
ENSG00000295217.1	lncRNA	ENSMUSG00000118159.2	lncRNA	one-to-one	GENCODE.v47vsM1110
ENSG00000273015.3	lncRNA	ENSMUSG00000131962.1	lncRNA	many-to-many	GENCODE.v47vsM1111
ENSG00000271614.2	lncRNA	ENSMUSG00000102310.2	lncRNA	one-to-many	GENCODE.v47vsM1112
ENSG00000263069.6	lncRNA	ENSMUSG00000109408.3	lncRNA	one-to-one	GENCODE.v47vsM1113
ENSG00000304979.1	lncRNA	ENSMUSG00000087085.3	lncRNA	one-to-many	GENCODE.v47vsM1114
ENSG00000297283.1	lncRNA	ENSMUSG00000102432.3	lncRNA	one-to-many	GENCODE.v47vsM1115
ENSG00000235770.7	lncRNA	ENSMUSG00000101848.3	lncRNA	many-to-many	GENCODE.v47vsM1116
ENSG00000266573.7	lncRNA	ENSMUSG00000143479.1	lncRNA	one-to-one	GENCODE.v47vsM1117
ENSG00000230846.1	lncRNA	ENSMUSG00000097502.4	lncRNA	one-to-half	GENCODE.v47vsM1118
ENSG00000289243.2	lncRNA	ENSMUSG00000141291.1	lncRNA	one-to-many	GENCODE.v47vsM1119
ENSG00000232132.2	lncRNA	ENSMUSG00000125648.1	lncRNA	one-to-one	GENCODE.v47vsM1120
ENSG00000232227.6	lncRNA	ENSMUSG00000100451.2	lncRNA	one-to-one	GENCODE.v47vsM1121
ENSG00000249375.9	lncRNA	ENSMUSG00000131894.1	lncRNA	one-to-many	GENCODE.v47vsM1122
ENSG00000302279.1	lncRNA	ENSMUSG00000139418.1	lncRNA	one-to-one	GENCODE.v47vsM1123
ENSG00000277135.1	lncRNA	ENSMUSG00000109028.2	lncRNA	one-to-many	GENCODE.v47vsM1124
ENSG00000297635.1	lncRNA	ENSMUSG00000097545.10	lncRNA	one-to-many	GENCODE.v47vsM1125
ENSG00000298342.1	lncRNA	ENSMUSG00000125197.1	lncRNA	many-to-many	GENCODE.v47vsM1126
ENSG00000294980.1	lncRNA	ENSMUSG00000142017.1	lncRNA	many-to-many	GENCODE.v47vsM1127
ENSG00000234869.2	lncRNA	ENSMUSG00000125842.1	lncRNA	one-to-one	GENCODE.v47vsM1128
ENSG00000237232.10	lncRNA	ENSMUSG00000133785.1	lncRNA	many-to-many	GENCODE.v47vsM1129
ENSG00000310363.1	lncRNA	ENSMUSG00000022116.9	lncRNA	many-to-many	GENCODE.v47vsM1130
ENSG00000270866.2	lncRNA	ENSMUSG00000098659.10	lncRNA	one-to-many	GENCODE.v47vsM1131
ENSG00000270103.3	lncRNA	ENSMUSG00000134044.1	lncRNA	many-to-many	GENCODE.v47vsM1132
ENSG00000254964.1	lncRNA	ENSMUSG00000114220.3	lncRNA	one-to-one	GENCODE.v47vsM1133
ENSG00000227492.3	lncRNA	ENSMUSG00000140371.1	lncRNA	many-to-many	GENCODE.v47vsM1134
ENSG00000299503.1	lncRNA	ENSMUSG00000133510.1	lncRNA	one-to-one	GENCODE.v47vsM1135
ENSG00000294346.1	lncRNA	ENSMUSG00000087538.3	lncRNA	one-to-one	GENCODE.v47vsM1136
ENSG00000289341.3	lncRNA	ENSMUSG00000140774.1	lncRNA	one-to-one	GENCODE.v47vsM1137
ENSG00000235143.1	lncRNA	ENSMUSG00000133557.1	lncRNA	one-to-one	GENCODE.v47vsM1138
ENSG00000257386.1	lncRNA	ENSMUSG00000097185.2	lncRNA	one-to-one	GENCODE.v47vsM1139
ENSG00000298163.1	lncRNA	ENSMUSG00000102297.2	lncRNA	many-to-many	GENCODE.v47vsM1140
ENSG00000294154.1	lncRNA	ENSMUSG00000085434.3	lncRNA	one-to-many	GENCODE.v47vsM1141
ENSG00000166917.12	lncRNA	ENSMUSG00000085354.3	lncRNA	many-to-many	GENCODE.v47vsM1142
ENSG00000304574.1	lncRNA	ENSMUSG00000141355.1	lncRNA	one-to-one	GENCODE.v47vsM1143
ENSG00000303440.1	lncRNA	ENSMUSG00000120428.2	lncRNA	one-to-many	GENCODE.v47vsM1144
ENSG00000171889.8	lncRNA	ENSMUSG00000054351.3	lncRNA	many-to-many	GENCODE.v47vsM1145
ENSG00000308119.1	lncRNA	ENSMUSG00000123167.1	lncRNA	one-to-one	GENCODE.v47vsM1146
ENSG00000228826.4	lncRNA	ENSMUSG00000091423.3	lncRNA	one-to-half	GENCODE.v47vsM1147
ENSG00000272043.3	lncRNA	ENSMUSG00000130257.1	lncRNA	one-to-one	GENCODE.v47vsM1148
ENSG00000301033.1	lncRNA	ENSMUSG00000102762.3	lncRNA	many-to-many	GENCODE.v47vsM1149
ENSG00000306157.1	lncRNA	ENSMUSG00000125199.1	lncRNA	one-to-one	GENCODE.v47vsM1150
ENSG00000302165.1	lncRNA	ENSMUSG00000099906.3	lncRNA	many-to-many	GENCODE.v47vsM1151
ENSG00000307492.1	lncRNA	ENSMUSG00000086191.4	lncRNA	one-to-many	GENCODE.v47vsM1152
ENSG00000307734.1	lncRNA	ENSMUSG00000120567.2	lncRNA	one-to-one	GENCODE.v47vsM1153
ENSG00000293681.1	lncRNA	ENSMUSG00000086903.7	lncRNA	one-to-many	GENCODE.v47vsM1154
ENSG00000230587.6	lncRNA	ENSMUSG00000117446.3	lncRNA	many-to-many	GENCODE.v47vsM1155
ENSG00000261008.10	lncRNA	ENSMUSG00000097393.11	lncRNA	many-to-many	GENCODE.v47vsM1156
ENSG00000249375.9	lncRNA	ENSMUSG00000103610.2	lncRNA	one-to-many	GENCODE.v47vsM1157
ENSG00000256115.7	lncRNA	ENSMUSG00000101659.2	lncRNA	one-to-one	GENCODE.v47vsM1158
ENSG00000290199.2	lncRNA	ENSMUSG00000121374.2	lncRNA	many-to-many	GENCODE.v47vsM1159
ENSG00000306800.1	lncRNA	ENSMUSG00000087095.5	lncRNA	one-to-many	GENCODE.v47vsM1160
ENSG00000224259.10	lncRNA	ENSMUSG00000136834.1	lncRNA	many-to-many	GENCODE.v47vsM1161
ENSG00000263004.4	lncRNA	ENSMUSG00000126996.1	lncRNA	one-to-one	GENCODE.v47vsM1162
ENSG00000233893.2	lncRNA	ENSMUSG00000123241.1	lncRNA	one-to-one	GENCODE.v47vsM1163
ENSG00000225855.8	lncRNA	ENSMUSG00000138873.1	lncRNA	one-to-one	GENCODE.v47vsM1164
ENSG00000297933.1	lncRNA	ENSMUSG00000143889.1	lncRNA	one-to-one	GENCODE.v47vsM1165
ENSG00000310276.1	lncRNA	ENSMUSG00000087246.3	lncRNA	one-to-one	GENCODE.v47vsM1166
ENSG00000275180.3	lncRNA	ENSMUSG00000121658.1	lncRNA	many-to-many	GENCODE.v47vsM1167
ENSG00000305853.1	lncRNA	ENSMUSG00000110862.3	lncRNA	one-to-many	GENCODE.v47vsM1168
ENSG00000307960.1	lncRNA	ENSMUSG00000085941.2	lncRNA	one-to-one	GENCODE.v47vsM1169
ENSG00000302732.1	lncRNA	ENSMUSG00000133668.1	lncRNA	one-to-many	GENCODE.v47vsM1170
ENSG00000304860.1	lncRNA	ENSMUSG00000073679.3	lncRNA	one-to-one	GENCODE.v47vsM1171
ENSG00000260032.3	lncRNA	ENSMUSG00000102869.5	lncRNA	many-to-many	GENCODE.v47vsM1172
ENSG00000203601.4	lncRNA	ENSMUSG00000104011.4	lncRNA	many-to-many	GENCODE.v47vsM1173
ENSG00000254519.6	lncRNA	ENSMUSG00000085293.4	lncRNA	one-to-one	GENCODE.v47vsM1174
ENSG00000310107.1	lncRNA	ENSMUSG00000093482.11	lncRNA	many-to-many	GENCODE.v47vsM1175
ENSG00000231535.9	lncRNA	ENSMUSG00000100780.2	lncRNA	one-to-many	GENCODE.v47vsM1176
ENSG00000286181.1	lncRNA	ENSMUSG00000039545.17	lncRNA	many-to-many	GENCODE.v47vsM1177
ENSG00000228021.8	lncRNA	ENSMUSG00000110026.3	lncRNA	one-to-one	GENCODE.v47vsM1178
ENSG00000247137.10	lncRNA	ENSMUSG00000103887.3	lncRNA	one-to-many	GENCODE.v47vsM1179
ENSG00000307703.1	lncRNA	ENSMUSG00000136708.1	lncRNA	many-to-many	GENCODE.v47vsM1180
ENSG00000255258.3	lncRNA	ENSMUSG00000126981.1	lncRNA	one-to-one	GENCODE.v47vsM1181
ENSG00000293509.2	lncRNA	ENSMUSG00000140518.1	lncRNA	one-to-many	GENCODE.v47vsM1182
ENSG00000284612.3	lncRNA	ENSMUSG00000102869.5	lncRNA	one-to-many	GENCODE.v47vsM1183
ENSG00000231090.2	lncRNA	ENSMUSG00000104192.2	lncRNA	many-to-many	GENCODE.v47vsM1184
ENSG00000229779.1	lncRNA	ENSMUSG00000143736.1	lncRNA	one-to-one	GENCODE.v47vsM1185
ENSG00000297058.1	lncRNA	ENSMUSG00000130484.1	lncRNA	one-to-one	GENCODE.v47vsM1186
ENSG00000259508.2	lncRNA	ENSMUSG00000083193.3	lncRNA	one-to-one	GENCODE.v47vsM1187
ENSG00000286799.2	lncRNA	ENSMUSG00000060808.6	lncRNA	one-to-one	GENCODE.v47vsM1188
ENSG00000248898.5	lncRNA	ENSMUSG00000114255.2	lncRNA	one-to-one	GENCODE.v47vsM1189
ENSG00000224128.2	lncRNA	ENSMUSG00000120751.2	lncRNA	one-to-one	GENCODE.v47vsM1190
ENSG00000260192.4	lncRNA	ENSMUSG00000096948.5	lncRNA	one-to-many	GENCODE.v47vsM1191
ENSG00000256757.1	lncRNA	ENSMUSG00000141729.1	lncRNA	one-to-one	GENCODE.v47vsM1192
ENSG00000304182.1	lncRNA	ENSMUSG00000142988.1	lncRNA	one-to-one	GENCODE.v47vsM1193
ENSG00000224851.3	lncRNA	ENSMUSG00000118032.3	lncRNA	one-to-many	GENCODE.v47vsM1194
ENSG00000297852.1	lncRNA	ENSMUSG00000127643.1	lncRNA	one-to-one	GENCODE.v47vsM1195
ENSG00000305327.1	lncRNA	ENSMUSG00000141736.1	lncRNA	many-to-many	GENCODE.v47vsM1196
ENSG00000257127.6	lncRNA	ENSMUSG00000126364.1	lncRNA	one-to-one	GENCODE.v47vsM1197
ENSG00000228352.3	lncRNA	ENSMUSG00000134989.1	lncRNA	many-to-many	GENCODE.v47vsM1198
ENSG00000306784.1	lncRNA	ENSMUSG00000128834.1	lncRNA	one-to-one	GENCODE.v47vsM1199
ENSG00000225822.5	lncRNA	ENSMUSG00000124294.1	lncRNA	one-to-one	GENCODE.v47vsM1200
ENSG00000278090.4	lncRNA	ENSMUSG00000109193.3	lncRNA	many-to-many	GENCODE.v47vsM1201
ENSG00000230074.6	lncRNA	ENSMUSG00000096327.3	lncRNA	many-to-many	GENCODE.v47vsM1202
ENSG00000264448.5	lncRNA	ENSMUSG00000085614.4	lncRNA	one-to-many	GENCODE.v47vsM1203
ENSG00000289421.2	lncRNA	ENSMUSG00000135487.1	lncRNA	one-to-one	GENCODE.v47vsM1204
ENSG00000300773.1	lncRNA	ENSMUSG00000125578.1	lncRNA	one-to-many	GENCODE.v47vsM1205
ENSG00000286043.2	lncRNA	ENSMUSG00000085282.11	lncRNA	one-to-one	GENCODE.v47vsM1206
ENSG00000305924.1	lncRNA	ENSMUSG00000135082.1	lncRNA	one-to-one	GENCODE.v47vsM1207
ENSG00000307075.1	lncRNA	ENSMUSG00000120413.2	lncRNA	one-to-one	GENCODE.v47vsM1208
ENSG00000236526.2	lncRNA	ENSMUSG00000132161.1	lncRNA	one-to-one	GENCODE.v47vsM1209
ENSG00000230074.6	lncRNA	ENSMUSG00000142319.1	lncRNA	many-to-many	GENCODE.v47vsM1210
ENSG00000269106.1	lncRNA	ENSMUSG00000124035.1	lncRNA	one-to-one	GENCODE.v47vsM1211
ENSG00000295019.1	lncRNA	ENSMUSG00000128997.1	lncRNA	one-to-one	GENCODE.v47vsM1212
ENSG00000251171.1	lncRNA	ENSMUSG00000099419.2	lncRNA	one-to-many	GENCODE.v47vsM1213
ENSG00000307499.1	lncRNA	ENSMUSG00000128008.1	lncRNA	many-to-many	GENCODE.v47vsM1214
ENSG00000260963.4	lncRNA	ENSMUSG00000137205.1	lncRNA	one-to-one	GENCODE.v47vsM1215
ENSG00000244625.8	lncRNA	ENSMUSG00000097767.11	lncRNA	many-to-many	GENCODE.v47vsM1216
ENSG00000175779.6	lncRNA	ENSMUSG00000141475.1	lncRNA	many-to-many	GENCODE.v47vsM1217
ENSG00000291094.2	lncRNA	ENSMUSG00000143506.1	lncRNA	many-to-many	GENCODE.v47vsM1218
ENSG00000234132.3	lncRNA	ENSMUSG00000102717.2	lncRNA	one-to-many	GENCODE.v47vsM1219
ENSG00000295807.1	lncRNA	ENSMUSG00000142449.1	lncRNA	one-to-one	GENCODE.v47vsM1220
ENSG00000264254.1	lncRNA	ENSMUSG00000117069.3	lncRNA	many-to-many	GENCODE.v47vsM1221
ENSG00000241131.3	lncRNA	ENSMUSG00000135684.1	lncRNA	one-to-one	GENCODE.v47vsM1222
ENSG00000294749.1	lncRNA	ENSMUSG00000135094.1	lncRNA	one-to-many	GENCODE.v47vsM1223
ENSG00000261302.8	lncRNA	ENSMUSG00000129601.1	lncRNA	one-to-one	GENCODE.v47vsM1224
ENSG00000265799.2	lncRNA	ENSMUSG00000141766.1	lncRNA	one-to-one	GENCODE.v47vsM1225
ENSG00000234690.8	lncRNA	ENSMUSG00000117545.4	lncRNA	many-to-many	GENCODE.v47vsM1226
ENSG00000258702.6	lncRNA	ENSMUSG00000113835.4	lncRNA	one-to-one	GENCODE.v47vsM1227
ENSG00000241231.3	lncRNA	ENSMUSG00000125712.1	lncRNA	one-to-many	GENCODE.v47vsM1228
ENSG00000237877.9	lncRNA	ENSMUSG00000102082.2	lncRNA	one-to-one	GENCODE.v47vsM1229
ENSG00000279878.1	lncRNA	ENSMUSG00000118310.2	lncRNA	one-to-many	GENCODE.v47vsM1230
ENSG00000242798.2	lncRNA	ENSMUSG00000134631.1	lncRNA	one-to-one	GENCODE.v47vsM1231
ENSG00000227260.3	lncRNA	ENSMUSG00000142177.1	lncRNA	one-to-one	GENCODE.v47vsM1232
ENSG00000310269.1	lncRNA	ENSMUSG00000087541.3	lncRNA	one-to-one	GENCODE.v47vsM1233
ENSG00000179523.8	lncRNA	ENSMUSG00000131571.1	lncRNA	one-to-one	GENCODE.v47vsM1234
ENSG00000285042.1	lncRNA	ENSMUSG00000102869.5	lncRNA	one-to-many	GENCODE.v47vsM1235
ENSG00000288036.2	lncRNA	ENSMUSG00000085940.3	lncRNA	one-to-one	GENCODE.v47vsM1236
ENSG00000229425.6	lncRNA	ENSMUSG00000100857.4	lncRNA	many-to-many	GENCODE.v47vsM1237
ENSG00000286069.3	lncRNA	ENSMUSG00000116500.3	lncRNA	many-to-many	GENCODE.v47vsM1238
ENSG00000289560.3	lncRNA	ENSMUSG00000117893.3	lncRNA	one-to-one	GENCODE.v47vsM1239
ENSG00000259673.7	lncRNA	ENSMUSG00000086539.10	lncRNA	one-to-one	GENCODE.v47vsM1240
ENSG00000253948.5	lncRNA	ENSMUSG00000115453.3	lncRNA	one-to-many	GENCODE.v47vsM1241
ENSG00000259840.2	lncRNA	ENSMUSG00000143876.1	lncRNA	one-to-one	GENCODE.v47vsM1242
ENSG00000301669.1	lncRNA	ENSMUSG00000042579.5	lncRNA	one-to-one	GENCODE.v47vsM1243
ENSG00000305370.1	lncRNA	ENSMUSG00000104686.2	lncRNA	many-to-many	GENCODE.v47vsM1244
ENSG00000300127.1	lncRNA	ENSMUSG00000140116.1	lncRNA	one-to-half	GENCODE.v47vsM1245
ENSG00000305095.1	lncRNA	ENSMUSG00000135694.1	lncRNA	one-to-one	GENCODE.v47vsM1246
ENSG00000260254.1	lncRNA	ENSMUSG00000127835.1	lncRNA	one-to-one	GENCODE.v47vsM1247
ENSG00000258813.3	lncRNA	ENSMUSG00000099708.3	lncRNA	one-to-one	GENCODE.v47vsM1248
ENSG00000261189.4	lncRNA	ENSMUSG00000103789.2	lncRNA	one-to-one	GENCODE.v47vsM1249
ENSG00000289981.2	lncRNA	ENSMUSG00000129865.1	lncRNA	one-to-one	GENCODE.v47vsM1250
ENSG00000228060.4	lncRNA	ENSMUSG00000120655.2	lncRNA	many-to-many	GENCODE.v47vsM1251
ENSG00000237377.3	lncRNA	ENSMUSG00000124360.1	lncRNA	one-to-one	GENCODE.v47vsM1252
ENSG00000300156.1	lncRNA	ENSMUSG00000140913.1	lncRNA	one-to-one	GENCODE.v47vsM1253
ENSG00000289631.2	lncRNA	ENSMUSG00000124288.1	lncRNA	many-to-many	GENCODE.v47vsM1254
ENSG00000213468.8	lncRNA	ENSMUSG00000119984.2	lncRNA	many-to-many	GENCODE.v47vsM1255
ENSG00000307264.1	lncRNA	ENSMUSG00000099360.3	lncRNA	one-to-one	GENCODE.v47vsM1256
ENSG00000258343.3	lncRNA	ENSMUSG00000097407.3	lncRNA	one-to-one	GENCODE.v47vsM1257
ENSG00000297894.1	lncRNA	ENSMUSG00000110924.3	lncRNA	one-to-one	GENCODE.v47vsM1258
ENSG00000256717.2	lncRNA	ENSMUSG00000111669.3	lncRNA	many-to-many	GENCODE.v47vsM1259
ENSG00000223923.3	lncRNA	ENSMUSG00000126782.1	lncRNA	one-to-one	GENCODE.v47vsM1260
ENSG00000237380.8	lncRNA	ENSMUSG00000052371.7	lncRNA	many-to-many	GENCODE.v47vsM1261
ENSG00000307565.1	lncRNA	ENSMUSG00000125298.1	lncRNA	one-to-one	GENCODE.v47vsM1262
ENSG00000189238.7	lncRNA	ENSMUSG00000104175.2	lncRNA	one-to-one	GENCODE.v47vsM1263
ENSG00000197989.16	lncRNA	ENSMUSG00000086290.12	lncRNA	many-to-many	GENCODE.v47vsM1264
ENSG00000296692.1	lncRNA	ENSMUSG00000137567.1	lncRNA	many-to-many	GENCODE.v47vsM1265
ENSG00000227543.6	lncRNA	ENSMUSG00000087295.3	lncRNA	one-to-one	GENCODE.v47vsM1266
ENSG00000283408.3	lncRNA	ENSMUSG00000129812.1	lncRNA	one-to-half	GENCODE.v47vsM1267
ENSG00000301325.1	lncRNA	ENSMUSG00000136920.1	lncRNA	one-to-one	GENCODE.v47vsM1268
ENSG00000224729.7	lncRNA	ENSMUSG00000130143.1	lncRNA	many-to-many	GENCODE.v47vsM1269
ENSG00000229743.7	lncRNA	ENSMUSG00000097063.6	lncRNA	one-to-many	GENCODE.v47vsM1270
ENSG00000289311.3	lncRNA	ENSMUSG00000120573.2	lncRNA	one-to-many	GENCODE.v47vsM1271
ENSG00000229153.8	lncRNA	ENSMUSG00000101268.7	lncRNA	one-to-one	GENCODE.v47vsM1272
ENSG00000310089.1	lncRNA	ENSMUSG00000133237.1	lncRNA	one-to-one	GENCODE.v47vsM1273
ENSG00000299195.1	lncRNA	ENSMUSG00000133021.1	lncRNA	one-to-one	GENCODE.v47vsM1274
ENSG00000263613.2	lncRNA	ENSMUSG00000133881.1	lncRNA	one-to-one	GENCODE.v47vsM1275
ENSG00000230623.9	lncRNA	ENSMUSG00000097229.3	lncRNA	many-to-many	GENCODE.v47vsM1276
ENSG00000259238.1	lncRNA	ENSMUSG00000101555.2	lncRNA	one-to-one	GENCODE.v47vsM1277
ENSG00000232828.2	lncRNA	ENSMUSG00000087193.10	lncRNA	one-to-many	GENCODE.v47vsM1278
ENSG00000301928.1	lncRNA	ENSMUSG00000109088.4	lncRNA	one-to-many	GENCODE.v47vsM1279
ENSG00000293183.1	lncRNA	ENSMUSG00000129526.1	lncRNA	many-to-many	GENCODE.v47vsM1280
ENSG00000282961.1	lncRNA	ENSMUSG00000116299.3	lncRNA	one-to-one	GENCODE.v47vsM1281
ENSG00000254366.8	lncRNA	ENSMUSG00000134974.1	lncRNA	one-to-one	GENCODE.v47vsM1282
ENSG00000290537.2	lncRNA	ENSMUSG00000124544.1	lncRNA	many-to-many	GENCODE.v47vsM1283
ENSG00000295796.1	lncRNA	ENSMUSG00000097421.4	lncRNA	one-to-many	GENCODE.v47vsM1284
ENSG00000254887.3	lncRNA	ENSMUSG00000074274.10	lncRNA	one-to-many	GENCODE.v47vsM1285
ENSG00000304037.1	lncRNA	ENSMUSG00000114715.3	lncRNA	one-to-one	GENCODE.v47vsM1286
ENSG00000253103.3	lncRNA	ENSMUSG00000139622.1	lncRNA	one-to-many	GENCODE.v47vsM1287
ENSG00000307774.1	lncRNA	ENSMUSG00000087678.2	lncRNA	one-to-one	GENCODE.v47vsM1288
ENSG00000258279.5	lncRNA	ENSMUSG00000116114.4	lncRNA	one-to-one	GENCODE.v47vsM1289
ENSG00000305740.1	lncRNA	ENSMUSG00000130780.1	lncRNA	one-to-one	GENCODE.v47vsM1290
ENSG00000300931.1	lncRNA	ENSMUSG00000114270.3	lncRNA	one-to-many	GENCODE.v47vsM1291
ENSG00000224049.1	lncRNA	ENSMUSG00000116290.3	lncRNA	one-to-many	GENCODE.v47vsM1292
ENSG00000286244.2	lncRNA	ENSMUSG00000123509.1	lncRNA	many-to-many	GENCODE.v47vsM1293
ENSG00000308857.1	lncRNA	ENSMUSG00000099472.2	lncRNA	one-to-one	GENCODE.v47vsM1294
ENSG00000239921.7	lncRNA	ENSMUSG00000125259.1	lncRNA	one-to-one	GENCODE.v47vsM1295
ENSG00000257327.2	lncRNA	ENSMUSG00000131659.1	lncRNA	one-to-one	GENCODE.v47vsM1296
ENSG00000270419.3	lncRNA	ENSMUSG00000099384.9	lncRNA	one-to-many	GENCODE.v47vsM1297
ENSG00000297225.1	lncRNA	ENSMUSG00000142257.1	lncRNA	one-to-one	GENCODE.v47vsM1298
ENSG00000289405.3	lncRNA	ENSMUSG00000104116.2	lncRNA	many-to-many	GENCODE.v47vsM1299
ENSG00000233081.2	lncRNA	ENSMUSG00000135971.1	lncRNA	one-to-one	GENCODE.v47vsM1300
ENSG00000300603.1	lncRNA	ENSMUSG00000135787.1	lncRNA	one-to-one	GENCODE.v47vsM1301
ENSG00000229102.2	lncRNA	ENSMUSG00000137746.1	lncRNA	one-to-one	GENCODE.v47vsM1302
ENSG00000288776.2	lncRNA	ENSMUSG00000097910.5	lncRNA	one-to-many	GENCODE.v47vsM1303
ENSG00000251301.9	lncRNA	ENSMUSG00000134828.1	lncRNA	one-to-many	GENCODE.v47vsM1304
ENSG00000304369.1	lncRNA	ENSMUSG00000135305.1	lncRNA	one-to-one	GENCODE.v47vsM1305
ENSG00000304281.1	lncRNA	ENSMUSG00000084880.2	lncRNA	one-to-many	GENCODE.v47vsM1306
ENSG00000267284.3	lncRNA	ENSMUSG00000137149.1	lncRNA	one-to-one	GENCODE.v47vsM1307
ENSG00000283031.2	lncRNA	ENSMUSG00000144158.1	lncRNA	one-to-one	GENCODE.v47vsM1308
ENSG00000301055.1	lncRNA	ENSMUSG00000128187.1	lncRNA	one-to-one	GENCODE.v47vsM1309
ENSG00000291175.2	lncRNA	ENSMUSG00000130830.1	lncRNA	many-to-many	GENCODE.v47vsM1310
ENSG00000197934.9	lncRNA	ENSMUSG00000125172.1	lncRNA	one-to-one	GENCODE.v47vsM1311
ENSG00000299147.1	lncRNA	ENSMUSG00000129805.1	lncRNA	one-to-one	GENCODE.v47vsM1312
ENSG00000203801.9	lncRNA	ENSMUSG00000120201.2	lncRNA	one-to-one	GENCODE.v47vsM1313
ENSG00000177410.14	lncRNA	ENSMUSG00000074578.17	lncRNA	many-to-many	GENCODE.v47vsM1314
ENSG00000266256.4	lncRNA	ENSMUSG00000126788.1	lncRNA	one-to-many	GENCODE.v47vsM1315
ENSG00000293664.1	lncRNA	ENSMUSG00000120972.1	lncRNA	one-to-one	GENCODE.v47vsM1316
ENSG00000294981.1	lncRNA	ENSMUSG00000126069.1	lncRNA	one-to-one	GENCODE.v47vsM1317
ENSG00000232985.2	lncRNA	ENSMUSG00000131899.1	lncRNA	one-to-many	GENCODE.v47vsM1318
ENSG00000303595.1	lncRNA	ENSMUSG00000137496.1	lncRNA	one-to-many	GENCODE.v47vsM1319
ENSG00000250218.2	lncRNA	ENSMUSG00000089781.4	lncRNA	one-to-many	GENCODE.v47vsM1320
ENSG00000242568.2	lncRNA	ENSMUSG00000114818.4	lncRNA	one-to-one	GENCODE.v47vsM1321
ENSG00000255571.10	lncRNA	ENSMUSG00000097023.11	lncRNA	many-to-many	GENCODE.v47vsM1322
ENSG00000213963.7	lncRNA	ENSMUSG00000131531.1	lncRNA	many-to-many	GENCODE.v47vsM1323
ENSG00000254416.7	lncRNA	ENSMUSG00000126979.1	lncRNA	one-to-many	GENCODE.v47vsM1324
ENSG00000301801.1	lncRNA	ENSMUSG00000139778.1	lncRNA	one-to-one	GENCODE.v47vsM1325
ENSG00000248227.2	lncRNA	ENSMUSG00000105730.3	lncRNA	many-to-many	GENCODE.v47vsM1326
ENSG00000304544.1	lncRNA	ENSMUSG00000140834.1	lncRNA	one-to-one	GENCODE.v47vsM1327
ENSG00000225084.2	lncRNA	ENSMUSG00000101295.2	lncRNA	one-to-one	GENCODE.v47vsM1328
ENSG00000310218.1	lncRNA	ENSMUSG00000122061.1	lncRNA	one-to-one	GENCODE.v47vsM1329
ENSG00000279491.2	lncRNA	ENSMUSG00000118008.3	lncRNA	one-to-many	GENCODE.v47vsM1330
ENSG00000293743.1	lncRNA	ENSMUSG00000092536.4	lncRNA	one-to-many	GENCODE.v47vsM1331
ENSG00000236799.1	lncRNA	ENSMUSG00000117655.4	lncRNA	one-to-one	GENCODE.v47vsM1332
ENSG00000226252.1	lncRNA	ENSMUSG00000131397.1	lncRNA	one-to-one	GENCODE.v47vsM1333
ENSG00000232093.2	lncRNA	ENSMUSG00000144191.1	lncRNA	one-to-one	GENCODE.v47vsM1334
ENSG00000244265.3	lncRNA	ENSMUSG00000097725.6	lncRNA	many-to-many	GENCODE.v47vsM1335
ENSG00000272092.1	lncRNA	ENSMUSG00000139525.1	lncRNA	one-to-one	GENCODE.v47vsM1336
ENSG00000305943.1	lncRNA	ENSMUSG00000128254.1	lncRNA	one-to-one	GENCODE.v47vsM1337
ENSG00000236790.8	lncRNA	ENSMUSG00000114033.2	lncRNA	many-to-many	GENCODE.v47vsM1338
ENSG00000287037.2	lncRNA	ENSMUSG00000135043.1	lncRNA	many-to-many	GENCODE.v47vsM1339
ENSG00000303222.1	lncRNA	ENSMUSG00000099860.3	lncRNA	one-to-one	GENCODE.v47vsM1340
ENSG00000285911.2	lncRNA	ENSMUSG00000138389.1	lncRNA	one-to-one	GENCODE.v47vsM1341
ENSG00000297939.1	lncRNA	ENSMUSG00000134426.1	lncRNA	one-to-one	GENCODE.v47vsM1342
ENSG00000285412.2	lncRNA	ENSMUSG00000108060.4	lncRNA	one-to-many	GENCODE.v47vsM1343
ENSG00000176124.16	lncRNA	ENSMUSG00000128712.1	lncRNA	many-to-many	GENCODE.v47vsM1344
ENSG00000305282.1	lncRNA	ENSMUSG00000090925.4	lncRNA	one-to-half	GENCODE.v47vsM1345
ENSG00000248752.4	lncRNA	ENSMUSG00000136465.1	lncRNA	one-to-many	GENCODE.v47vsM1346
ENSG00000228427.6	lncRNA	ENSMUSG00000120504.2	lncRNA	one-to-many	GENCODE.v47vsM1347
ENSG00000269902.1	lncRNA	ENSMUSG00000097497.4	lncRNA	one-to-many	GENCODE.v47vsM1348
ENSG00000295833.1	lncRNA	ENSMUSG00000143381.1	lncRNA	one-to-one	GENCODE.v47vsM1349
ENSG00000289248.2	lncRNA	ENSMUSG00000097673.4	lncRNA	one-to-many	GENCODE.v47vsM1350
ENSG00000293608.1	lncRNA	ENSMUSG00000118067.3	lncRNA	one-to-one	GENCODE.v47vsM1351
ENSG00000294488.1	lncRNA	ENSMUSG00000131729.1	lncRNA	one-to-one	GENCODE.v47vsM1352
ENSG00000272944.1	lncRNA	ENSMUSG00000101849.2	lncRNA	one-to-one	GENCODE.v47vsM1353
ENSG00000239705.3	lncRNA	ENSMUSG00000121211.1	lncRNA	many-to-many	GENCODE.v47vsM1354
ENSG00000301653.1	lncRNA	ENSMUSG00000086496.4	lncRNA	one-to-many	GENCODE.v47vsM1355
ENSG00000300368.1	lncRNA	ENSMUSG00000127470.1	lncRNA	one-to-one	GENCODE.v47vsM1356
ENSG00000302195.1	lncRNA	ENSMUSG00000121818.2	lncRNA	many-to-many	GENCODE.v47vsM1357
ENSG00000276831.2	lncRNA	ENSMUSG00000122630.1	lncRNA	one-to-one	GENCODE.v47vsM1358
ENSG00000289841.1	lncRNA	ENSMUSG00000116075.3	lncRNA	one-to-many	GENCODE.v47vsM1359
ENSG00000286972.1	lncRNA	ENSMUSG00000135442.1	lncRNA	one-to-one	GENCODE.v47vsM1360
ENSG00000295253.1	lncRNA	ENSMUSG00000129752.1	lncRNA	one-to-one	GENCODE.v47vsM1361
ENSG00000256092.5	lncRNA	ENSMUSG00000103864.2	lncRNA	one-to-many	GENCODE.v47vsM1362
ENSG00000248174.9	lncRNA	ENSMUSG00000143243.1	lncRNA	one-to-many	GENCODE.v47vsM1363
ENSG00000301090.1	lncRNA	ENSMUSG00000121357.1	lncRNA	many-to-many	GENCODE.v47vsM1364
ENSG00000279931.1	lncRNA	ENSMUSG00000131568.1	lncRNA	one-to-one	GENCODE.v47vsM1365
ENSG00000215386.16	lncRNA	ENSMUSG00000090386.13	lncRNA	many-to-many	GENCODE.v47vsM1366
ENSG00000257135.9	lncRNA	ENSMUSG00000128261.1	lncRNA	one-to-one	GENCODE.v47vsM1367
ENSG00000248884.3	lncRNA	ENSMUSG00000114590.3	lncRNA	many-to-many	GENCODE.v47vsM1368
ENSG00000286585.4	lncRNA	ENSMUSG00000097724.3	lncRNA	one-to-one	GENCODE.v47vsM1369
ENSG00000259237.3	lncRNA	ENSMUSG00000101526.2	lncRNA	one-to-many	GENCODE.v47vsM1370
ENSG00000248309.10	lncRNA	ENSMUSG00000128764.1	lncRNA	many-to-many	GENCODE.v47vsM1371
ENSG00000255313.3	lncRNA	ENSMUSG00000129117.1	lncRNA	one-to-many	GENCODE.v47vsM1372
ENSG00000303189.1	lncRNA	ENSMUSG00000130352.1	lncRNA	one-to-one	GENCODE.v47vsM1373
ENSG00000259065.4	lncRNA	ENSMUSG00000128297.1	lncRNA	one-to-one	GENCODE.v47vsM1374
ENSG00000197585.10	lncRNA	ENSMUSG00000104287.2	lncRNA	one-to-one	GENCODE.v47vsM1375
ENSG00000267207.2	lncRNA	ENSMUSG00000089902.2	lncRNA	many-to-many	GENCODE.v47vsM1376
ENSG00000307158.1	lncRNA	ENSMUSG00000063714.18	lncRNA	one-to-one	GENCODE.v47vsM1377
ENSG00000304641.1	lncRNA	ENSMUSG00000141110.1	lncRNA	one-to-one	GENCODE.v47vsM1378
ENSG00000272081.2	lncRNA	ENSMUSG00000126856.1	lncRNA	one-to-one	GENCODE.v47vsM1379
ENSG00000231574.8	lncRNA	ENSMUSG00000125870.1	lncRNA	one-to-many	GENCODE.v47vsM1380
ENSG00000304097.1	lncRNA	ENSMUSG00000098684.3	lncRNA	one-to-many	GENCODE.v47vsM1381
ENSG00000308792.1	lncRNA	ENSMUSG00000123472.1	lncRNA	many-to-many	GENCODE.v47vsM1382
ENSG00000243926.4	lncRNA	ENSMUSG00000143217.1	lncRNA	many-to-many	GENCODE.v47vsM1383
ENSG00000299150.1	lncRNA	ENSMUSG00000134091.1	lncRNA	one-to-many	GENCODE.v47vsM1384
ENSG00000307909.1	lncRNA	ENSMUSG00000097877.4	lncRNA	one-to-one	GENCODE.v47vsM1385
ENSG00000273565.3	lncRNA	ENSMUSG00000113488.3	lncRNA	one-to-one	GENCODE.v47vsM1386
ENSG00000306075.1	lncRNA	ENSMUSG00000129028.1	lncRNA	one-to-one	GENCODE.v47vsM1387
ENSG00000234352.10	lncRNA	ENSMUSG00000073154.13	lncRNA	one-to-one	GENCODE.v47vsM1388
ENSG00000280291.1	lncRNA	ENSMUSG00000100005.10	lncRNA	one-to-many	GENCODE.v47vsM1389
ENSG00000265349.1	lncRNA	ENSMUSG00000055134.7	lncRNA	one-to-one	GENCODE.v47vsM1390
ENSG00000244502.3	lncRNA	ENSMUSG00000138684.1	lncRNA	one-to-one	GENCODE.v47vsM1391
ENSG00000299787.1	lncRNA	ENSMUSG00000132836.1	lncRNA	one-to-one	GENCODE.v47vsM1392
ENSG00000301893.1	lncRNA	ENSMUSG00000086188.3	lncRNA	one-to-one	GENCODE.v47vsM1393
ENSG00000303325.1	lncRNA	ENSMUSG00000141175.1	lncRNA	one-to-one	GENCODE.v47vsM1394
ENSG00000255435.8	lncRNA	ENSMUSG00000110750.3	lncRNA	one-to-one	GENCODE.v47vsM1395
ENSG00000260624.3	lncRNA	ENSMUSG00000100487.3	lncRNA	one-to-one	GENCODE.v47vsM1396
ENSG00000299932.1	lncRNA	ENSMUSG00000087170.9	lncRNA	one-to-one	GENCODE.v47vsM1397
ENSG00000291123.2	lncRNA	ENSMUSG00000050936.7	lncRNA	many-to-many	GENCODE.v47vsM1398
ENSG00000235590.10	lncRNA	ENSMUSG00000086537.10	lncRNA	one-to-many	GENCODE.v47vsM1399
ENSG00000287265.2	lncRNA	ENSMUSG00000125533.1	lncRNA	one-to-one	GENCODE.v47vsM1400
ENSG00000287885.2	lncRNA	ENSMUSG00000099664.3	lncRNA	one-to-many	GENCODE.v47vsM1401
ENSG00000308107.1	lncRNA	ENSMUSG00000136006.1	lncRNA	one-to-many	GENCODE.v47vsM1402
ENSG00000308901.1	lncRNA	ENSMUSG00000102785.7	lncRNA	one-to-one	GENCODE.v47vsM1403
ENSG00000268066.6	lncRNA	ENSMUSG00000138314.1	lncRNA	one-to-many	GENCODE.v47vsM1404
ENSG00000175728.5	lncRNA	ENSMUSG00000111867.4	lncRNA	one-to-one	GENCODE.v47vsM1405
ENSG00000279196.1	lncRNA	ENSMUSG00000108402.2	lncRNA	one-to-one	GENCODE.v47vsM1406
ENSG00000287294.2	lncRNA	ENSMUSG00000103710.2	lncRNA	many-to-many	GENCODE.v47vsM1407
ENSG00000305737.1	lncRNA	ENSMUSG00000142203.1	lncRNA	one-to-many	GENCODE.v47vsM1408
ENSG00000254192.1	lncRNA	ENSMUSG00000143471.1	lncRNA	one-to-one	GENCODE.v47vsM1409
ENSG00000307171.1	lncRNA	ENSMUSG00000138785.1	lncRNA	one-to-one	GENCODE.v47vsM1410
ENSG00000228956.10	lncRNA	ENSMUSG00000133430.1	lncRNA	one-to-many	GENCODE.v47vsM1411
ENSG00000309758.1	lncRNA	ENSMUSG00000101224.3	lncRNA	one-to-many	GENCODE.v47vsM1412
ENSG00000283235.3	lncRNA	ENSMUSG00000133063.1	lncRNA	many-to-many	GENCODE.v47vsM1413
ENSG00000229848.1	lncRNA	ENSMUSG00000043644.7	lncRNA	one-to-many	GENCODE.v47vsM1414
ENSG00000294930.1	lncRNA	ENSMUSG00000139393.1	lncRNA	one-to-one	GENCODE.v47vsM1415
ENSG00000275038.2	lncRNA	ENSMUSG00000087501.3	lncRNA	one-to-one	GENCODE.v47vsM1416
ENSG00000304404.1	lncRNA	ENSMUSG00000129285.1	lncRNA	one-to-one	GENCODE.v47vsM1417
ENSG00000260271.5	lncRNA	ENSMUSG00000123583.1	lncRNA	one-to-one	GENCODE.v47vsM1418
ENSG00000234427.2	lncRNA	ENSMUSG00000099672.3	lncRNA	one-to-many	GENCODE.v47vsM1419
ENSG00000289583.2	lncRNA	ENSMUSG00000111933.3	lncRNA	one-to-one	GENCODE.v47vsM1420
ENSG00000266680.1	lncRNA	ENSMUSG00000139019.1	lncRNA	one-to-one	GENCODE.v47vsM1421
ENSG00000286214.1	lncRNA	ENSMUSG00000123602.1	lncRNA	one-to-many	GENCODE.v47vsM1422
ENSG00000234883.8	lncRNA	ENSMUSG00000138952.1	lncRNA	many-to-many	GENCODE.v47vsM1423
ENSG00000223725.7	lncRNA	ENSMUSG00000101895.3	lncRNA	one-to-many	GENCODE.v47vsM1424
ENSG00000249610.1	lncRNA	ENSMUSG00000140148.1	lncRNA	one-to-many	GENCODE.v47vsM1425
ENSG00000276412.3	lncRNA	ENSMUSG00000102297.2	lncRNA	many-to-many	GENCODE.v47vsM1426
ENSG00000295534.1	lncRNA	ENSMUSG00000110110.3	lncRNA	one-to-many	GENCODE.v47vsM1427
ENSG00000304616.1	lncRNA	ENSMUSG00000126638.1	lncRNA	many-to-many	GENCODE.v47vsM1428
ENSG00000269191.1	lncRNA	ENSMUSG00000124604.1	lncRNA	one-to-half	GENCODE.v47vsM1429
ENSG00000261211.3	lncRNA	ENSMUSG00000114791.4	lncRNA	many-to-many	GENCODE.v47vsM1430
ENSG00000304805.1	lncRNA	ENSMUSG00000099315.3	lncRNA	one-to-many	GENCODE.v47vsM1431
ENSG00000295314.1	lncRNA	ENSMUSG00000141895.1	lncRNA	one-to-many	GENCODE.v47vsM1432
ENSG00000290460.2	lncRNA	ENSMUSG00000108030.3	lncRNA	many-to-many	GENCODE.v47vsM1433
ENSG00000286214.1	lncRNA	ENSMUSG00000121179.2	lncRNA	one-to-many	GENCODE.v47vsM1434
ENSG00000285219.5	lncRNA	ENSMUSG00000114512.3	lncRNA	one-to-many	GENCODE.v47vsM1435
ENSG00000306885.1	lncRNA	ENSMUSG00000112006.4	lncRNA	one-to-many	GENCODE.v47vsM1436
ENSG00000299527.1	lncRNA	ENSMUSG00000128549.1	lncRNA	one-to-many	GENCODE.v47vsM1437
ENSG00000253656.2	lncRNA	ENSMUSG00000122272.1	lncRNA	one-to-one	GENCODE.v47vsM1438
ENSG00000218537.1	lncRNA	ENSMUSG00000090023.3	lncRNA	many-to-many	GENCODE.v47vsM1439
ENSG00000258903.3	lncRNA	ENSMUSG00000133838.1	lncRNA	one-to-one	GENCODE.v47vsM1440
ENSG00000242808.13	lncRNA	ENSMUSG00000105265.8	lncRNA	many-to-many	GENCODE.v47vsM1441
ENSG00000310262.1	lncRNA	ENSMUSG00000104686.2	lncRNA	many-to-many	GENCODE.v47vsM1442
ENSG00000233912.2	lncRNA	ENSMUSG00000120580.2	lncRNA	one-to-one	GENCODE.v47vsM1443
ENSG00000295722.1	lncRNA	ENSMUSG00000125922.1	lncRNA	one-to-one	GENCODE.v47vsM1444
ENSG00000254089.3	lncRNA	ENSMUSG00000134693.1	lncRNA	one-to-one	GENCODE.v47vsM1445
ENSG00000231110.2	lncRNA	ENSMUSG00000106013.6	lncRNA	many-to-many	GENCODE.v47vsM1446
ENSG00000279141.5	lncRNA	ENSMUSG00000132879.1	lncRNA	one-to-one	GENCODE.v47vsM1447
ENSG00000251248.2	lncRNA	ENSMUSG00000090732.3	lncRNA	one-to-one	GENCODE.v47vsM1448
ENSG00000225793.6	lncRNA	ENSMUSG00000086918.4	lncRNA	one-to-one	GENCODE.v47vsM1449
ENSG00000295171.1	lncRNA	ENSMUSG00000103900.2	lncRNA	one-to-many	GENCODE.v47vsM1450
ENSG00000286896.3	lncRNA	ENSMUSG00000097885.9	lncRNA	many-to-many	GENCODE.v47vsM1451
ENSG00000302309.1	lncRNA	ENSMUSG00000085870.4	lncRNA	one-to-one	GENCODE.v47vsM1452
ENSG00000236283.6	lncRNA	ENSMUSG00000121160.2	lncRNA	many-to-many	GENCODE.v47vsM1453
ENSG00000265408.1	lncRNA	ENSMUSG00000130039.1	lncRNA	many-to-many	GENCODE.v47vsM1454
ENSG00000231074.12	lncRNA	ENSMUSG00000129100.1	lncRNA	many-to-many	GENCODE.v47vsM1455
ENSG00000241956.12	lncRNA	ENSMUSG00000131589.1	lncRNA	many-to-many	GENCODE.v47vsM1456
ENSG00000204706.15	lncRNA	ENSMUSG00000139401.1	lncRNA	one-to-many	GENCODE.v47vsM1457
ENSG00000296530.1	lncRNA	ENSMUSG00000138714.1	lncRNA	one-to-one	GENCODE.v47vsM1458
ENSG00000289740.2	lncRNA	ENSMUSG00000130597.1	lncRNA	one-to-many	GENCODE.v47vsM1459
ENSG00000273293.1	lncRNA	ENSMUSG00000132828.1	lncRNA	one-to-many	GENCODE.v47vsM1460
ENSG00000240868.1	lncRNA	ENSMUSG00000084951.3	lncRNA	one-to-many	GENCODE.v47vsM1461
ENSG00000267057.7	lncRNA	ENSMUSG00000024546.8	lncRNA	one-to-one	GENCODE.v47vsM1462
ENSG00000300236.1	lncRNA	ENSMUSG00000139502.1	lncRNA	one-to-many	GENCODE.v47vsM1463
ENSG00000293696.1	lncRNA	ENSMUSG00000120116.2	lncRNA	one-to-many	GENCODE.v47vsM1464
ENSG00000301474.1	lncRNA	ENSMUSG00000105297.3	lncRNA	one-to-one	GENCODE.v47vsM1465
ENSG00000233730.3	lncRNA	ENSMUSG00000086745.3	lncRNA	one-to-one	GENCODE.v47vsM1466
ENSG00000295111.1	lncRNA	ENSMUSG00000103400.3	lncRNA	one-to-one	GENCODE.v47vsM1467
ENSG00000268388.7	lncRNA	ENSMUSG00000097336.10	lncRNA	one-to-one	GENCODE.v47vsM1468
ENSG00000228526.9	lncRNA	ENSMUSG00000086665.4	lncRNA	many-to-many	GENCODE.v47vsM1469
ENSG00000174680.10	lncRNA	ENSMUSG00000139183.1	lncRNA	one-to-one	GENCODE.v47vsM1470
ENSG00000235770.7	lncRNA	ENSMUSG00000102689.2	lncRNA	many-to-many	GENCODE.v47vsM1471
ENSG00000244055.3	lncRNA	ENSMUSG00000104950.2	lncRNA	many-to-many	GENCODE.v47vsM1472
ENSG00000304902.1	lncRNA	ENSMUSG00000124321.1	lncRNA	one-to-one	GENCODE.v47vsM1473
ENSG00000228889.10	lncRNA	ENSMUSG00000102112.4	lncRNA	many-to-many	GENCODE.v47vsM1474
ENSG00000253522.7	lncRNA	ENSMUSG00000136278.1	lncRNA	many-to-many	GENCODE.v47vsM1475
ENSG00000253880.2	lncRNA	ENSMUSG00000110056.3	lncRNA	one-to-one	GENCODE.v47vsM1476
ENSG00000291242.2	lncRNA	ENSMUSG00000106367.3	lncRNA	many-to-many	GENCODE.v47vsM1477
ENSG00000271825.1	lncRNA	ENSMUSG00000124625.1	lncRNA	one-to-one	GENCODE.v47vsM1478
ENSG00000225166.3	lncRNA	ENSMUSG00000073652.12	lncRNA	one-to-many	GENCODE.v47vsM1479
ENSG00000300574.1	lncRNA	ENSMUSG00000140766.1	lncRNA	many-to-many	GENCODE.v47vsM1480
ENSG00000229950.2	lncRNA	ENSMUSG00000097752.3	lncRNA	one-to-one	GENCODE.v47vsM1481
ENSG00000296963.1	lncRNA	ENSMUSG00000085714.2	lncRNA	one-to-half	GENCODE.v47vsM1482
ENSG00000258053.2	lncRNA	ENSMUSG00000136260.1	lncRNA	one-to-many	GENCODE.v47vsM1483
ENSG00000287497.4	lncRNA	ENSMUSG00000100022.4	lncRNA	one-to-many	GENCODE.v47vsM1484
ENSG00000306662.1	lncRNA	ENSMUSG00000128578.1	lncRNA	one-to-one	GENCODE.v47vsM1485
ENSG00000233183.4	lncRNA	ENSMUSG00000073430.8	lncRNA	many-to-many	GENCODE.v47vsM1486
ENSG00000294934.1	lncRNA	ENSMUSG00000098552.3	lncRNA	one-to-one	GENCODE.v47vsM1487
ENSG00000298246.1	lncRNA	ENSMUSG00000136158.1	lncRNA	one-to-one	GENCODE.v47vsM1488
ENSG00000272677.4	lncRNA	ENSMUSG00000091623.4	lncRNA	one-to-one	GENCODE.v47vsM1489
ENSG00000293481.2	lncRNA	ENSMUSG00000126015.1	lncRNA	one-to-one	GENCODE.v47vsM1490
ENSG00000223783.2	lncRNA	ENSMUSG00000139911.1	lncRNA	one-to-many	GENCODE.v47vsM1491
ENSG00000294528.1	lncRNA	ENSMUSG00000140464.1	lncRNA	one-to-one	GENCODE.v47vsM1492
ENSG00000305746.1	lncRNA	ENSMUSG00000103570.2	lncRNA	one-to-many	GENCODE.v47vsM1493
ENSG00000230148.9	lncRNA	ENSMUSG00000075589.4	lncRNA	many-to-many	GENCODE.v47vsM1494
ENSG00000233016.10	lncRNA	ENSMUSG00000120369.2	lncRNA	many-to-many	GENCODE.v47vsM1495
ENSG00000244541.7	lncRNA	ENSMUSG00000104586.3	lncRNA	one-to-one	GENCODE.v47vsM1496
ENSG00000305498.1	lncRNA	ENSMUSG00000120311.2	lncRNA	one-to-many	GENCODE.v47vsM1497
ENSG00000276407.6	lncRNA	ENSMUSG00000097184.5	lncRNA	one-to-one	GENCODE.v47vsM1498
ENSG00000306162.1	lncRNA	ENSMUSG00000085944.3	lncRNA	one-to-one	GENCODE.v47vsM1499
ENSG00000293755.1	lncRNA	ENSMUSG00000133906.1	lncRNA	one-to-one	GENCODE.v47vsM1500
ENSG00000264278.2	lncRNA	ENSMUSG00000134651.1	lncRNA	one-to-many	GENCODE.v47vsM1501
ENSG00000253730.2	lncRNA	ENSMUSG00000141202.1	lncRNA	many-to-many	GENCODE.v47vsM1502
ENSG00000299018.1	lncRNA	ENSMUSG00000127205.1	lncRNA	one-to-one	GENCODE.v47vsM1503
ENSG00000287282.1	lncRNA	ENSMUSG00000131599.1	lncRNA	one-to-one	GENCODE.v47vsM1504
ENSG00000258700.7	lncRNA	ENSMUSG00000128293.1	lncRNA	one-to-one	GENCODE.v47vsM1505
ENSG00000297902.1	lncRNA	ENSMUSG00000116256.3	lncRNA	one-to-many	GENCODE.v47vsM1506
ENSG00000226620.9	lncRNA	ENSMUSG00000099890.3	lncRNA	one-to-one	GENCODE.v47vsM1507
ENSG00000228971.5	lncRNA	ENSMUSG00000098097.10	lncRNA	one-to-one	GENCODE.v47vsM1508
ENSG00000260177.2	lncRNA	ENSMUSG00000142080.1	lncRNA	one-to-one	GENCODE.v47vsM1509
ENSG00000289364.3	lncRNA	ENSMUSG00000137425.1	lncRNA	one-to-half	GENCODE.v47vsM1510
ENSG00000231920.2	lncRNA	ENSMUSG00000143865.1	lncRNA	one-to-one	GENCODE.v47vsM1511
ENSG00000294131.1	lncRNA	ENSMUSG00000133837.1	lncRNA	one-to-one	GENCODE.v47vsM1512
ENSG00000307563.1	lncRNA	ENSMUSG00000130176.1	lncRNA	one-to-one	GENCODE.v47vsM1513
ENSG00000304834.1	lncRNA	ENSMUSG00000142443.1	lncRNA	one-to-one	GENCODE.v47vsM1514
ENSG00000294640.1	lncRNA	ENSMUSG00000142470.1	lncRNA	one-to-one	GENCODE.v47vsM1515
ENSG00000227431.7	lncRNA	ENSMUSG00000130260.1	lncRNA	one-to-one	GENCODE.v47vsM1516
ENSG00000267789.2	lncRNA	ENSMUSG00000121021.2	lncRNA	one-to-half	GENCODE.v47vsM1517
ENSG00000248799.2	lncRNA	ENSMUSG00000086607.9	lncRNA	one-to-one	GENCODE.v47vsM1518
ENSG00000272888.9	lncRNA	ENSMUSG00000101970.11	lncRNA	one-to-many	GENCODE.v47vsM1519
ENSG00000232536.1	lncRNA	ENSMUSG00000125669.1	lncRNA	many-to-many	GENCODE.v47vsM1520
ENSG00000270361.2	lncRNA	ENSMUSG00000144192.1	lncRNA	one-to-one	GENCODE.v47vsM1521
ENSG00000304551.1	lncRNA	ENSMUSG00000128264.1	lncRNA	one-to-one	GENCODE.v47vsM1522
ENSG00000262231.3	lncRNA	ENSMUSG00000085528.3	lncRNA	one-to-one	GENCODE.v47vsM1523
ENSG00000270933.3	lncRNA	ENSMUSG00000128062.1	lncRNA	many-to-many	GENCODE.v47vsM1524
ENSG00000228395.4	lncRNA	ENSMUSG00000141589.1	lncRNA	many-to-many	GENCODE.v47vsM1525
ENSG00000231606.2	lncRNA	ENSMUSG00000103678.2	lncRNA	one-to-one	GENCODE.v47vsM1526
ENSG00000237342.1	lncRNA	ENSMUSG00000135947.1	lncRNA	one-to-one	GENCODE.v47vsM1527
ENSG00000279043.1	lncRNA	ENSMUSG00000130402.1	lncRNA	one-to-one	GENCODE.v47vsM1528
ENSG00000297202.1	lncRNA	ENSMUSG00000106896.2	lncRNA	one-to-many	GENCODE.v47vsM1529
ENSG00000227544.11	lncRNA	ENSMUSG00000100002.5	lncRNA	one-to-many	GENCODE.v47vsM1530
ENSG00000272841.1	lncRNA	ENSMUSG00000097350.5	lncRNA	one-to-one	GENCODE.v47vsM1531
ENSG00000186594.17	lncRNA	ENSMUSG00000085148.2	lncRNA	many-to-many	GENCODE.v47vsM1532
ENSG00000306645.1	lncRNA	ENSMUSG00000138532.1	lncRNA	one-to-one	GENCODE.v47vsM1533
ENSG00000214293.12	lncRNA	ENSMUSG00000101013.2	lncRNA	one-to-one	GENCODE.v47vsM1534
ENSG00000272606.3	lncRNA	ENSMUSG00000086725.3	lncRNA	one-to-one	GENCODE.v47vsM1535
ENSG00000205057.7	lncRNA	ENSMUSG00000112234.3	lncRNA	one-to-many	GENCODE.v47vsM1536
ENSG00000225206.13	lncRNA	ENSMUSG00000102729.2	lncRNA	many-to-many	GENCODE.v47vsM1537
ENSG00000303224.1	lncRNA	ENSMUSG00000125856.1	lncRNA	one-to-one	GENCODE.v47vsM1538
ENSG00000298953.1	lncRNA	ENSMUSG00000086425.10	lncRNA	one-to-one	GENCODE.v47vsM1539
ENSG00000235149.2	lncRNA	ENSMUSG00000084954.4	lncRNA	one-to-one	GENCODE.v47vsM1540
ENSG00000273618.1	lncRNA	ENSMUSG00000093452.6	lncRNA	one-to-many	GENCODE.v47vsM1541
ENSG00000224944.3	lncRNA	ENSMUSG00000085522.3	lncRNA	one-to-one	GENCODE.v47vsM1542
ENSG00000227365.1	lncRNA	ENSMUSG00000139814.1	lncRNA	one-to-one	GENCODE.v47vsM1543
ENSG00000241135.9	lncRNA	ENSMUSG00000140267.1	lncRNA	one-to-many	GENCODE.v47vsM1544
ENSG00000255856.2	lncRNA	ENSMUSG00000087336.4	lncRNA	one-to-one	GENCODE.v47vsM1545
ENSG00000271889.2	lncRNA	ENSMUSG00000137815.1	lncRNA	many-to-many	GENCODE.v47vsM1546
ENSG00000228999.5	lncRNA	ENSMUSG00000139167.1	lncRNA	one-to-one	GENCODE.v47vsM1547
ENSG00000295464.1	lncRNA	ENSMUSG00000120220.2	lncRNA	one-to-many	GENCODE.v47vsM1548
ENSG00000253471.2	lncRNA	ENSMUSG00000092499.3	lncRNA	one-to-one	GENCODE.v47vsM1549
ENSG00000265485.9	lncRNA	ENSMUSG00000137033.1	lncRNA	one-to-one	GENCODE.v47vsM1550
ENSG00000230943.5	lncRNA	ENSMUSG00000097742.3	lncRNA	one-to-many	GENCODE.v47vsM1551
ENSG00000224577.5	lncRNA	ENSMUSG00000123474.1	lncRNA	one-to-many	GENCODE.v47vsM1552
ENSG00000298493.1	lncRNA	ENSMUSG00000086522.3	lncRNA	one-to-many	GENCODE.v47vsM1553
ENSG00000272554.4	lncRNA	ENSMUSG00000133808.1	lncRNA	one-to-one	GENCODE.v47vsM1554
ENSG00000288925.2	lncRNA	ENSMUSG00000133244.1	lncRNA	one-to-one	GENCODE.v47vsM1555
ENSG00000233775.2	lncRNA	ENSMUSG00000128386.1	lncRNA	one-to-many	GENCODE.v47vsM1556
ENSG00000289993.2	lncRNA	ENSMUSG00000118047.3	lncRNA	one-to-one	GENCODE.v47vsM1557
ENSG00000307736.1	lncRNA	ENSMUSG00000118094.3	lncRNA	one-to-many	GENCODE.v47vsM1558
ENSG00000267532.7	lncRNA	ENSMUSG00000134819.1	lncRNA	many-to-many	GENCODE.v47vsM1559
ENSG00000239715.1	lncRNA	ENSMUSG00000103298.2	lncRNA	one-to-one	GENCODE.v47vsM1560
ENSG00000249085.3	lncRNA	ENSMUSG00000136931.1	lncRNA	one-to-many	GENCODE.v47vsM1561
ENSG00000258766.2	lncRNA	ENSMUSG00000097157.4	lncRNA	one-to-many	GENCODE.v47vsM1562
ENSG00000310191.1	lncRNA	ENSMUSG00000144165.1	lncRNA	one-to-one	GENCODE.v47vsM1563
ENSG00000226754.4	lncRNA	ENSMUSG00000128208.1	lncRNA	one-to-one	GENCODE.v47vsM1564
ENSG00000306936.1	lncRNA	ENSMUSG00000127892.1	lncRNA	one-to-one	GENCODE.v47vsM1565
ENSG00000253666.5	lncRNA	ENSMUSG00000115278.3	lncRNA	one-to-one	GENCODE.v47vsM1566
ENSG00000306439.1	lncRNA	ENSMUSG00000140491.1	lncRNA	one-to-one	GENCODE.v47vsM1567
ENSG00000305635.1	lncRNA	ENSMUSG00000137911.1	lncRNA	one-to-many	GENCODE.v47vsM1568
ENSG00000260455.3	lncRNA	ENSMUSG00000142949.1	lncRNA	many-to-many	GENCODE.v47vsM1569
ENSG00000309616.1	lncRNA	ENSMUSG00000106219.3	lncRNA	one-to-many	GENCODE.v47vsM1570
ENSG00000299408.1	lncRNA	ENSMUSG00000132346.1	lncRNA	one-to-many	GENCODE.v47vsM1571
ENSG00000228048.1	lncRNA	ENSMUSG00000102584.2	lncRNA	one-to-one	GENCODE.v47vsM1572
ENSG00000257815.10	lncRNA	ENSMUSG00000052291.12	lncRNA	one-to-one	GENCODE.v47vsM1573
ENSG00000215483.13	lncRNA	ENSMUSG00000120422.2	lncRNA	many-to-many	GENCODE.v47vsM1574
ENSG00000254101.9	lncRNA	ENSMUSG00000116483.2	lncRNA	one-to-many	GENCODE.v47vsM1575
ENSG00000258982.2	lncRNA	ENSMUSG00000139431.1	lncRNA	one-to-many	GENCODE.v47vsM1576
ENSG00000255929.7	lncRNA	ENSMUSG00000111085.3	lncRNA	one-to-many	GENCODE.v47vsM1577
ENSG00000272849.1	lncRNA	ENSMUSG00000104156.4	lncRNA	one-to-many	GENCODE.v47vsM1578
ENSG00000305574.1	lncRNA	ENSMUSG00000127202.1	lncRNA	one-to-half	GENCODE.v47vsM1579
ENSG00000245812.6	lncRNA	ENSMUSG00000102563.2	lncRNA	one-to-many	GENCODE.v47vsM1580
ENSG00000304942.1	lncRNA	ENSMUSG00000129547.1	lncRNA	one-to-one	GENCODE.v47vsM1581
ENSG00000257507.2	lncRNA	ENSMUSG00000133598.1	lncRNA	one-to-many	GENCODE.v47vsM1582
ENSG00000303290.1	lncRNA	ENSMUSG00000116270.3	lncRNA	one-to-one	GENCODE.v47vsM1583
ENSG00000246263.5	lncRNA	ENSMUSG00000115249.3	lncRNA	one-to-one	GENCODE.v47vsM1584
ENSG00000291094.2	lncRNA	ENSMUSG00000081207.6	lncRNA	many-to-many	GENCODE.v47vsM1585
ENSG00000285844.2	lncRNA	ENSMUSG00000123368.1	lncRNA	one-to-one	GENCODE.v47vsM1586
ENSG00000300052.1	lncRNA	ENSMUSG00000135828.1	lncRNA	one-to-one	GENCODE.v47vsM1587
ENSG00000295444.1	lncRNA	ENSMUSG00000120220.2	lncRNA	one-to-many	GENCODE.v47vsM1588
ENSG00000295671.1	lncRNA	ENSMUSG00000110440.3	lncRNA	one-to-one	GENCODE.v47vsM1589
ENSG00000289569.2	lncRNA	ENSMUSG00000138027.1	lncRNA	one-to-one	GENCODE.v47vsM1590
ENSG00000289891.2	lncRNA	ENSMUSG00000120613.2	lncRNA	one-to-one	GENCODE.v47vsM1591
ENSG00000303685.1	lncRNA	ENSMUSG00000122551.1	lncRNA	one-to-one	GENCODE.v47vsM1592
ENSG00000203875.14	lncRNA	ENSMUSG00000097195.13	lncRNA	many-to-many	GENCODE.v47vsM1593
ENSG00000299150.1	lncRNA	ENSMUSG00000123201.1	lncRNA	one-to-many	GENCODE.v47vsM1594
ENSG00000271991.4	lncRNA	ENSMUSG00000142269.1	lncRNA	one-to-one	GENCODE.v47vsM1595
ENSG00000290920.2	lncRNA	ENSMUSG00000116557.3	lncRNA	many-to-many	GENCODE.v47vsM1596
ENSG00000233223.6	lncRNA	ENSMUSG00000137776.1	lncRNA	one-to-many	GENCODE.v47vsM1597
ENSG00000260943.2	lncRNA	ENSMUSG00000133096.1	lncRNA	one-to-one	GENCODE.v47vsM1598
ENSG00000297294.1	lncRNA	ENSMUSG00000124987.1	lncRNA	one-to-one	GENCODE.v47vsM1599
ENSG00000230074.6	lncRNA	ENSMUSG00000054885.14	lncRNA	many-to-many	GENCODE.v47vsM1600
ENSG00000249362.4	lncRNA	ENSMUSG00000140497.1	lncRNA	one-to-one	GENCODE.v47vsM1601
ENSG00000297406.1	lncRNA	ENSMUSG00000137984.1	lncRNA	one-to-many	GENCODE.v47vsM1602
ENSG00000300563.1	lncRNA	ENSMUSG00000086462.3	lncRNA	one-to-one	GENCODE.v47vsM1603
ENSG00000289405.3	lncRNA	ENSMUSG00000104324.2	lncRNA	many-to-many	GENCODE.v47vsM1604
ENSG00000259708.2	lncRNA	ENSMUSG00000137561.1	lncRNA	one-to-one	GENCODE.v47vsM1605
ENSG00000175170.17	lncRNA	ENSMUSG00000072673.3	lncRNA	many-to-many	GENCODE.v47vsM1606
ENSG00000303587.1	lncRNA	ENSMUSG00000135879.1	lncRNA	one-to-many	GENCODE.v47vsM1607
ENSG00000261886.2	lncRNA	ENSMUSG00000085154.10	lncRNA	one-to-one	GENCODE.v47vsM1608
ENSG00000236387.2	lncRNA	ENSMUSG00000086831.2	lncRNA	one-to-one	GENCODE.v47vsM1609
ENSG00000271474.2	lncRNA	ENSMUSG00000089737.2	lncRNA	one-to-many	GENCODE.v47vsM1610
ENSG00000293339.1	lncRNA	ENSMUSG00000127734.1	lncRNA	many-to-many	GENCODE.v47vsM1611
ENSG00000278946.1	lncRNA	ENSMUSG00000073594.4	lncRNA	one-to-many	GENCODE.v47vsM1612
ENSG00000222047.10	lncRNA	ENSMUSG00000135345.1	lncRNA	one-to-one	GENCODE.v47vsM1613
ENSG00000304815.1	lncRNA	ENSMUSG00000124351.1	lncRNA	one-to-one	GENCODE.v47vsM1614
ENSG00000287546.2	lncRNA	ENSMUSG00000141684.1	lncRNA	one-to-one	GENCODE.v47vsM1615
ENSG00000237803.7	lncRNA	ENSMUSG00000136793.1	lncRNA	one-to-many	GENCODE.v47vsM1616
ENSG00000285671.1	lncRNA	ENSMUSG00000086445.2	lncRNA	one-to-one	GENCODE.v47vsM1617
ENSG00000289923.2	lncRNA	ENSMUSG00000129265.1	lncRNA	one-to-one	GENCODE.v47vsM1618
ENSG00000233461.6	lncRNA	ENSMUSG00000138657.1	lncRNA	one-to-one	GENCODE.v47vsM1619
ENSG00000257657.4	lncRNA	ENSMUSG00000097536.4	lncRNA	one-to-many	GENCODE.v47vsM1620
ENSG00000286119.1	lncRNA	ENSMUSG00000141316.1	lncRNA	one-to-one	GENCODE.v47vsM1621
ENSG00000296643.1	lncRNA	ENSMUSG00000125325.1	lncRNA	one-to-one	GENCODE.v47vsM1622
ENSG00000222043.2	lncRNA	ENSMUSG00000087222.4	lncRNA	one-to-one	GENCODE.v47vsM1623
ENSG00000251442.9	lncRNA	ENSMUSG00000106357.4	lncRNA	many-to-many	GENCODE.v47vsM1624
ENSG00000232874.2	lncRNA	ENSMUSG00000138433.1	lncRNA	one-to-one	GENCODE.v47vsM1625
ENSG00000258860.2	lncRNA	ENSMUSG00000141161.1	lncRNA	one-to-one	GENCODE.v47vsM1626
ENSG00000292309.2	lncRNA	ENSMUSG00000092090.5	lncRNA	one-to-many	GENCODE.v47vsM1627
ENSG00000293978.1	lncRNA	ENSMUSG00000126982.1	lncRNA	one-to-one	GENCODE.v47vsM1628
ENSG00000287776.3	lncRNA	ENSMUSG00000136091.1	lncRNA	one-to-half	GENCODE.v47vsM1629
ENSG00000259007.1	lncRNA	ENSMUSG00000114436.2	lncRNA	one-to-one	GENCODE.v47vsM1630
ENSG00000299617.1	lncRNA	ENSMUSG00000087120.4	lncRNA	one-to-many	GENCODE.v47vsM1631
ENSG00000289097.2	lncRNA	ENSMUSG00000114681.4	lncRNA	many-to-many	GENCODE.v47vsM1632
ENSG00000253161.8	lncRNA	ENSMUSG00000130034.1	lncRNA	one-to-many	GENCODE.v47vsM1633
ENSG00000224127.1	lncRNA	ENSMUSG00000093738.4	lncRNA	one-to-many	GENCODE.v47vsM1634
ENSG00000254186.4	lncRNA	ENSMUSG00000121253.2	lncRNA	one-to-many	GENCODE.v47vsM1635
ENSG00000297522.1	lncRNA	ENSMUSG00000138043.1	lncRNA	one-to-one	GENCODE.v47vsM1636
ENSG00000286281.1	lncRNA	ENSMUSG00000113780.3	lncRNA	one-to-one	GENCODE.v47vsM1637
ENSG00000309231.1	lncRNA	ENSMUSG00000084802.3	lncRNA	many-to-many	GENCODE.v47vsM1638
ENSG00000231672.9	lncRNA	ENSMUSG00000100444.2	lncRNA	one-to-many	GENCODE.v47vsM1639
ENSG00000291111.2	lncRNA	ENSMUSG00000098197.4	lncRNA	many-to-many	GENCODE.v47vsM1640
ENSG00000230013.3	lncRNA	ENSMUSG00000126974.1	lncRNA	one-to-many	GENCODE.v47vsM1641
ENSG00000303537.1	lncRNA	ENSMUSG00000116305.4	lncRNA	one-to-many	GENCODE.v47vsM1642
ENSG00000279490.1	lncRNA	ENSMUSG00000122162.1	lncRNA	one-to-one	GENCODE.v47vsM1643
ENSG00000302120.1	lncRNA	ENSMUSG00000121504.2	lncRNA	one-to-many	GENCODE.v47vsM1644
ENSG00000289324.3	lncRNA	ENSMUSG00000097318.5	lncRNA	one-to-many	GENCODE.v47vsM1645
ENSG00000229337.3	lncRNA	ENSMUSG00000126186.1	lncRNA	many-to-many	GENCODE.v47vsM1646
ENSG00000309182.1	lncRNA	ENSMUSG00000124283.1	lncRNA	many-to-many	GENCODE.v47vsM1647
ENSG00000293793.1	lncRNA	ENSMUSG00000141204.1	lncRNA	one-to-half	GENCODE.v47vsM1648
ENSG00000293621.2	lncRNA	ENSMUSG00000124290.1	lncRNA	one-to-many	GENCODE.v47vsM1649
ENSG00000297757.1	lncRNA	ENSMUSG00000123521.1	lncRNA	many-to-many	GENCODE.v47vsM1650
ENSG00000250286.2	lncRNA	ENSMUSG00000134255.1	lncRNA	one-to-one	GENCODE.v47vsM1651
ENSG00000269802.2	lncRNA	ENSMUSG00000125117.1	lncRNA	one-to-half	GENCODE.v47vsM1652
ENSG00000254060.1	lncRNA	ENSMUSG00000089794.2	lncRNA	one-to-one	GENCODE.v47vsM1653
ENSG00000249404.1	lncRNA	ENSMUSG00000102810.2	lncRNA	one-to-one	GENCODE.v47vsM1654
ENSG00000295373.1	lncRNA	ENSMUSG00000139768.1	lncRNA	one-to-one	GENCODE.v47vsM1655
ENSG00000308663.1	lncRNA	ENSMUSG00000137946.1	lncRNA	one-to-one	GENCODE.v47vsM1656
ENSG00000294490.1	lncRNA	ENSMUSG00000085360.3	lncRNA	one-to-many	GENCODE.v47vsM1657
ENSG00000240889.2	lncRNA	ENSMUSG00000086582.3	lncRNA	one-to-one	GENCODE.v47vsM1658
ENSG00000248529.6	lncRNA	ENSMUSG00000132670.1	lncRNA	one-to-many	GENCODE.v47vsM1659
ENSG00000275198.2	lncRNA	ENSMUSG00000072884.12	lncRNA	one-to-many	GENCODE.v47vsM1660
ENSG00000284623.2	lncRNA	ENSMUSG00000073759.8	lncRNA	one-to-one	GENCODE.v47vsM1661
ENSG00000304824.1	lncRNA	ENSMUSG00000143016.1	lncRNA	one-to-one	GENCODE.v47vsM1662
ENSG00000255595.6	lncRNA	ENSMUSG00000106644.3	lncRNA	one-to-many	GENCODE.v47vsM1663
ENSG00000288902.3	lncRNA	ENSMUSG00000123819.1	lncRNA	one-to-many	GENCODE.v47vsM1664
ENSG00000265408.1	lncRNA	ENSMUSG00000121425.1	lncRNA	many-to-many	GENCODE.v47vsM1665
ENSG00000250994.4	lncRNA	ENSMUSG00000124699.1	lncRNA	one-to-one	GENCODE.v47vsM1666
ENSG00000297626.1	lncRNA	ENSMUSG00000134462.1	lncRNA	one-to-one	GENCODE.v47vsM1667
ENSG00000303373.1	lncRNA	ENSMUSG00000100219.3	lncRNA	one-to-one	GENCODE.v47vsM1668
ENSG00000293195.2	lncRNA	ENSMUSG00000124224.1	lncRNA	many-to-many	GENCODE.v47vsM1669
ENSG00000289405.3	lncRNA	ENSMUSG00000093387.3	lncRNA	many-to-many	GENCODE.v47vsM1670
ENSG00000310343.1	lncRNA	ENSMUSG00000103503.3	lncRNA	one-to-one	GENCODE.v47vsM1671
ENSG00000262454.5	lncRNA	ENSMUSG00000109857.4	lncRNA	one-to-one	GENCODE.v47vsM1672
ENSG00000248127.2	lncRNA	ENSMUSG00000100475.3	lncRNA	one-to-one	GENCODE.v47vsM1673
ENSG00000279065.1	lncRNA	ENSMUSG00000123781.1	lncRNA	one-to-one	GENCODE.v47vsM1674
ENSG00000257703.7	lncRNA	ENSMUSG00000138608.1	lncRNA	one-to-one	GENCODE.v47vsM1675
ENSG00000267322.5	lncRNA	ENSMUSG00000129703.1	lncRNA	many-to-many	GENCODE.v47vsM1676
ENSG00000265408.1	lncRNA	ENSMUSG00000141528.1	lncRNA	many-to-many	GENCODE.v47vsM1677
ENSG00000287463.2	lncRNA	ENSMUSG00000139507.1	lncRNA	one-to-one	GENCODE.v47vsM1678
ENSG00000228412.10	lncRNA	ENSMUSG00000114860.3	lncRNA	many-to-many	GENCODE.v47vsM1679
ENSG00000293736.1	lncRNA	ENSMUSG00000098959.3	lncRNA	many-to-many	GENCODE.v47vsM1680
ENSG00000309307.1	lncRNA	ENSMUSG00000143801.1	lncRNA	one-to-many	GENCODE.v47vsM1681
ENSG00000304716.1	lncRNA	ENSMUSG00000120102.2	lncRNA	one-to-one	GENCODE.v47vsM1682
ENSG00000273249.2	lncRNA	ENSMUSG00000123640.1	lncRNA	one-to-one	GENCODE.v47vsM1683
ENSG00000232533.4	lncRNA	ENSMUSG00000131185.1	lncRNA	one-to-many	GENCODE.v47vsM1684
ENSG00000296203.1	lncRNA	ENSMUSG00000108520.2	lncRNA	one-to-one	GENCODE.v47vsM1685
ENSG00000271969.1	lncRNA	ENSMUSG00000087327.3	lncRNA	one-to-many	GENCODE.v47vsM1686
ENSG00000233871.3	lncRNA	ENSMUSG00000097218.9	lncRNA	one-to-many	GENCODE.v47vsM1687
ENSG00000309152.1	lncRNA	ENSMUSG00000109604.3	lncRNA	one-to-one	GENCODE.v47vsM1688
ENSG00000229989.7	lncRNA	ENSMUSG00000103038.2	lncRNA	many-to-many	GENCODE.v47vsM1689
ENSG00000258460.5	lncRNA	ENSMUSG00000113868.3	lncRNA	one-to-one	GENCODE.v47vsM1690
ENSG00000235661.4	lncRNA	ENSMUSG00000075020.9	lncRNA	one-to-many	GENCODE.v47vsM1691
ENSG00000307788.1	lncRNA	ENSMUSG00000104847.3	lncRNA	one-to-many	GENCODE.v47vsM1692
ENSG00000269939.1	lncRNA	ENSMUSG00000102555.2	lncRNA	one-to-half	GENCODE.v47vsM1693
ENSG00000248307.7	lncRNA	ENSMUSG00000126398.1	lncRNA	one-to-one	GENCODE.v47vsM1694
ENSG00000246379.10	lncRNA	ENSMUSG00000097520.5	lncRNA	one-to-one	GENCODE.v47vsM1695
ENSG00000261367.1	lncRNA	ENSMUSG00000055323.8	lncRNA	one-to-many	GENCODE.v47vsM1696
ENSG00000254135.4	lncRNA	ENSMUSG00000103248.2	lncRNA	one-to-one	GENCODE.v47vsM1697
ENSG00000234952.3	lncRNA	ENSMUSG00000118031.3	lncRNA	one-to-one	GENCODE.v47vsM1698
ENSG00000255440.3	lncRNA	ENSMUSG00000109186.3	lncRNA	one-to-one	GENCODE.v47vsM1699
ENSG00000300379.1	lncRNA	ENSMUSG00000142501.1	lncRNA	one-to-one	GENCODE.v47vsM1700
ENSG00000286418.2	lncRNA	ENSMUSG00000135544.1	lncRNA	one-to-many	GENCODE.v47vsM1701
ENSG00000249252.6	lncRNA	ENSMUSG00000087290.3	lncRNA	one-to-many	GENCODE.v47vsM1702
ENSG00000259700.4	lncRNA	ENSMUSG00000135402.1	lncRNA	one-to-one	GENCODE.v47vsM1703
ENSG00000290429.2	lncRNA	ENSMUSG00000127554.1	lncRNA	many-to-many	GENCODE.v47vsM1704
ENSG00000271040.2	lncRNA	ENSMUSG00000127277.1	lncRNA	one-to-one	GENCODE.v47vsM1705
ENSG00000298800.1	lncRNA	ENSMUSG00000108722.4	lncRNA	one-to-one	GENCODE.v47vsM1706
ENSG00000259023.4	lncRNA	ENSMUSG00000113733.2	lncRNA	one-to-one	GENCODE.v47vsM1707
ENSG00000247092.10	lncRNA	ENSMUSG00000113722.4	lncRNA	many-to-many	GENCODE.v47vsM1708
ENSG00000296025.1	lncRNA	ENSMUSG00000125561.1	lncRNA	one-to-many	GENCODE.v47vsM1709
ENSG00000286359.2	lncRNA	ENSMUSG00000097310.4	lncRNA	one-to-one	GENCODE.v47vsM1710
ENSG00000286423.2	lncRNA	ENSMUSG00000128536.1	lncRNA	one-to-one	GENCODE.v47vsM1711
ENSG00000259237.3	lncRNA	ENSMUSG00000136198.1	lncRNA	one-to-many	GENCODE.v47vsM1712
ENSG00000251680.7	lncRNA	ENSMUSG00000143248.1	lncRNA	one-to-many	GENCODE.v47vsM1713
ENSG00000223725.7	lncRNA	ENSMUSG00000141732.1	lncRNA	one-to-many	GENCODE.v47vsM1714
ENSG00000261840.6	lncRNA	ENSMUSG00000101225.3	lncRNA	one-to-one	GENCODE.v47vsM1715
ENSG00000253181.3	lncRNA	ENSMUSG00000109603.3	lncRNA	one-to-many	GENCODE.v47vsM1716
ENSG00000266743.3	lncRNA	ENSMUSG00000118094.3	lncRNA	one-to-many	GENCODE.v47vsM1717
ENSG00000289218.2	lncRNA	ENSMUSG00000132806.1	lncRNA	one-to-one	GENCODE.v47vsM1718
ENSG00000286144.2	lncRNA	ENSMUSG00000116081.2	lncRNA	one-to-one	GENCODE.v47vsM1719
ENSG00000295506.1	lncRNA	ENSMUSG00000097777.10	lncRNA	one-to-one	GENCODE.v47vsM1720
ENSG00000305966.1	lncRNA	ENSMUSG00000120374.2	lncRNA	one-to-one	GENCODE.v47vsM1721
ENSG00000289863.2	lncRNA	ENSMUSG00000143260.1	lncRNA	one-to-many	GENCODE.v47vsM1722
ENSG00000236540.7	lncRNA	ENSMUSG00000141558.1	lncRNA	one-to-one	GENCODE.v47vsM1723
ENSG00000237741.1	lncRNA	ENSMUSG00000086676.4	lncRNA	one-to-one	GENCODE.v47vsM1724
ENSG00000236790.8	lncRNA	ENSMUSG00000127650.1	lncRNA	many-to-many	GENCODE.v47vsM1725
ENSG00000289311.3	lncRNA	ENSMUSG00000130488.1	lncRNA	one-to-many	GENCODE.v47vsM1726
ENSG00000280953.3	lncRNA	ENSMUSG00000109898.3	lncRNA	one-to-one	GENCODE.v47vsM1727
ENSG00000268650.4	lncRNA	ENSMUSG00000131354.1	lncRNA	one-to-one	GENCODE.v47vsM1728
ENSG00000233452.10	lncRNA	ENSMUSG00000101621.4	lncRNA	one-to-many	GENCODE.v47vsM1729
ENSG00000294967.1	lncRNA	ENSMUSG00000138134.1	lncRNA	one-to-one	GENCODE.v47vsM1730
ENSG00000230587.6	lncRNA	ENSMUSG00000141033.1	lncRNA	many-to-many	GENCODE.v47vsM1731
ENSG00000299498.1	lncRNA	ENSMUSG00000136655.1	lncRNA	one-to-one	GENCODE.v47vsM1732
ENSG00000226239.2	lncRNA	ENSMUSG00000122304.1	lncRNA	one-to-many	GENCODE.v47vsM1733
ENSG00000305826.1	lncRNA	ENSMUSG00000141704.1	lncRNA	one-to-one	GENCODE.v47vsM1734
ENSG00000260088.2	lncRNA	ENSMUSG00000097403.4	lncRNA	one-to-one	GENCODE.v47vsM1735
ENSG00000248949.2	lncRNA	ENSMUSG00000140933.1	lncRNA	one-to-one	GENCODE.v47vsM1736
ENSG00000236427.3	lncRNA	ENSMUSG00000102476.3	lncRNA	one-to-one	GENCODE.v47vsM1737
ENSG00000307700.1	lncRNA	ENSMUSG00000129672.1	lncRNA	one-to-many	GENCODE.v47vsM1738
ENSG00000274425.1	lncRNA	ENSMUSG00000086016.3	lncRNA	one-to-one	GENCODE.v47vsM1739
ENSG00000298552.1	lncRNA	ENSMUSG00000141187.1	lncRNA	one-to-one	GENCODE.v47vsM1740
ENSG00000203721.9	lncRNA	ENSMUSG00000097113.10	lncRNA	one-to-one	GENCODE.v47vsM1741
ENSG00000296116.1	lncRNA	ENSMUSG00000128102.1	lncRNA	one-to-one	GENCODE.v47vsM1742
ENSG00000309461.1	lncRNA	ENSMUSG00000141070.1	lncRNA	many-to-many	GENCODE.v47vsM1743
ENSG00000308311.1	lncRNA	ENSMUSG00000087125.3	lncRNA	one-to-many	GENCODE.v47vsM1744
ENSG00000224851.3	lncRNA	ENSMUSG00000120701.2	lncRNA	one-to-many	GENCODE.v47vsM1745
ENSG00000286238.1	lncRNA	ENSMUSG00000121797.1	lncRNA	many-to-many	GENCODE.v47vsM1746
ENSG00000249085.3	lncRNA	ENSMUSG00000114203.3	lncRNA	one-to-many	GENCODE.v47vsM1747
ENSG00000257696.2	lncRNA	ENSMUSG00000120327.2	lncRNA	one-to-many	GENCODE.v47vsM1748
ENSG00000223930.10	lncRNA	ENSMUSG00000128128.1	lncRNA	one-to-many	GENCODE.v47vsM1749
ENSG00000291234.2	lncRNA	ENSMUSG00000133744.1	lncRNA	many-to-many	GENCODE.v47vsM1750
ENSG00000294738.1	lncRNA	ENSMUSG00000120842.2	lncRNA	one-to-many	GENCODE.v47vsM1751
ENSG00000257526.4	lncRNA	ENSMUSG00000130910.1	lncRNA	many-to-many	GENCODE.v47vsM1752
ENSG00000302681.1	lncRNA	ENSMUSG00000130723.1	lncRNA	one-to-half	GENCODE.v47vsM1753
ENSG00000306471.1	lncRNA	ENSMUSG00000115771.4	lncRNA	many-to-many	GENCODE.v47vsM1754
ENSG00000300257.1	lncRNA	ENSMUSG00000116075.3	lncRNA	one-to-many	GENCODE.v47vsM1755
ENSG00000288900.2	lncRNA	ENSMUSG00000120049.2	lncRNA	one-to-one	GENCODE.v47vsM1756
ENSG00000308530.1	lncRNA	ENSMUSG00000131561.1	lncRNA	one-to-many	GENCODE.v47vsM1757
ENSG00000301521.1	lncRNA	ENSMUSG00000085568.9	lncRNA	one-to-one	GENCODE.v47vsM1758
ENSG00000304189.1	lncRNA	ENSMUSG00000086924.3	lncRNA	one-to-one	GENCODE.v47vsM1759
ENSG00000226237.5	lncRNA	ENSMUSG00000114433.2	lncRNA	many-to-many	GENCODE.v47vsM1760
ENSG00000236437.3	lncRNA	ENSMUSG00000110767.3	lncRNA	one-to-one	GENCODE.v47vsM1761
ENSG00000255920.5	lncRNA	ENSMUSG00000097166.4	lncRNA	one-to-one	GENCODE.v47vsM1762
ENSG00000236333.5	lncRNA	ENSMUSG00000084865.3	lncRNA	one-to-one	GENCODE.v47vsM1763
ENSG00000231764.12	lncRNA	ENSMUSG00000090063.8	lncRNA	many-to-many	GENCODE.v47vsM1764
ENSG00000307431.1	lncRNA	ENSMUSG00000091425.2	lncRNA	one-to-one	GENCODE.v47vsM1765
ENSG00000286937.2	lncRNA	ENSMUSG00000140830.1	lncRNA	one-to-one	GENCODE.v47vsM1766
ENSG00000249859.15	lncRNA	ENSMUSG00000097039.11	lncRNA	many-to-many	GENCODE.v47vsM1767
ENSG00000302524.1	lncRNA	ENSMUSG00000130393.1	lncRNA	one-to-one	GENCODE.v47vsM1768
ENSG00000227128.6	lncRNA	ENSMUSG00000137576.1	lncRNA	one-to-one	GENCODE.v47vsM1769
ENSG00000182648.16	lncRNA	ENSMUSG00000140017.1	lncRNA	one-to-many	GENCODE.v47vsM1770
ENSG00000299950.1	lncRNA	ENSMUSG00000124295.1	lncRNA	one-to-one	GENCODE.v47vsM1771
ENSG00000301668.1	lncRNA	ENSMUSG00000139366.1	lncRNA	one-to-one	GENCODE.v47vsM1772
ENSG00000287037.2	lncRNA	ENSMUSG00000136230.1	lncRNA	many-to-many	GENCODE.v47vsM1773
ENSG00000229201.2	lncRNA	ENSMUSG00000106594.3	lncRNA	one-to-one	GENCODE.v47vsM1774
ENSG00000232985.2	lncRNA	ENSMUSG00000140530.1	lncRNA	one-to-many	GENCODE.v47vsM1775
ENSG00000224583.1	lncRNA	ENSMUSG00000102020.2	lncRNA	one-to-one	GENCODE.v47vsM1776
ENSG00000298401.1	lncRNA	ENSMUSG00000143730.1	lncRNA	one-to-one	GENCODE.v47vsM1777
ENSG00000285800.2	lncRNA	ENSMUSG00000141217.1	lncRNA	one-to-one	GENCODE.v47vsM1778
ENSG00000306454.1	lncRNA	ENSMUSG00000073535.8	lncRNA	one-to-one	GENCODE.v47vsM1779
ENSG00000305784.1	lncRNA	ENSMUSG00000079604.10	lncRNA	one-to-many	GENCODE.v47vsM1780
ENSG00000203709.15	lncRNA	ENSMUSG00000096929.10	lncRNA	many-to-many	GENCODE.v47vsM1781
ENSG00000297132.1	lncRNA	ENSMUSG00000138578.1	lncRNA	many-to-many	GENCODE.v47vsM1782
ENSG00000246090.10	lncRNA	ENSMUSG00000128337.1	lncRNA	one-to-many	GENCODE.v47vsM1783
ENSG00000309632.1	lncRNA	ENSMUSG00000085262.3	lncRNA	one-to-half	GENCODE.v47vsM1784
ENSG00000274270.2	lncRNA	ENSMUSG00000104187.2	lncRNA	many-to-many	GENCODE.v47vsM1785
ENSG00000246334.4	lncRNA	ENSMUSG00000131306.1	lncRNA	one-to-one	GENCODE.v47vsM1786
ENSG00000284052.2	lncRNA	ENSMUSG00000128193.1	lncRNA	many-to-many	GENCODE.v47vsM1787
ENSG00000267365.2	lncRNA	ENSMUSG00000120247.2	lncRNA	one-to-one	GENCODE.v47vsM1788
ENSG00000260417.1	lncRNA	ENSMUSG00000097983.2	lncRNA	one-to-one	GENCODE.v47vsM1789
ENSG00000232645.8	lncRNA	ENSMUSG00000133896.1	lncRNA	one-to-one	GENCODE.v47vsM1790
ENSG00000300433.1	lncRNA	ENSMUSG00000086592.2	lncRNA	one-to-one	GENCODE.v47vsM1791
ENSG00000224391.2	lncRNA	ENSMUSG00000120056.2	lncRNA	one-to-one	GENCODE.v47vsM1792
ENSG00000103472.11	lncRNA	ENSMUSG00000086550.4	lncRNA	many-to-many	GENCODE.v47vsM1793
ENSG00000255406.4	lncRNA	ENSMUSG00000110836.3	lncRNA	one-to-many	GENCODE.v47vsM1794
ENSG00000226835.5	lncRNA	ENSMUSG00000143252.1	lncRNA	one-to-one	GENCODE.v47vsM1795
ENSG00000303620.1	lncRNA	ENSMUSG00000120091.2	lncRNA	one-to-one	GENCODE.v47vsM1796
ENSG00000266978.2	lncRNA	ENSMUSG00000085415.2	lncRNA	many-to-many	GENCODE.v47vsM1797
ENSG00000234423.3	lncRNA	ENSMUSG00000120379.2	lncRNA	one-to-many	GENCODE.v47vsM1798
ENSG00000289157.2	lncRNA	ENSMUSG00000133756.1	lncRNA	one-to-one	GENCODE.v47vsM1799
ENSG00000310391.1	lncRNA	ENSMUSG00000111888.3	lncRNA	one-to-one	GENCODE.v47vsM1800
ENSG00000258511.3	lncRNA	ENSMUSG00000132770.1	lncRNA	one-to-one	GENCODE.v47vsM1801
ENSG00000255717.10	lncRNA	ENSMUSG00000108414.4	lncRNA	many-to-many	GENCODE.v47vsM1802
ENSG00000307861.1	lncRNA	ENSMUSG00000121047.1	lncRNA	one-to-many	GENCODE.v47vsM1803
ENSG00000265148.8	lncRNA	ENSMUSG00000126475.1	lncRNA	one-to-many	GENCODE.v47vsM1804
ENSG00000299828.1	lncRNA	ENSMUSG00000097015.4	lncRNA	one-to-one	GENCODE.v47vsM1805
ENSG00000291136.2	lncRNA	ENSMUSG00000124602.1	lncRNA	many-to-many	GENCODE.v47vsM1806
ENSG00000295899.1	lncRNA	ENSMUSG00000110623.3	lncRNA	one-to-one	GENCODE.v47vsM1807
ENSG00000291180.2	lncRNA	ENSMUSG00000102297.2	lncRNA	many-to-many	GENCODE.v47vsM1808
ENSG00000259237.3	lncRNA	ENSMUSG00000140171.1	lncRNA	one-to-many	GENCODE.v47vsM1809
ENSG00000249771.3	lncRNA	ENSMUSG00000107319.3	lncRNA	one-to-one	GENCODE.v47vsM1810
ENSG00000234426.4	lncRNA	ENSMUSG00000140777.1	lncRNA	one-to-one	GENCODE.v47vsM1811
ENSG00000270112.6	lncRNA	ENSMUSG00000143704.1	lncRNA	one-to-many	GENCODE.v47vsM1812
ENSG00000288835.2	lncRNA	ENSMUSG00000120121.2	lncRNA	one-to-many	GENCODE.v47vsM1813
ENSG00000267760.2	lncRNA	ENSMUSG00000143018.1	lncRNA	one-to-one	GENCODE.v47vsM1814
ENSG00000236078.3	lncRNA	ENSMUSG00000141639.1	lncRNA	one-to-one	GENCODE.v47vsM1815
ENSG00000289909.2	lncRNA	ENSMUSG00000127845.1	lncRNA	one-to-many	GENCODE.v47vsM1816
ENSG00000279529.3	lncRNA	ENSMUSG00000097000.5	lncRNA	one-to-many	GENCODE.v47vsM1817
ENSG00000290972.1	lncRNA	ENSMUSG00000121336.2	lncRNA	many-to-many	GENCODE.v47vsM1818
ENSG00000261390.9	lncRNA	ENSMUSG00000124194.1	lncRNA	one-to-many	GENCODE.v47vsM1819
ENSG00000230316.8	lncRNA	ENSMUSG00000120116.2	lncRNA	many-to-many	GENCODE.v47vsM1820
ENSG00000250519.8	lncRNA	ENSMUSG00000120495.2	lncRNA	many-to-many	GENCODE.v47vsM1821
ENSG00000295539.1	lncRNA	ENSMUSG00000140905.1	lncRNA	one-to-one	GENCODE.v47vsM1822
ENSG00000250903.12	lncRNA	ENSMUSG00000135716.1	lncRNA	one-to-many	GENCODE.v47vsM1823
ENSG00000246541.2	lncRNA	ENSMUSG00000133202.1	lncRNA	one-to-one	GENCODE.v47vsM1824
ENSG00000237879.3	lncRNA	ENSMUSG00000107314.3	lncRNA	many-to-many	GENCODE.v47vsM1825
ENSG00000235652.12	lncRNA	ENSMUSG00000090070.2	lncRNA	one-to-many	GENCODE.v47vsM1826
ENSG00000308338.1	lncRNA	ENSMUSG00000133717.1	lncRNA	one-to-one	GENCODE.v47vsM1827
ENSG00000239523.9	lncRNA	ENSMUSG00000100593.3	lncRNA	one-to-many	GENCODE.v47vsM1828
ENSG00000300780.1	lncRNA	ENSMUSG00000097960.3	lncRNA	one-to-many	GENCODE.v47vsM1829
ENSG00000177133.15	lncRNA	ENSMUSG00000120023.2	lncRNA	one-to-many	GENCODE.v47vsM1830
ENSG00000246560.4	lncRNA	ENSMUSG00000097032.5	lncRNA	many-to-many	GENCODE.v47vsM1831
ENSG00000309910.1	lncRNA	ENSMUSG00000097162.5	lncRNA	one-to-one	GENCODE.v47vsM1832
ENSG00000285601.2	lncRNA	ENSMUSG00000120180.2	lncRNA	one-to-one	GENCODE.v47vsM1833
ENSG00000231364.4	lncRNA	ENSMUSG00000103302.2	lncRNA	many-to-many	GENCODE.v47vsM1834
ENSG00000302638.1	lncRNA	ENSMUSG00000079001.3	lncRNA	one-to-one	GENCODE.v47vsM1835
ENSG00000285790.2	lncRNA	ENSMUSG00000132614.1	lncRNA	one-to-many	GENCODE.v47vsM1836
ENSG00000235142.13	lncRNA	ENSMUSG00000136664.1	lncRNA	one-to-many	GENCODE.v47vsM1837
ENSG00000250742.7	lncRNA	ENSMUSG00000138963.1	lncRNA	one-to-many	GENCODE.v47vsM1838
ENSG00000294369.1	lncRNA	ENSMUSG00000132340.1	lncRNA	one-to-one	GENCODE.v47vsM1839
ENSG00000298796.1	lncRNA	ENSMUSG00000129030.1	lncRNA	one-to-one	GENCODE.v47vsM1840
ENSG00000293597.3	lncRNA	ENSMUSG00000097281.4	lncRNA	many-to-many	GENCODE.v47vsM1841
ENSG00000258077.3	lncRNA	ENSMUSG00000112430.4	lncRNA	many-to-many	GENCODE.v47vsM1842
ENSG00000249279.7	lncRNA	ENSMUSG00000136987.1	lncRNA	one-to-one	GENCODE.v47vsM1843
ENSG00000234877.3	lncRNA	ENSMUSG00000108072.2	lncRNA	one-to-many	GENCODE.v47vsM1844
ENSG00000243629.3	lncRNA	ENSMUSG00000103440.2	lncRNA	one-to-one	GENCODE.v47vsM1845
ENSG00000285551.2	lncRNA	ENSMUSG00000112619.3	lncRNA	one-to-many	GENCODE.v47vsM1846
ENSG00000267278.7	lncRNA	ENSMUSG00000140574.1	lncRNA	one-to-many	GENCODE.v47vsM1847
ENSG00000304977.1	lncRNA	ENSMUSG00000074807.4	lncRNA	one-to-one	GENCODE.v47vsM1848
ENSG00000268530.6	lncRNA	ENSMUSG00000110197.2	lncRNA	one-to-one	GENCODE.v47vsM1849
ENSG00000251136.12	lncRNA	ENSMUSG00000103595.2	lncRNA	one-to-many	GENCODE.v47vsM1850
ENSG00000303287.1	lncRNA	ENSMUSG00000100573.3	lncRNA	one-to-one	GENCODE.v47vsM1851
ENSG00000310118.1	lncRNA	ENSMUSG00000085146.3	lncRNA	many-to-many	GENCODE.v47vsM1852
ENSG00000279069.2	lncRNA	ENSMUSG00000086193.4	lncRNA	one-to-many	GENCODE.v47vsM1853
ENSG00000230555.3	lncRNA	ENSMUSG00000042087.6	lncRNA	one-to-one	GENCODE.v47vsM1854
ENSG00000232537.3	lncRNA	ENSMUSG00000120108.2	lncRNA	one-to-one	GENCODE.v47vsM1855
ENSG00000306652.1	lncRNA	ENSMUSG00000114190.2	lncRNA	one-to-many	GENCODE.v47vsM1856
ENSG00000258837.1	lncRNA	ENSMUSG00000143536.1	lncRNA	one-to-one	GENCODE.v47vsM1857
ENSG00000299552.1	lncRNA	ENSMUSG00000120662.2	lncRNA	one-to-one	GENCODE.v47vsM1858
ENSG00000294563.1	lncRNA	ENSMUSG00000132308.1	lncRNA	one-to-one	GENCODE.v47vsM1859
ENSG00000294549.1	lncRNA	ENSMUSG00000125631.1	lncRNA	one-to-one	GENCODE.v47vsM1860
ENSG00000228718.3	lncRNA	ENSMUSG00000134800.1	lncRNA	one-to-one	GENCODE.v47vsM1861
ENSG00000299868.1	lncRNA	ENSMUSG00000137720.1	lncRNA	one-to-many	GENCODE.v47vsM1862
ENSG00000293293.2	lncRNA	ENSMUSG00000121618.2	lncRNA	many-to-many	GENCODE.v47vsM1863
ENSG00000185168.8	lncRNA	ENSMUSG00000142728.1	lncRNA	one-to-many	GENCODE.v47vsM1864
ENSG00000227210.3	lncRNA	ENSMUSG00000140900.1	lncRNA	one-to-many	GENCODE.v47vsM1865
ENSG00000293271.2	lncRNA	ENSMUSG00000097124.4	lncRNA	one-to-many	GENCODE.v47vsM1866
ENSG00000301119.1	lncRNA	ENSMUSG00000085389.10	lncRNA	one-to-one	GENCODE.v47vsM1867
ENSG00000273247.8	lncRNA	ENSMUSG00000102775.2	lncRNA	one-to-one	GENCODE.v47vsM1868
ENSG00000260550.3	lncRNA	ENSMUSG00000142696.1	lncRNA	many-to-many	GENCODE.v47vsM1869
ENSG00000291094.2	lncRNA	ENSMUSG00000086253.3	lncRNA	many-to-many	GENCODE.v47vsM1870
ENSG00000287697.2	lncRNA	ENSMUSG00000103006.2	lncRNA	one-to-many	GENCODE.v47vsM1871
ENSG00000303463.1	lncRNA	ENSMUSG00000140114.1	lncRNA	one-to-many	GENCODE.v47vsM1872
ENSG00000295604.1	lncRNA	ENSMUSG00000129733.1	lncRNA	one-to-one	GENCODE.v47vsM1873
ENSG00000197099.9	lncRNA	ENSMUSG00000116831.4	lncRNA	one-to-many	GENCODE.v47vsM1874
ENSG00000305259.1	lncRNA	ENSMUSG00000133311.1	lncRNA	one-to-half	GENCODE.v47vsM1875
ENSG00000272217.2	lncRNA	ENSMUSG00000129971.1	lncRNA	many-to-many	GENCODE.v47vsM1876
ENSG00000306034.1	lncRNA	ENSMUSG00000123433.1	lncRNA	one-to-one	GENCODE.v47vsM1877
ENSG00000259456.5	lncRNA	ENSMUSG00000139581.1	lncRNA	one-to-one	GENCODE.v47vsM1878
ENSG00000226674.12	lncRNA	ENSMUSG00000129378.1	lncRNA	many-to-many	GENCODE.v47vsM1879
ENSG00000301426.1	lncRNA	ENSMUSG00000097591.2	lncRNA	one-to-one	GENCODE.v47vsM1880
ENSG00000288020.2	lncRNA	ENSMUSG00000109844.4	lncRNA	one-to-many	GENCODE.v47vsM1881
ENSG00000300872.1	lncRNA	ENSMUSG00000130837.1	lncRNA	one-to-one	GENCODE.v47vsM1882
ENSG00000286445.1	lncRNA	ENSMUSG00000127819.1	lncRNA	one-to-one	GENCODE.v47vsM1883
ENSG00000298366.1	lncRNA	ENSMUSG00000141670.1	lncRNA	one-to-many	GENCODE.v47vsM1884
ENSG00000304011.1	lncRNA	ENSMUSG00000128824.1	lncRNA	one-to-many	GENCODE.v47vsM1885
ENSG00000293489.2	lncRNA	ENSMUSG00000134316.1	lncRNA	many-to-many	GENCODE.v47vsM1886
ENSG00000294400.1	lncRNA	ENSMUSG00000120984.2	lncRNA	one-to-one	GENCODE.v47vsM1887
ENSG00000305458.1	lncRNA	ENSMUSG00000124749.1	lncRNA	one-to-one	GENCODE.v47vsM1888
ENSG00000215241.5	lncRNA	ENSMUSG00000087168.3	lncRNA	many-to-many	GENCODE.v47vsM1889
ENSG00000245556.6	lncRNA	ENSMUSG00000113494.3	lncRNA	one-to-one	GENCODE.v47vsM1890
ENSG00000309051.1	lncRNA	ENSMUSG00000136013.1	lncRNA	one-to-one	GENCODE.v47vsM1891
ENSG00000261348.3	lncRNA	ENSMUSG00000124620.1	lncRNA	one-to-one	GENCODE.v47vsM1892
ENSG00000296884.1	lncRNA	ENSMUSG00000114536.2	lncRNA	one-to-one	GENCODE.v47vsM1893
ENSG00000303893.1	lncRNA	ENSMUSG00000085360.3	lncRNA	one-to-many	GENCODE.v47vsM1894
ENSG00000234753.8	lncRNA	ENSMUSG00000137029.1	lncRNA	one-to-many	GENCODE.v47vsM1895
ENSG00000302648.1	lncRNA	ENSMUSG00000132256.1	lncRNA	one-to-many	GENCODE.v47vsM1896
ENSG00000230563.5	lncRNA	ENSMUSG00000086379.9	lncRNA	one-to-many	GENCODE.v47vsM1897
ENSG00000288530.1	lncRNA	ENSMUSG00000130803.1	lncRNA	one-to-one	GENCODE.v47vsM1898
ENSG00000289985.2	lncRNA	ENSMUSG00000111275.3	lncRNA	many-to-many	GENCODE.v47vsM1899
ENSG00000303469.1	lncRNA	ENSMUSG00000133212.1	lncRNA	one-to-one	GENCODE.v47vsM1900
ENSG00000223855.5	lncRNA	ENSMUSG00000075585.5	lncRNA	one-to-one	GENCODE.v47vsM1901
ENSG00000285870.2	lncRNA	ENSMUSG00000107909.3	lncRNA	one-to-many	GENCODE.v47vsM1902
ENSG00000204929.14	lncRNA	ENSMUSG00000124449.1	lncRNA	many-to-many	GENCODE.v47vsM1903
ENSG00000283217.2	lncRNA	ENSMUSG00000075020.9	lncRNA	one-to-many	GENCODE.v47vsM1904
ENSG00000226197.5	lncRNA	ENSMUSG00000087540.2	lncRNA	one-to-many	GENCODE.v47vsM1905
ENSG00000287036.2	lncRNA	ENSMUSG00000099576.3	lncRNA	one-to-one	GENCODE.v47vsM1906
ENSG00000265148.8	lncRNA	ENSMUSG00000120559.2	lncRNA	one-to-many	GENCODE.v47vsM1907
ENSG00000302059.1	lncRNA	ENSMUSG00000100674.3	lncRNA	one-to-one	GENCODE.v47vsM1908
ENSG00000303529.1	lncRNA	ENSMUSG00000097621.3	lncRNA	one-to-many	GENCODE.v47vsM1909
ENSG00000306878.1	lncRNA	ENSMUSG00000123615.1	lncRNA	one-to-one	GENCODE.v47vsM1910
ENSG00000302942.1	lncRNA	ENSMUSG00000142876.1	lncRNA	one-to-many	GENCODE.v47vsM1911
ENSG00000301696.1	lncRNA	ENSMUSG00000127742.1	lncRNA	one-to-one	GENCODE.v47vsM1912
ENSG00000310253.1	lncRNA	ENSMUSG00000140364.1	lncRNA	many-to-many	GENCODE.v47vsM1913
ENSG00000309555.1	lncRNA	ENSMUSG00000120708.2	lncRNA	many-to-many	GENCODE.v47vsM1914
ENSG00000308128.1	lncRNA	ENSMUSG00000114545.3	lncRNA	one-to-one	GENCODE.v47vsM1915
ENSG00000290686.2	lncRNA	ENSMUSG00000087358.11	lncRNA	many-to-many	GENCODE.v47vsM1916
ENSG00000229588.4	lncRNA	ENSMUSG00000102548.3	lncRNA	one-to-one	GENCODE.v47vsM1917
ENSG00000303470.1	lncRNA	ENSMUSG00000134662.1	lncRNA	one-to-one	GENCODE.v47vsM1918
ENSG00000280890.2	lncRNA	ENSMUSG00000087060.10	lncRNA	one-to-many	GENCODE.v47vsM1919
ENSG00000271122.2	lncRNA	ENSMUSG00000100002.5	lncRNA	one-to-many	GENCODE.v47vsM1920
ENSG00000295372.1	lncRNA	ENSMUSG00000121235.2	lncRNA	one-to-one	GENCODE.v47vsM1921
ENSG00000306881.1	lncRNA	ENSMUSG00000137339.1	lncRNA	one-to-half	GENCODE.v47vsM1922
ENSG00000301938.1	lncRNA	ENSMUSG00000104894.6	lncRNA	one-to-one	GENCODE.v47vsM1923
ENSG00000307602.1	lncRNA	ENSMUSG00000141842.1	lncRNA	one-to-many	GENCODE.v47vsM1924
ENSG00000237505.9	lncRNA	ENSMUSG00000106109.2	lncRNA	many-to-many	GENCODE.v47vsM1925
ENSG00000286781.2	lncRNA	ENSMUSG00000111028.3	lncRNA	one-to-one	GENCODE.v47vsM1926
ENSG00000309011.1	lncRNA	ENSMUSG00000074737.4	lncRNA	one-to-one	GENCODE.v47vsM1927
ENSG00000286208.2	lncRNA	ENSMUSG00000110554.4	lncRNA	many-to-many	GENCODE.v47vsM1928
ENSG00000197308.10	lncRNA	ENSMUSG00000075534.7	lncRNA	one-to-many	GENCODE.v47vsM1929
ENSG00000245293.6	lncRNA	ENSMUSG00000142239.1	lncRNA	one-to-many	GENCODE.v47vsM1930
ENSG00000296000.1	lncRNA	ENSMUSG00000121031.2	lncRNA	one-to-many	GENCODE.v47vsM1931
ENSG00000227963.3	lncRNA	ENSMUSG00000129931.1	lncRNA	one-to-one	GENCODE.v47vsM1932
ENSG00000303129.1	lncRNA	ENSMUSG00000134782.1	lncRNA	one-to-one	GENCODE.v47vsM1933
ENSG00000259826.2	lncRNA	ENSMUSG00000132568.1	lncRNA	one-to-one	GENCODE.v47vsM1934
ENSG00000261786.1	lncRNA	ENSMUSG00000097736.10	lncRNA	one-to-many	GENCODE.v47vsM1935
ENSG00000258444.1	lncRNA	ENSMUSG00000097652.5	lncRNA	one-to-many	GENCODE.v47vsM1936
ENSG00000228509.8	lncRNA	ENSMUSG00000136510.1	lncRNA	one-to-one	GENCODE.v47vsM1937
ENSG00000290075.2	lncRNA	ENSMUSG00000137098.1	lncRNA	one-to-many	GENCODE.v47vsM1938
ENSG00000299137.1	lncRNA	ENSMUSG00000129708.1	lncRNA	one-to-one	GENCODE.v47vsM1939
ENSG00000285205.2	lncRNA	ENSMUSG00000114826.4	lncRNA	one-to-one	GENCODE.v47vsM1940
ENSG00000299043.1	lncRNA	ENSMUSG00000142924.1	lncRNA	one-to-one	GENCODE.v47vsM1941
ENSG00000256915.3	lncRNA	ENSMUSG00000121879.2	lncRNA	one-to-many	GENCODE.v47vsM1942
ENSG00000266446.1	lncRNA	ENSMUSG00000086035.4	lncRNA	one-to-many	GENCODE.v47vsM1943
ENSG00000308265.1	lncRNA	ENSMUSG00000059972.9	lncRNA	many-to-many	GENCODE.v47vsM1944
ENSG00000261617.3	lncRNA	ENSMUSG00000133742.1	lncRNA	one-to-many	GENCODE.v47vsM1945
ENSG00000232947.1	lncRNA	ENSMUSG00000113772.3	lncRNA	one-to-one	GENCODE.v47vsM1946
ENSG00000224645.1	lncRNA	ENSMUSG00000087660.3	lncRNA	one-to-many	GENCODE.v47vsM1947
ENSG00000287278.2	lncRNA	ENSMUSG00000137098.1	lncRNA	one-to-many	GENCODE.v47vsM1948
ENSG00000255794.12	lncRNA	ENSMUSG00000121987.1	lncRNA	many-to-many	GENCODE.v47vsM1949
ENSG00000279437.1	lncRNA	ENSMUSG00000109088.4	lncRNA	one-to-many	GENCODE.v47vsM1950
ENSG00000294711.1	lncRNA	ENSMUSG00000121202.2	lncRNA	one-to-half	GENCODE.v47vsM1951
ENSG00000226328.9	lncRNA	ENSMUSG00000120310.2	lncRNA	one-to-many	GENCODE.v47vsM1952
ENSG00000228878.11	lncRNA	ENSMUSG00000120169.2	lncRNA	many-to-many	GENCODE.v47vsM1953
ENSG00000233849.2	lncRNA	ENSMUSG00000120960.2	lncRNA	one-to-one	GENCODE.v47vsM1954
ENSG00000302968.1	lncRNA	ENSMUSG00000097511.4	lncRNA	many-to-many	GENCODE.v47vsM1955
ENSG00000249509.2	lncRNA	ENSMUSG00000139860.1	lncRNA	many-to-many	GENCODE.v47vsM1956
ENSG00000258017.4	lncRNA	ENSMUSG00000116223.3	lncRNA	one-to-many	GENCODE.v47vsM1957
ENSG00000287771.2	lncRNA	ENSMUSG00000134998.1	lncRNA	one-to-many	GENCODE.v47vsM1958
ENSG00000228487.3	lncRNA	ENSMUSG00000136462.1	lncRNA	one-to-one	GENCODE.v47vsM1959
ENSG00000224743.8	lncRNA	ENSMUSG00000136416.1	lncRNA	one-to-one	GENCODE.v47vsM1960
ENSG00000288958.2	lncRNA	ENSMUSG00000084946.5	lncRNA	one-to-one	GENCODE.v47vsM1961
ENSG00000287019.2	lncRNA	ENSMUSG00000098164.4	lncRNA	many-to-many	GENCODE.v47vsM1962
ENSG00000289435.2	lncRNA	ENSMUSG00000126112.1	lncRNA	one-to-one	GENCODE.v47vsM1963
ENSG00000269893.11	lncRNA	ENSMUSG00000104960.4	lncRNA	many-to-many	GENCODE.v47vsM1964
ENSG00000296592.1	lncRNA	ENSMUSG00000137013.1	lncRNA	one-to-one	GENCODE.v47vsM1965
ENSG00000302948.1	lncRNA	ENSMUSG00000137827.1	lncRNA	one-to-one	GENCODE.v47vsM1966
ENSG00000300819.1	lncRNA	ENSMUSG00000120532.2	lncRNA	one-to-one	GENCODE.v47vsM1967
ENSG00000301221.1	lncRNA	ENSMUSG00000139129.1	lncRNA	one-to-one	GENCODE.v47vsM1968
ENSG00000236464.2	lncRNA	ENSMUSG00000122359.1	lncRNA	one-to-many	GENCODE.v47vsM1969
ENSG00000258710.9	lncRNA	ENSMUSG00000142933.1	lncRNA	one-to-many	GENCODE.v47vsM1970
ENSG00000310467.1	lncRNA	ENSMUSG00000128482.1	lncRNA	one-to-half	GENCODE.v47vsM1971
ENSG00000258496.1	lncRNA	ENSMUSG00000136102.1	lncRNA	one-to-one	GENCODE.v47vsM1972
ENSG00000297769.1	lncRNA	ENSMUSG00000079604.10	lncRNA	one-to-many	GENCODE.v47vsM1973
ENSG00000228750.8	lncRNA	ENSMUSG00000141840.1	lncRNA	one-to-many	GENCODE.v47vsM1974
ENSG00000296989.1	lncRNA	ENSMUSG00000120242.2	lncRNA	one-to-many	GENCODE.v47vsM1975
ENSG00000307602.1	lncRNA	ENSMUSG00000141915.1	lncRNA	one-to-many	GENCODE.v47vsM1976
ENSG00000230415.2	lncRNA	ENSMUSG00000122872.1	lncRNA	one-to-many	GENCODE.v47vsM1977
ENSG00000259334.1	lncRNA	ENSMUSG00000123288.1	lncRNA	one-to-one	GENCODE.v47vsM1978
ENSG00000286376.2	lncRNA	ENSMUSG00000113064.3	lncRNA	one-to-one	GENCODE.v47vsM1979
ENSG00000260924.4	lncRNA	ENSMUSG00000123401.1	lncRNA	one-to-many	GENCODE.v47vsM1980
ENSG00000254510.4	lncRNA	ENSMUSG00000120130.2	lncRNA	one-to-one	GENCODE.v47vsM1981
ENSG00000231023.10	lncRNA	ENSMUSG00000141738.1	lncRNA	one-to-one	GENCODE.v47vsM1982
ENSG00000286208.2	lncRNA	ENSMUSG00000135651.1	lncRNA	many-to-many	GENCODE.v47vsM1983
ENSG00000289046.2	lncRNA	ENSMUSG00000143934.1	lncRNA	one-to-one	GENCODE.v47vsM1984
ENSG00000260032.3	lncRNA	ENSMUSG00000104222.3	lncRNA	many-to-many	GENCODE.v47vsM1985
ENSG00000251173.1	lncRNA	ENSMUSG00000087601.5	lncRNA	one-to-one	GENCODE.v47vsM1986
ENSG00000298473.1	lncRNA	ENSMUSG00000142886.1	lncRNA	one-to-one	GENCODE.v47vsM1987
ENSG00000259977.2	lncRNA	ENSMUSG00000122529.1	lncRNA	one-to-one	GENCODE.v47vsM1988
ENSG00000225807.3	lncRNA	ENSMUSG00000137406.1	lncRNA	one-to-one	GENCODE.v47vsM1989
ENSG00000306003.1	lncRNA	ENSMUSG00000135872.1	lncRNA	one-to-one	GENCODE.v47vsM1990
ENSG00000297293.1	lncRNA	ENSMUSG00000123527.1	lncRNA	one-to-many	GENCODE.v47vsM1991
ENSG00000300349.1	lncRNA	ENSMUSG00000139789.1	lncRNA	one-to-one	GENCODE.v47vsM1992
ENSG00000223979.2	lncRNA	ENSMUSG00000144082.1	lncRNA	one-to-one	GENCODE.v47vsM1993
ENSG00000302937.1	lncRNA	ENSMUSG00000134944.1	lncRNA	one-to-half	GENCODE.v47vsM1994
ENSG00000255173.1	lncRNA	ENSMUSG00000120982.2	lncRNA	one-to-one	GENCODE.v47vsM1995
ENSG00000263594.3	lncRNA	ENSMUSG00000121747.2	lncRNA	many-to-many	GENCODE.v47vsM1996
ENSG00000263797.1	lncRNA	ENSMUSG00000129040.1	lncRNA	one-to-one	GENCODE.v47vsM1997
ENSG00000290108.2	lncRNA	ENSMUSG00000120673.2	lncRNA	one-to-one	GENCODE.v47vsM1998
ENSG00000253161.8	lncRNA	ENSMUSG00000109689.3	lncRNA	one-to-many	GENCODE.v47vsM1999
ENSG00000306192.1	lncRNA	ENSMUSG00000134757.1	lncRNA	one-to-one	GENCODE.v47vsM2000
ENSG00000264701.2	lncRNA	ENSMUSG00000133478.1	lncRNA	one-to-one	GENCODE.v47vsM2001
ENSG00000261394.2	lncRNA	ENSMUSG00000127042.1	lncRNA	one-to-one	GENCODE.v47vsM2002
ENSG00000226674.12	lncRNA	ENSMUSG00000132922.1	lncRNA	many-to-many	GENCODE.v47vsM2003
ENSG00000296090.1	lncRNA	ENSMUSG00000112934.3	lncRNA	one-to-one	GENCODE.v47vsM2004
ENSG00000294653.1	lncRNA	ENSMUSG00000134098.1	lncRNA	one-to-one	GENCODE.v47vsM2005
ENSG00000302380.1	lncRNA	ENSMUSG00000140446.1	lncRNA	one-to-one	GENCODE.v47vsM2006
ENSG00000296170.1	lncRNA	ENSMUSG00000130030.1	lncRNA	one-to-one	GENCODE.v47vsM2007
ENSG00000287844.2	lncRNA	ENSMUSG00000140757.1	lncRNA	one-to-many	GENCODE.v47vsM2008
ENSG00000307133.1	lncRNA	ENSMUSG00000109118.4	lncRNA	one-to-one	GENCODE.v47vsM2009
ENSG00000250905.1	lncRNA	ENSMUSG00000103054.2	lncRNA	one-to-one	GENCODE.v47vsM2010
ENSG00000261513.1	lncRNA	ENSMUSG00000078143.6	lncRNA	one-to-one	GENCODE.v47vsM2011
ENSG00000306968.1	lncRNA	ENSMUSG00000132282.1	lncRNA	one-to-many	GENCODE.v47vsM2012
ENSG00000294344.1	lncRNA	ENSMUSG00000141678.1	lncRNA	one-to-one	GENCODE.v47vsM2013
ENSG00000289740.2	lncRNA	ENSMUSG00000102349.2	lncRNA	one-to-many	GENCODE.v47vsM2014
ENSG00000294846.1	lncRNA	ENSMUSG00000139497.1	lncRNA	one-to-one	GENCODE.v47vsM2015
ENSG00000259460.2	lncRNA	ENSMUSG00000086308.4	lncRNA	one-to-one	GENCODE.v47vsM2016
ENSG00000309615.1	lncRNA	ENSMUSG00000072673.3	lncRNA	many-to-many	GENCODE.v47vsM2017
ENSG00000258399.10	lncRNA	ENSMUSG00000097451.13	lncRNA	many-to-many	GENCODE.v47vsM2018
ENSG00000245330.5	lncRNA	ENSMUSG00000053749.14	lncRNA	one-to-one	GENCODE.v47vsM2019
ENSG00000279134.2	lncRNA	ENSMUSG00000137275.1	lncRNA	one-to-one	GENCODE.v47vsM2020
ENSG00000247828.11	lncRNA	ENSMUSG00000098087.4	lncRNA	one-to-many	GENCODE.v47vsM2021
ENSG00000298455.1	lncRNA	ENSMUSG00000132756.1	lncRNA	many-to-many	GENCODE.v47vsM2022
ENSG00000258982.2	lncRNA	ENSMUSG00000114045.2	lncRNA	one-to-many	GENCODE.v47vsM2023
ENSG00000306128.1	lncRNA	ENSMUSG00000086010.11	lncRNA	one-to-one	GENCODE.v47vsM2024
ENSG00000259583.5	lncRNA	ENSMUSG00000138634.1	lncRNA	one-to-one	GENCODE.v47vsM2025
ENSG00000288755.2	lncRNA	ENSMUSG00000114053.4	lncRNA	many-to-many	GENCODE.v47vsM2026
ENSG00000249669.13	lncRNA	ENSMUSG00000097324.11	lncRNA	many-to-many	GENCODE.v47vsM2027
ENSG00000297465.1	lncRNA	ENSMUSG00000115680.3	lncRNA	one-to-one	GENCODE.v47vsM2028
ENSG00000224259.10	lncRNA	ENSMUSG00000136871.1	lncRNA	many-to-many	GENCODE.v47vsM2029
ENSG00000227757.4	lncRNA	ENSMUSG00000116882.2	lncRNA	many-to-many	GENCODE.v47vsM2030
ENSG00000287697.2	lncRNA	ENSMUSG00000131911.1	lncRNA	one-to-many	GENCODE.v47vsM2031
ENSG00000294779.1	lncRNA	ENSMUSG00000142360.1	lncRNA	one-to-one	GENCODE.v47vsM2032
ENSG00000269514.4	lncRNA	ENSMUSG00000104509.4	lncRNA	many-to-many	GENCODE.v47vsM2033
ENSG00000255475.2	lncRNA	ENSMUSG00000123381.1	lncRNA	one-to-one	GENCODE.v47vsM2034
ENSG00000291154.2	lncRNA	ENSMUSG00000127433.1	lncRNA	many-to-many	GENCODE.v47vsM2035
ENSG00000233058.4	lncRNA	ENSMUSG00000134598.1	lncRNA	one-to-many	GENCODE.v47vsM2036
ENSG00000255007.4	lncRNA	ENSMUSG00000125556.1	lncRNA	one-to-one	GENCODE.v47vsM2037
ENSG00000253125.1	lncRNA	ENSMUSG00000114446.3	lncRNA	one-to-one	GENCODE.v47vsM2038
ENSG00000235659.2	lncRNA	ENSMUSG00000123521.1	lncRNA	many-to-many	GENCODE.v47vsM2039
ENSG00000287260.3	lncRNA	ENSMUSG00000119990.2	lncRNA	one-to-one	GENCODE.v47vsM2040
ENSG00000277969.3	lncRNA	ENSMUSG00000138623.1	lncRNA	one-to-one	GENCODE.v47vsM2041
ENSG00000293339.1	lncRNA	ENSMUSG00000130487.1	lncRNA	many-to-many	GENCODE.v47vsM2042
ENSG00000248211.2	lncRNA	ENSMUSG00000132502.1	lncRNA	one-to-one	GENCODE.v47vsM2043
ENSG00000293447.1	lncRNA	ENSMUSG00000085962.10	lncRNA	many-to-many	GENCODE.v47vsM2044
ENSG00000310316.1	lncRNA	ENSMUSG00000100538.3	lncRNA	many-to-many	GENCODE.v47vsM2045
ENSG00000227885.5	lncRNA	ENSMUSG00000099094.2	lncRNA	one-to-one	GENCODE.v47vsM2046
ENSG00000233452.10	lncRNA	ENSMUSG00000109160.3	lncRNA	one-to-many	GENCODE.v47vsM2047
ENSG00000236986.6	lncRNA	ENSMUSG00000086192.3	lncRNA	one-to-one	GENCODE.v47vsM2048
ENSG00000300533.1	lncRNA	ENSMUSG00000113662.2	lncRNA	one-to-many	GENCODE.v47vsM2049
ENSG00000205056.9	lncRNA	ENSMUSG00000126522.1	lncRNA	one-to-one	GENCODE.v47vsM2050
ENSG00000224078.16	lncRNA	ENSMUSG00000109536.2	lncRNA	many-to-many	GENCODE.v47vsM2051
ENSG00000305785.1	lncRNA	ENSMUSG00000140527.1	lncRNA	one-to-one	GENCODE.v47vsM2052
ENSG00000293252.1	lncRNA	ENSMUSG00000140766.1	lncRNA	many-to-many	GENCODE.v47vsM2053
ENSG00000306290.1	lncRNA	ENSMUSG00000142813.1	lncRNA	one-to-one	GENCODE.v47vsM2054
ENSG00000237879.3	lncRNA	ENSMUSG00000137280.1	lncRNA	many-to-many	GENCODE.v47vsM2055
ENSG00000253187.3	lncRNA	ENSMUSG00000134655.1	lncRNA	many-to-many	GENCODE.v47vsM2056
ENSG00000256008.4	lncRNA	ENSMUSG00000120554.2	lncRNA	one-to-one	GENCODE.v47vsM2057
ENSG00000262772.3	lncRNA	ENSMUSG00000136546.1	lncRNA	one-to-one	GENCODE.v47vsM2058
ENSG00000233508.5	lncRNA	ENSMUSG00000054457.8	lncRNA	one-to-one	GENCODE.v47vsM2059
ENSG00000227579.7	lncRNA	ENSMUSG00000102789.2	lncRNA	one-to-one	GENCODE.v47vsM2060
ENSG00000307033.1	lncRNA	ENSMUSG00000087213.5	lncRNA	one-to-many	GENCODE.v47vsM2061
ENSG00000288940.2	lncRNA	ENSMUSG00000140036.1	lncRNA	one-to-one	GENCODE.v47vsM2062
ENSG00000297416.1	lncRNA	ENSMUSG00000122209.1	lncRNA	one-to-one	GENCODE.v47vsM2063
ENSG00000203585.5	lncRNA	ENSMUSG00000112778.3	lncRNA	one-to-many	GENCODE.v47vsM2064
ENSG00000228750.8	lncRNA	ENSMUSG00000104142.2	lncRNA	one-to-many	GENCODE.v47vsM2065
ENSG00000178412.4	lncRNA	ENSMUSG00000120406.2	lncRNA	one-to-one	GENCODE.v47vsM2066
ENSG00000231721.9	lncRNA	ENSMUSG00000044471.15	lncRNA	many-to-many	GENCODE.v47vsM2067
ENSG00000254971.1	lncRNA	ENSMUSG00000139214.1	lncRNA	one-to-many	GENCODE.v47vsM2068
ENSG00000228526.9	lncRNA	ENSMUSG00000142419.1	lncRNA	many-to-many	GENCODE.v47vsM2069
ENSG00000227896.2	lncRNA	ENSMUSG00000115007.4	lncRNA	one-to-one	GENCODE.v47vsM2070
ENSG00000288934.3	lncRNA	ENSMUSG00000102425.2	lncRNA	one-to-one	GENCODE.v47vsM2071
ENSG00000287742.2	lncRNA	ENSMUSG00000097363.3	lncRNA	one-to-one	GENCODE.v47vsM2072
ENSG00000230729.2	lncRNA	ENSMUSG00000084761.3	lncRNA	one-to-one	GENCODE.v47vsM2073
ENSG00000225982.2	lncRNA	ENSMUSG00000122764.1	lncRNA	one-to-many	GENCODE.v47vsM2074
ENSG00000306015.1	lncRNA	ENSMUSG00000138183.1	lncRNA	one-to-many	GENCODE.v47vsM2075
ENSG00000256306.2	lncRNA	ENSMUSG00000133305.1	lncRNA	one-to-one	GENCODE.v47vsM2076
ENSG00000228590.5	lncRNA	ENSMUSG00000120674.2	lncRNA	one-to-one	GENCODE.v47vsM2077
ENSG00000260231.3	lncRNA	ENSMUSG00000115026.2	lncRNA	one-to-one	GENCODE.v47vsM2078
ENSG00000289609.3	lncRNA	ENSMUSG00000117139.3	lncRNA	one-to-many	GENCODE.v47vsM2079
ENSG00000289875.2	lncRNA	ENSMUSG00000131779.1	lncRNA	one-to-one	GENCODE.v47vsM2080
ENSG00000284633.3	lncRNA	ENSMUSG00000116125.3	lncRNA	one-to-one	GENCODE.v47vsM2081
ENSG00000289256.3	lncRNA	ENSMUSG00000119997.2	lncRNA	one-to-one	GENCODE.v47vsM2082
ENSG00000260274.3	lncRNA	ENSMUSG00000086728.5	lncRNA	one-to-one	GENCODE.v47vsM2083
ENSG00000300868.1	lncRNA	ENSMUSG00000126477.1	lncRNA	one-to-one	GENCODE.v47vsM2084
ENSG00000297183.1	lncRNA	ENSMUSG00000117254.4	lncRNA	one-to-one	GENCODE.v47vsM2085
ENSG00000301450.1	lncRNA	ENSMUSG00000093656.2	lncRNA	one-to-many	GENCODE.v47vsM2086
ENSG00000297979.1	lncRNA	ENSMUSG00000134334.1	lncRNA	one-to-one	GENCODE.v47vsM2087
ENSG00000241231.3	lncRNA	ENSMUSG00000092242.3	lncRNA	one-to-many	GENCODE.v47vsM2088
ENSG00000253563.3	lncRNA	ENSMUSG00000098172.9	lncRNA	one-to-one	GENCODE.v47vsM2089
ENSG00000310258.1	lncRNA	ENSMUSG00000086686.3	lncRNA	one-to-many	GENCODE.v47vsM2090
ENSG00000289257.3	lncRNA	ENSMUSG00000120366.2	lncRNA	one-to-many	GENCODE.v47vsM2091
ENSG00000241135.9	lncRNA	ENSMUSG00000103041.3	lncRNA	one-to-many	GENCODE.v47vsM2092
ENSG00000241764.6	lncRNA	ENSMUSG00000134495.1	lncRNA	one-to-one	GENCODE.v47vsM2093
ENSG00000286841.2	lncRNA	ENSMUSG00000131232.1	lncRNA	many-to-many	GENCODE.v47vsM2094
ENSG00000289304.3	lncRNA	ENSMUSG00000111905.2	lncRNA	one-to-one	GENCODE.v47vsM2095
ENSG00000304645.1	lncRNA	ENSMUSG00000119948.2	lncRNA	one-to-many	GENCODE.v47vsM2096
ENSG00000228659.2	lncRNA	ENSMUSG00000086948.3	lncRNA	one-to-one	GENCODE.v47vsM2097
ENSG00000226527.3	lncRNA	ENSMUSG00000085865.4	lncRNA	one-to-one	GENCODE.v47vsM2098
ENSG00000285184.6	lncRNA	ENSMUSG00000135184.1	lncRNA	one-to-one	GENCODE.v47vsM2099
ENSG00000228956.10	lncRNA	ENSMUSG00000103753.2	lncRNA	one-to-many	GENCODE.v47vsM2100
ENSG00000232519.2	lncRNA	ENSMUSG00000120722.2	lncRNA	one-to-many	GENCODE.v47vsM2101
ENSG00000293332.2	lncRNA	ENSMUSG00000122851.1	lncRNA	many-to-many	GENCODE.v47vsM2102
ENSG00000285714.2	lncRNA	ENSMUSG00000119948.2	lncRNA	one-to-many	GENCODE.v47vsM2103
ENSG00000241684.9	lncRNA	ENSMUSG00000143732.1	lncRNA	one-to-many	GENCODE.v47vsM2104
ENSG00000225506.3	lncRNA	ENSMUSG00000143728.1	lncRNA	one-to-one	GENCODE.v47vsM2105
ENSG00000237149.6	lncRNA	ENSMUSG00000103160.2	lncRNA	many-to-many	GENCODE.v47vsM2106
ENSG00000305475.1	lncRNA	ENSMUSG00000126002.1	lncRNA	one-to-many	GENCODE.v47vsM2107
ENSG00000274528.1	lncRNA	ENSMUSG00000097021.9	lncRNA	one-to-many	GENCODE.v47vsM2108
ENSG00000272686.2	lncRNA	ENSMUSG00000126168.1	lncRNA	one-to-many	GENCODE.v47vsM2109
ENSG00000227070.3	lncRNA	ENSMUSG00000132051.1	lncRNA	one-to-one	GENCODE.v47vsM2110
ENSG00000309522.1	lncRNA	ENSMUSG00000090063.8	lncRNA	one-to-many	GENCODE.v47vsM2111
ENSG00000248049.9	lncRNA	ENSMUSG00000132971.1	lncRNA	one-to-one	GENCODE.v47vsM2112
ENSG00000297035.1	lncRNA	ENSMUSG00000109556.4	lncRNA	one-to-one	GENCODE.v47vsM2113
ENSG00000302734.1	lncRNA	ENSMUSG00000133373.1	lncRNA	one-to-one	GENCODE.v47vsM2114
ENSG00000224153.4	lncRNA	ENSMUSG00000129217.1	lncRNA	one-to-one	GENCODE.v47vsM2115
ENSG00000297551.1	lncRNA	ENSMUSG00000089652.2	lncRNA	one-to-many	GENCODE.v47vsM2116
ENSG00000237753.3	lncRNA	ENSMUSG00000123148.1	lncRNA	one-to-many	GENCODE.v47vsM2117
ENSG00000294510.1	lncRNA	ENSMUSG00000139276.1	lncRNA	one-to-one	GENCODE.v47vsM2118
ENSG00000308526.1	lncRNA	ENSMUSG00000121784.1	lncRNA	many-to-many	GENCODE.v47vsM2119
ENSG00000242049.2	lncRNA	ENSMUSG00000139270.1	lncRNA	one-to-one	GENCODE.v47vsM2120
ENSG00000310529.1	lncRNA	ENSMUSG00000112762.3	lncRNA	one-to-many	GENCODE.v47vsM2121
ENSG00000259370.3	lncRNA	ENSMUSG00000111556.4	lncRNA	one-to-one	GENCODE.v47vsM2122
ENSG00000257859.2	lncRNA	ENSMUSG00000104317.2	lncRNA	one-to-one	GENCODE.v47vsM2123
ENSG00000255671.2	lncRNA	ENSMUSG00000126145.1	lncRNA	one-to-one	GENCODE.v47vsM2124
ENSG00000225056.2	lncRNA	ENSMUSG00000103559.2	lncRNA	one-to-one	GENCODE.v47vsM2125
ENSG00000278922.1	lncRNA	ENSMUSG00000132652.1	lncRNA	one-to-one	GENCODE.v47vsM2126
ENSG00000233643.3	lncRNA	ENSMUSG00000142030.1	lncRNA	one-to-many	GENCODE.v47vsM2127
ENSG00000300838.1	lncRNA	ENSMUSG00000130382.1	lncRNA	one-to-one	GENCODE.v47vsM2128
ENSG00000295527.1	lncRNA	ENSMUSG00000132171.1	lncRNA	one-to-one	GENCODE.v47vsM2129
ENSG00000308733.1	lncRNA	ENSMUSG00000141830.1	lncRNA	one-to-one	GENCODE.v47vsM2130
ENSG00000231889.10	lncRNA	ENSMUSG00000087177.10	lncRNA	many-to-many	GENCODE.v47vsM2131
ENSG00000267395.6	lncRNA	ENSMUSG00000127466.1	lncRNA	one-to-many	GENCODE.v47vsM2132
ENSG00000293508.2	lncRNA	ENSMUSG00000132240.1	lncRNA	many-to-many	GENCODE.v47vsM2133
ENSG00000270006.5	lncRNA	ENSMUSG00000098211.4	lncRNA	one-to-half	GENCODE.v47vsM2134
ENSG00000234663.8	lncRNA	ENSMUSG00000102286.2	lncRNA	one-to-many	GENCODE.v47vsM2135
ENSG00000230426.6	lncRNA	ENSMUSG00000102309.2	lncRNA	one-to-many	GENCODE.v47vsM2136
ENSG00000213963.7	lncRNA	ENSMUSG00000124581.1	lncRNA	many-to-many	GENCODE.v47vsM2137
ENSG00000298545.1	lncRNA	ENSMUSG00000140627.1	lncRNA	one-to-one	GENCODE.v47vsM2138
ENSG00000272189.1	lncRNA	ENSMUSG00000132206.1	lncRNA	one-to-one	GENCODE.v47vsM2139
ENSG00000269386.7	lncRNA	ENSMUSG00000090952.5	lncRNA	one-to-one	GENCODE.v47vsM2140
ENSG00000258197.2	lncRNA	ENSMUSG00000086509.4	lncRNA	one-to-many	GENCODE.v47vsM2141
ENSG00000299026.1	lncRNA	ENSMUSG00000090270.2	lncRNA	one-to-one	GENCODE.v47vsM2142
ENSG00000301300.1	lncRNA	ENSMUSG00000128440.1	lncRNA	one-to-one	GENCODE.v47vsM2143
ENSG00000257935.5	lncRNA	ENSMUSG00000098649.5	lncRNA	one-to-one	GENCODE.v47vsM2144
ENSG00000299655.1	lncRNA	ENSMUSG00000139267.1	lncRNA	one-to-one	GENCODE.v47vsM2145
ENSG00000289933.2	lncRNA	ENSMUSG00000131405.1	lncRNA	one-to-one	GENCODE.v47vsM2146
ENSG00000301386.1	lncRNA	ENSMUSG00000092353.3	lncRNA	one-to-one	GENCODE.v47vsM2147
ENSG00000306353.1	lncRNA	ENSMUSG00000132581.1	lncRNA	one-to-one	GENCODE.v47vsM2148
ENSG00000273214.1	lncRNA	ENSMUSG00000075555.15	lncRNA	one-to-many	GENCODE.v47vsM2149
ENSG00000178722.17	lncRNA	ENSMUSG00000114534.3	lncRNA	one-to-many	GENCODE.v47vsM2150
ENSG00000255323.7	lncRNA	ENSMUSG00000102124.3	lncRNA	one-to-one	GENCODE.v47vsM2151
ENSG00000288919.2	lncRNA	ENSMUSG00000120054.2	lncRNA	one-to-one	GENCODE.v47vsM2152
ENSG00000281219.2	lncRNA	ENSMUSG00000122333.1	lncRNA	one-to-many	GENCODE.v47vsM2153
ENSG00000270087.8	lncRNA	ENSMUSG00000114352.3	lncRNA	many-to-many	GENCODE.v47vsM2154
ENSG00000250608.3	lncRNA	ENSMUSG00000103118.2	lncRNA	one-to-many	GENCODE.v47vsM2155
ENSG00000295613.1	lncRNA	ENSMUSG00000123785.1	lncRNA	many-to-many	GENCODE.v47vsM2156
ENSG00000248932.9	lncRNA	ENSMUSG00000051074.7	lncRNA	many-to-many	GENCODE.v47vsM2157
ENSG00000232412.2	lncRNA	ENSMUSG00000104042.2	lncRNA	one-to-many	GENCODE.v47vsM2158
ENSG00000304170.1	lncRNA	ENSMUSG00000116879.3	lncRNA	one-to-many	GENCODE.v47vsM2159
ENSG00000263050.2	lncRNA	ENSMUSG00000085609.4	lncRNA	one-to-many	GENCODE.v47vsM2160
ENSG00000224721.4	lncRNA	ENSMUSG00000141408.1	lncRNA	one-to-many	GENCODE.v47vsM2161
ENSG00000204620.4	lncRNA	ENSMUSG00000055188.14	lncRNA	one-to-one	GENCODE.v47vsM2162
ENSG00000287654.1	lncRNA	ENSMUSG00000121114.2	lncRNA	one-to-one	GENCODE.v47vsM2163
ENSG00000255399.7	lncRNA	ENSMUSG00000106795.6	lncRNA	one-to-one	GENCODE.v47vsM2164
ENSG00000250592.1	lncRNA	ENSMUSG00000099373.2	lncRNA	one-to-many	GENCODE.v47vsM2165
ENSG00000297015.1	lncRNA	ENSMUSG00000137992.1	lncRNA	one-to-one	GENCODE.v47vsM2166
ENSG00000212694.8	lncRNA	ENSMUSG00000090086.10	lncRNA	one-to-many	GENCODE.v47vsM2167
ENSG00000223446.3	lncRNA	ENSMUSG00000126508.1	lncRNA	one-to-one	GENCODE.v47vsM2168
ENSG00000286487.2	lncRNA	ENSMUSG00000128676.1	lncRNA	one-to-one	GENCODE.v47vsM2169
ENSG00000304274.1	lncRNA	ENSMUSG00000104846.3	lncRNA	one-to-one	GENCODE.v47vsM2170
ENSG00000260778.6	lncRNA	ENSMUSG00000073437.13	lncRNA	one-to-one	GENCODE.v47vsM2171
ENSG00000293862.1	lncRNA	ENSMUSG00000138496.1	lncRNA	one-to-one	GENCODE.v47vsM2172
ENSG00000301269.1	lncRNA	ENSMUSG00000132791.1	lncRNA	one-to-one	GENCODE.v47vsM2173
ENSG00000299151.1	lncRNA	ENSMUSG00000097080.11	lncRNA	one-to-many	GENCODE.v47vsM2174
ENSG00000179743.5	lncRNA	ENSMUSG00000124599.1	lncRNA	one-to-many	GENCODE.v47vsM2175
ENSG00000299739.1	lncRNA	ENSMUSG00000085183.3	lncRNA	one-to-one	GENCODE.v47vsM2176
ENSG00000288551.2	lncRNA	ENSMUSG00000129347.1	lncRNA	one-to-one	GENCODE.v47vsM2177
ENSG00000235731.4	lncRNA	ENSMUSG00000135291.1	lncRNA	one-to-one	GENCODE.v47vsM2178
ENSG00000303067.1	lncRNA	ENSMUSG00000106957.2	lncRNA	one-to-many	GENCODE.v47vsM2179
ENSG00000214900.14	lncRNA	ENSMUSG00000113035.4	lncRNA	many-to-many	GENCODE.v47vsM2180
ENSG00000197176.8	lncRNA	ENSMUSG00000085820.9	lncRNA	one-to-one	GENCODE.v47vsM2181
ENSG00000264990.1	lncRNA	ENSMUSG00000084996.3	lncRNA	one-to-many	GENCODE.v47vsM2182
ENSG00000303643.1	lncRNA	ENSMUSG00000120183.2	lncRNA	one-to-one	GENCODE.v47vsM2183
ENSG00000287175.1	lncRNA	ENSMUSG00000114053.4	lncRNA	one-to-many	GENCODE.v47vsM2184
ENSG00000300344.1	lncRNA	ENSMUSG00000103744.2	lncRNA	one-to-many	GENCODE.v47vsM2185
ENSG00000226169.1	lncRNA	ENSMUSG00000123711.1	lncRNA	one-to-many	GENCODE.v47vsM2186
ENSG00000299400.1	lncRNA	ENSMUSG00000110938.3	lncRNA	one-to-one	GENCODE.v47vsM2187
ENSG00000226833.8	lncRNA	ENSMUSG00000127242.1	lncRNA	one-to-one	GENCODE.v47vsM2188
ENSG00000303230.1	lncRNA	ENSMUSG00000140766.1	lncRNA	many-to-many	GENCODE.v47vsM2189
ENSG00000302792.1	lncRNA	ENSMUSG00000103963.3	lncRNA	one-to-one	GENCODE.v47vsM2190
ENSG00000291091.2	lncRNA	ENSMUSG00000116690.3	lncRNA	many-to-many	GENCODE.v47vsM2191
ENSG00000299581.1	lncRNA	ENSMUSG00000120543.2	lncRNA	one-to-many	GENCODE.v47vsM2192
ENSG00000295276.1	lncRNA	ENSMUSG00000143302.1	lncRNA	one-to-many	GENCODE.v47vsM2193
ENSG00000307044.1	lncRNA	ENSMUSG00000126419.1	lncRNA	one-to-one	GENCODE.v47vsM2194
ENSG00000231201.1	lncRNA	ENSMUSG00000128897.1	lncRNA	one-to-one	GENCODE.v47vsM2195
ENSG00000260249.3	lncRNA	ENSMUSG00000134158.1	lncRNA	one-to-many	GENCODE.v47vsM2196
ENSG00000272701.3	lncRNA	ENSMUSG00000107825.2	lncRNA	one-to-one	GENCODE.v47vsM2197
ENSG00000227101.3	lncRNA	ENSMUSG00000114053.4	lncRNA	one-to-many	GENCODE.v47vsM2198
ENSG00000289424.3	lncRNA	ENSMUSG00000115747.3	lncRNA	many-to-many	GENCODE.v47vsM2199
ENSG00000302434.1	lncRNA	ENSMUSG00000130920.1	lncRNA	one-to-one	GENCODE.v47vsM2200
ENSG00000268584.2	lncRNA	ENSMUSG00000099966.4	lncRNA	one-to-one	GENCODE.v47vsM2201
ENSG00000255525.1	lncRNA	ENSMUSG00000100156.2	lncRNA	one-to-one	GENCODE.v47vsM2202
ENSG00000259003.4	lncRNA	ENSMUSG00000130802.1	lncRNA	one-to-many	GENCODE.v47vsM2203
ENSG00000230102.9	lncRNA	ENSMUSG00000075286.6	lncRNA	one-to-many	GENCODE.v47vsM2204
ENSG00000259385.2	lncRNA	ENSMUSG00000087056.3	lncRNA	one-to-many	GENCODE.v47vsM2205
ENSG00000228176.2	lncRNA	ENSMUSG00000128812.1	lncRNA	one-to-one	GENCODE.v47vsM2206
ENSG00000293770.1	lncRNA	ENSMUSG00000142854.1	lncRNA	one-to-many	GENCODE.v47vsM2207
ENSG00000239774.2	lncRNA	ENSMUSG00000104588.3	lncRNA	one-to-one	GENCODE.v47vsM2208
ENSG00000297173.1	lncRNA	ENSMUSG00000126621.1	lncRNA	one-to-one	GENCODE.v47vsM2209
ENSG00000293886.1	lncRNA	ENSMUSG00000086555.4	lncRNA	many-to-many	GENCODE.v47vsM2210
ENSG00000301605.1	lncRNA	ENSMUSG00000116506.2	lncRNA	one-to-one	GENCODE.v47vsM2211
ENSG00000237588.2	lncRNA	ENSMUSG00000125197.1	lncRNA	one-to-many	GENCODE.v47vsM2212
ENSG00000288872.2	lncRNA	ENSMUSG00000120135.2	lncRNA	one-to-one	GENCODE.v47vsM2213
ENSG00000248673.3	lncRNA	ENSMUSG00000114926.4	lncRNA	one-to-many	GENCODE.v47vsM2214
ENSG00000302628.1	lncRNA	ENSMUSG00000107528.3	lncRNA	many-to-many	GENCODE.v47vsM2215
ENSG00000264968.2	lncRNA	ENSMUSG00000138069.1	lncRNA	one-to-many	GENCODE.v47vsM2216
ENSG00000230695.3	lncRNA	ENSMUSG00000073652.12	lncRNA	one-to-many	GENCODE.v47vsM2217
ENSG00000251661.4	lncRNA	ENSMUSG00000141572.1	lncRNA	one-to-many	GENCODE.v47vsM2218
ENSG00000310299.1	lncRNA	ENSMUSG00000129636.1	lncRNA	one-to-half	GENCODE.v47vsM2219
ENSG00000306383.1	lncRNA	ENSMUSG00000110417.3	lncRNA	one-to-one	GENCODE.v47vsM2220
ENSG00000285483.2	lncRNA	ENSMUSG00000102869.5	lncRNA	one-to-many	GENCODE.v47vsM2221
ENSG00000225762.2	lncRNA	ENSMUSG00000085399.10	lncRNA	one-to-many	GENCODE.v47vsM2222
ENSG00000214401.7	lncRNA	ENSMUSG00000121072.2	lncRNA	one-to-many	GENCODE.v47vsM2223
ENSG00000294888.1	lncRNA	ENSMUSG00000120098.2	lncRNA	one-to-one	GENCODE.v47vsM2224
ENSG00000260742.1	lncRNA	ENSMUSG00000141666.1	lncRNA	one-to-one	GENCODE.v47vsM2225
ENSG00000223732.3	lncRNA	ENSMUSG00000132902.1	lncRNA	many-to-many	GENCODE.v47vsM2226
ENSG00000300175.1	lncRNA	ENSMUSG00000130139.1	lncRNA	one-to-one	GENCODE.v47vsM2227
ENSG00000279048.2	lncRNA	ENSMUSG00000141788.1	lncRNA	one-to-many	GENCODE.v47vsM2228
ENSG00000310487.1	lncRNA	ENSMUSG00000121205.2	lncRNA	one-to-one	GENCODE.v47vsM2229
ENSG00000259006.1	lncRNA	ENSMUSG00000103244.2	lncRNA	one-to-one	GENCODE.v47vsM2230
ENSG00000295197.1	lncRNA	ENSMUSG00000131844.1	lncRNA	one-to-one	GENCODE.v47vsM2231
ENSG00000268189.3	lncRNA	ENSMUSG00000132159.1	lncRNA	one-to-one	GENCODE.v47vsM2232
ENSG00000286196.2	lncRNA	ENSMUSG00000009551.4	lncRNA	one-to-one	GENCODE.v47vsM2233
ENSG00000301020.1	lncRNA	ENSMUSG00000131895.1	lncRNA	one-to-one	GENCODE.v47vsM2234
ENSG00000308499.1	lncRNA	ENSMUSG00000120695.2	lncRNA	one-to-one	GENCODE.v47vsM2235
ENSG00000296691.1	lncRNA	ENSMUSG00000087484.3	lncRNA	one-to-many	GENCODE.v47vsM2236
ENSG00000303455.1	lncRNA	ENSMUSG00000119966.2	lncRNA	one-to-one	GENCODE.v47vsM2237
ENSG00000238169.3	lncRNA	ENSMUSG00000131431.1	lncRNA	one-to-one	GENCODE.v47vsM2238
ENSG00000306787.1	lncRNA	ENSMUSG00000120574.2	lncRNA	one-to-one	GENCODE.v47vsM2239
ENSG00000207955.5	lncRNA	ENSMUSG00000120522.2	lncRNA	many-to-many	GENCODE.v47vsM2240
ENSG00000230417.13	lncRNA	ENSMUSG00000114288.3	lncRNA	many-to-many	GENCODE.v47vsM2241
ENSG00000247809.12	lncRNA	ENSMUSG00000100005.10	lncRNA	many-to-many	GENCODE.v47vsM2242
ENSG00000248317.2	lncRNA	ENSMUSG00000137410.1	lncRNA	one-to-many	GENCODE.v47vsM2243
ENSG00000251301.9	lncRNA	ENSMUSG00000136717.1	lncRNA	one-to-many	GENCODE.v47vsM2244
ENSG00000259485.3	lncRNA	ENSMUSG00000109153.3	lncRNA	one-to-one	GENCODE.v47vsM2245
ENSG00000258655.3	lncRNA	ENSMUSG00000112437.3	lncRNA	one-to-many	GENCODE.v47vsM2246
ENSG00000234572.2	lncRNA	ENSMUSG00000124468.1	lncRNA	one-to-many	GENCODE.v47vsM2247
ENSG00000228352.3	lncRNA	ENSMUSG00000139021.1	lncRNA	many-to-many	GENCODE.v47vsM2248
ENSG00000237552.2	lncRNA	ENSMUSG00000090017.4	lncRNA	one-to-one	GENCODE.v47vsM2249
ENSG00000286089.1	lncRNA	ENSMUSG00000106776.2	lncRNA	one-to-many	GENCODE.v47vsM2250
ENSG00000300446.1	lncRNA	ENSMUSG00000127630.1	lncRNA	one-to-many	GENCODE.v47vsM2251
ENSG00000258957.3	lncRNA	ENSMUSG00000135037.1	lncRNA	one-to-one	GENCODE.v47vsM2252
ENSG00000288921.2	lncRNA	ENSMUSG00000127838.1	lncRNA	one-to-one	GENCODE.v47vsM2253
ENSG00000233006.9	lncRNA	ENSMUSG00000137923.1	lncRNA	one-to-many	GENCODE.v47vsM2254
ENSG00000267414.1	lncRNA	ENSMUSG00000138485.1	lncRNA	one-to-one	GENCODE.v47vsM2255
ENSG00000291154.2	lncRNA	ENSMUSG00000089879.3	lncRNA	many-to-many	GENCODE.v47vsM2256
ENSG00000287584.1	lncRNA	ENSMUSG00000113528.3	lncRNA	many-to-many	GENCODE.v47vsM2257
ENSG00000254261.2	lncRNA	ENSMUSG00000126887.1	lncRNA	one-to-one	GENCODE.v47vsM2258
ENSG00000263823.3	lncRNA	ENSMUSG00000126895.1	lncRNA	one-to-one	GENCODE.v47vsM2259
ENSG00000255427.1	lncRNA	ENSMUSG00000131426.1	lncRNA	one-to-many	GENCODE.v47vsM2260
ENSG00000300477.1	lncRNA	ENSMUSG00000100763.3	lncRNA	one-to-one	GENCODE.v47vsM2261
ENSG00000307628.1	lncRNA	ENSMUSG00000108546.3	lncRNA	one-to-one	GENCODE.v47vsM2262
ENSG00000289335.2	lncRNA	ENSMUSG00000111275.3	lncRNA	one-to-many	GENCODE.v47vsM2263
ENSG00000273080.3	lncRNA	ENSMUSG00000125988.1	lncRNA	one-to-many	GENCODE.v47vsM2264
ENSG00000237843.3	lncRNA	ENSMUSG00000102168.2	lncRNA	one-to-one	GENCODE.v47vsM2265
ENSG00000307878.1	lncRNA	ENSMUSG00000086653.3	lncRNA	one-to-one	GENCODE.v47vsM2266
ENSG00000287434.2	lncRNA	ENSMUSG00000090358.3	lncRNA	one-to-one	GENCODE.v47vsM2267
ENSG00000286756.4	lncRNA	ENSMUSG00000130824.1	lncRNA	one-to-one	GENCODE.v47vsM2268
ENSG00000259642.3	lncRNA	ENSMUSG00000132452.1	lncRNA	one-to-many	GENCODE.v47vsM2269
ENSG00000310418.1	lncRNA	ENSMUSG00000114937.3	lncRNA	one-to-one	GENCODE.v47vsM2270
ENSG00000205853.13	lncRNA	ENSMUSG00000100282.3	lncRNA	one-to-many	GENCODE.v47vsM2271
ENSG00000307176.1	lncRNA	ENSMUSG00000120594.2	lncRNA	one-to-one	GENCODE.v47vsM2272
ENSG00000310520.1	lncRNA	ENSMUSG00000087203.10	lncRNA	one-to-many	GENCODE.v47vsM2273
ENSG00000299724.1	lncRNA	ENSMUSG00000107214.5	lncRNA	one-to-many	GENCODE.v47vsM2274
ENSG00000251459.3	lncRNA	ENSMUSG00000127046.1	lncRNA	many-to-many	GENCODE.v47vsM2275
ENSG00000274213.3	lncRNA	ENSMUSG00000085152.4	lncRNA	one-to-one	GENCODE.v47vsM2276
ENSG00000300451.1	lncRNA	ENSMUSG00000132658.1	lncRNA	one-to-one	GENCODE.v47vsM2277
ENSG00000262429.1	lncRNA	ENSMUSG00000137846.1	lncRNA	one-to-one	GENCODE.v47vsM2278
ENSG00000236283.6	lncRNA	ENSMUSG00000086881.4	lncRNA	many-to-many	GENCODE.v47vsM2279
ENSG00000235904.4	lncRNA	ENSMUSG00000079669.5	lncRNA	one-to-one	GENCODE.v47vsM2280
ENSG00000253693.2	lncRNA	ENSMUSG00000087296.3	lncRNA	one-to-many	GENCODE.v47vsM2281
ENSG00000228544.1	lncRNA	ENSMUSG00000052403.13	lncRNA	one-to-many	GENCODE.v47vsM2282
ENSG00000264589.6	lncRNA	ENSMUSG00000127744.1	lncRNA	one-to-many	GENCODE.v47vsM2283
ENSG00000227947.3	lncRNA	ENSMUSG00000140662.1	lncRNA	one-to-many	GENCODE.v47vsM2284
ENSG00000261648.1	lncRNA	ENSMUSG00000116974.3	lncRNA	one-to-many	GENCODE.v47vsM2285
ENSG00000257235.1	lncRNA	ENSMUSG00000101133.3	lncRNA	one-to-many	GENCODE.v47vsM2286
ENSG00000237298.12	lncRNA	ENSMUSG00000140641.1	lncRNA	one-to-many	GENCODE.v47vsM2287
ENSG00000229196.5	lncRNA	ENSMUSG00000085470.4	lncRNA	one-to-one	GENCODE.v47vsM2288
ENSG00000260136.7	lncRNA	ENSMUSG00000108511.3	lncRNA	one-to-one	GENCODE.v47vsM2289
ENSG00000257242.10	lncRNA	ENSMUSG00000133070.1	lncRNA	many-to-many	GENCODE.v47vsM2290
ENSG00000307673.1	lncRNA	ENSMUSG00000097750.3	lncRNA	one-to-many	GENCODE.v47vsM2291
ENSG00000300118.1	lncRNA	ENSMUSG00000086212.10	lncRNA	one-to-many	GENCODE.v47vsM2292
ENSG00000233639.10	lncRNA	ENSMUSG00000097063.6	lncRNA	many-to-many	GENCODE.v47vsM2293
ENSG00000250326.3	lncRNA	ENSMUSG00000120076.2	lncRNA	one-to-one	GENCODE.v47vsM2294
ENSG00000306258.1	lncRNA	ENSMUSG00000086065.3	lncRNA	one-to-one	GENCODE.v47vsM2295
ENSG00000232912.6	lncRNA	ENSMUSG00000085213.4	lncRNA	one-to-one	GENCODE.v47vsM2296
ENSG00000305269.1	lncRNA	ENSMUSG00000121681.1	lncRNA	one-to-many	GENCODE.v47vsM2297
ENSG00000237505.9	lncRNA	ENSMUSG00000103816.2	lncRNA	many-to-many	GENCODE.v47vsM2298
ENSG00000299936.1	lncRNA	ENSMUSG00000136485.1	lncRNA	many-to-many	GENCODE.v47vsM2299
ENSG00000305300.1	lncRNA	ENSMUSG00000102055.3	lncRNA	one-to-one	GENCODE.v47vsM2300
ENSG00000306259.1	lncRNA	ENSMUSG00000139078.1	lncRNA	one-to-one	GENCODE.v47vsM2301
ENSG00000242512.10	lncRNA	ENSMUSG00000143009.1	lncRNA	many-to-many	GENCODE.v47vsM2302
ENSG00000307412.1	lncRNA	ENSMUSG00000105158.2	lncRNA	one-to-one	GENCODE.v47vsM2303
ENSG00000310039.1	lncRNA	ENSMUSG00000134927.1	lncRNA	one-to-many	GENCODE.v47vsM2304
ENSG00000304723.1	lncRNA	ENSMUSG00000128890.1	lncRNA	one-to-many	GENCODE.v47vsM2305
ENSG00000293702.1	lncRNA	ENSMUSG00000125323.1	lncRNA	one-to-one	GENCODE.v47vsM2306
ENSG00000257303.5	lncRNA	ENSMUSG00000120290.2	lncRNA	one-to-one	GENCODE.v47vsM2307
ENSG00000225359.2	lncRNA	ENSMUSG00000122204.1	lncRNA	one-to-one	GENCODE.v47vsM2308
ENSG00000289319.2	lncRNA	ENSMUSG00000128086.1	lncRNA	one-to-one	GENCODE.v47vsM2309
ENSG00000231691.2	lncRNA	ENSMUSG00000101693.3	lncRNA	one-to-one	GENCODE.v47vsM2310
ENSG00000304983.1	lncRNA	ENSMUSG00000122411.1	lncRNA	one-to-one	GENCODE.v47vsM2311
ENSG00000296870.1	lncRNA	ENSMUSG00000120077.2	lncRNA	one-to-one	GENCODE.v47vsM2312
ENSG00000255118.1	lncRNA	ENSMUSG00000024658.9	lncRNA	one-to-many	GENCODE.v47vsM2313
ENSG00000300182.1	lncRNA	ENSMUSG00000122338.1	lncRNA	one-to-one	GENCODE.v47vsM2314
ENSG00000223646.3	lncRNA	ENSMUSG00000101894.3	lncRNA	one-to-many	GENCODE.v47vsM2315
ENSG00000230417.13	lncRNA	ENSMUSG00000139776.1	lncRNA	many-to-many	GENCODE.v47vsM2316
ENSG00000287548.2	lncRNA	ENSMUSG00000139585.1	lncRNA	one-to-one	GENCODE.v47vsM2317
ENSG00000250433.2	lncRNA	ENSMUSG00000140721.1	lncRNA	one-to-one	GENCODE.v47vsM2318
ENSG00000251371.2	lncRNA	ENSMUSG00000140935.1	lncRNA	one-to-one	GENCODE.v47vsM2319
ENSG00000284693.3	lncRNA	ENSMUSG00000122173.1	lncRNA	one-to-one	GENCODE.v47vsM2320
ENSG00000230876.9	lncRNA	ENSMUSG00000117342.3	lncRNA	many-to-many	GENCODE.v47vsM2321
ENSG00000299070.1	lncRNA	ENSMUSG00000100830.3	lncRNA	one-to-one	GENCODE.v47vsM2322
ENSG00000236822.1	lncRNA	ENSMUSG00000096963.2	lncRNA	one-to-one	GENCODE.v47vsM2323
ENSG00000293347.2	lncRNA	ENSMUSG00000107240.2	lncRNA	many-to-many	GENCODE.v47vsM2324
ENSG00000296054.1	lncRNA	ENSMUSG00000121019.2	lncRNA	one-to-one	GENCODE.v47vsM2325
ENSG00000302342.1	lncRNA	ENSMUSG00000140433.1	lncRNA	one-to-one	GENCODE.v47vsM2326
ENSG00000241388.7	lncRNA	ENSMUSG00000086054.4	lncRNA	one-to-many	GENCODE.v47vsM2327
ENSG00000306170.1	lncRNA	ENSMUSG00000138584.1	lncRNA	one-to-one	GENCODE.v47vsM2328
ENSG00000267506.8	lncRNA	ENSMUSG00000086588.3	lncRNA	one-to-many	GENCODE.v47vsM2329
ENSG00000233824.3	lncRNA	ENSMUSG00000107978.3	lncRNA	one-to-many	GENCODE.v47vsM2330
ENSG00000306083.1	lncRNA	ENSMUSG00000122456.1	lncRNA	one-to-one	GENCODE.v47vsM2331
ENSG00000223537.4	lncRNA	ENSMUSG00000141630.1	lncRNA	one-to-one	GENCODE.v47vsM2332
ENSG00000306339.1	lncRNA	ENSMUSG00000097189.3	lncRNA	one-to-one	GENCODE.v47vsM2333
ENSG00000303025.1	lncRNA	ENSMUSG00000100538.3	lncRNA	one-to-many	GENCODE.v47vsM2334
ENSG00000228173.2	lncRNA	ENSMUSG00000104137.2	lncRNA	many-to-many	GENCODE.v47vsM2335
ENSG00000197182.17	lncRNA	ENSMUSG00000116305.4	lncRNA	many-to-many	GENCODE.v47vsM2336
ENSG00000289201.2	lncRNA	ENSMUSG00000126882.1	lncRNA	one-to-many	GENCODE.v47vsM2337
ENSG00000261026.1	lncRNA	ENSMUSG00000130885.1	lncRNA	one-to-one	GENCODE.v47vsM2338
ENSG00000305688.1	lncRNA	ENSMUSG00000129343.1	lncRNA	one-to-one	GENCODE.v47vsM2339
ENSG00000245904.7	lncRNA	ENSMUSG00000139560.1	lncRNA	one-to-one	GENCODE.v47vsM2340
ENSG00000297087.1	lncRNA	ENSMUSG00000132321.1	lncRNA	one-to-many	GENCODE.v47vsM2341
ENSG00000278376.3	lncRNA	ENSMUSG00000120036.2	lncRNA	one-to-one	GENCODE.v47vsM2342
ENSG00000303848.1	lncRNA	ENSMUSG00000120657.2	lncRNA	one-to-one	GENCODE.v47vsM2343
ENSG00000205611.6	lncRNA	ENSMUSG00000102297.2	lncRNA	many-to-many	GENCODE.v47vsM2344
ENSG00000250467.2	lncRNA	ENSMUSG00000122852.1	lncRNA	one-to-one	GENCODE.v47vsM2345
ENSG00000184068.2	lncRNA	ENSMUSG00000120783.2	lncRNA	one-to-one	GENCODE.v47vsM2346
ENSG00000299228.1	lncRNA	ENSMUSG00000072809.4	lncRNA	one-to-many	GENCODE.v47vsM2347
ENSG00000301917.1	lncRNA	ENSMUSG00000125936.1	lncRNA	many-to-many	GENCODE.v47vsM2348
ENSG00000298304.1	lncRNA	ENSMUSG00000136682.1	lncRNA	one-to-one	GENCODE.v47vsM2349
ENSG00000291143.2	lncRNA	ENSMUSG00000125995.1	lncRNA	many-to-many	GENCODE.v47vsM2350
ENSG00000304518.1	lncRNA	ENSMUSG00000123157.1	lncRNA	one-to-one	GENCODE.v47vsM2351
ENSG00000310288.1	lncRNA	ENSMUSG00000114242.3	lncRNA	one-to-one	GENCODE.v47vsM2352
ENSG00000295241.1	lncRNA	ENSMUSG00000085929.4	lncRNA	one-to-many	GENCODE.v47vsM2353
ENSG00000306459.1	lncRNA	ENSMUSG00000097023.11	lncRNA	many-to-many	GENCODE.v47vsM2354
ENSG00000283183.5	lncRNA	ENSMUSG00000072769.9	lncRNA	one-to-one	GENCODE.v47vsM2355
ENSG00000308425.1	lncRNA	ENSMUSG00000074517.3	lncRNA	one-to-one	GENCODE.v47vsM2356
ENSG00000287672.2	lncRNA	ENSMUSG00000122794.1	lncRNA	one-to-many	GENCODE.v47vsM2357
ENSG00000251513.3	lncRNA	ENSMUSG00000116590.3	lncRNA	one-to-one	GENCODE.v47vsM2358
ENSG00000301540.1	lncRNA	ENSMUSG00000128405.1	lncRNA	one-to-one	GENCODE.v47vsM2359
ENSG00000293251.3	lncRNA	ENSMUSG00000107702.3	lncRNA	one-to-one	GENCODE.v47vsM2360
ENSG00000295871.1	lncRNA	ENSMUSG00000097589.12	lncRNA	one-to-many	GENCODE.v47vsM2361
ENSG00000262412.2	lncRNA	ENSMUSG00000123940.1	lncRNA	many-to-many	GENCODE.v47vsM2362
ENSG00000303070.1	lncRNA	ENSMUSG00000143111.1	lncRNA	one-to-one	GENCODE.v47vsM2363
ENSG00000232480.4	lncRNA	ENSMUSG00000100393.2	lncRNA	one-to-one	GENCODE.v47vsM2364
ENSG00000231826.9	lncRNA	ENSMUSG00000117446.3	lncRNA	many-to-many	GENCODE.v47vsM2365
ENSG00000290479.1	lncRNA	ENSMUSG00000110491.3	lncRNA	many-to-many	GENCODE.v47vsM2366
ENSG00000302732.1	lncRNA	ENSMUSG00000114741.2	lncRNA	one-to-many	GENCODE.v47vsM2367
ENSG00000294276.1	lncRNA	ENSMUSG00000137984.1	lncRNA	one-to-many	GENCODE.v47vsM2368
ENSG00000303544.1	lncRNA	ENSMUSG00000130887.1	lncRNA	one-to-one	GENCODE.v47vsM2369
ENSG00000294633.1	lncRNA	ENSMUSG00000130808.1	lncRNA	many-to-many	GENCODE.v47vsM2370
ENSG00000225963.9	lncRNA	ENSMUSG00000090246.3	lncRNA	many-to-many	GENCODE.v47vsM2371
ENSG00000305488.1	lncRNA	ENSMUSG00000106679.2	lncRNA	one-to-one	GENCODE.v47vsM2372
ENSG00000294323.1	lncRNA	ENSMUSG00000141555.1	lncRNA	one-to-one	GENCODE.v47vsM2373
ENSG00000309675.1	lncRNA	ENSMUSG00000097675.5	lncRNA	one-to-many	GENCODE.v47vsM2374
ENSG00000305295.1	lncRNA	ENSMUSG00000131137.1	lncRNA	one-to-many	GENCODE.v47vsM2375
ENSG00000259627.1	lncRNA	ENSMUSG00000119960.2	lncRNA	one-to-many	GENCODE.v47vsM2376
ENSG00000297412.1	lncRNA	ENSMUSG00000137813.1	lncRNA	one-to-one	GENCODE.v47vsM2377
ENSG00000249330.3	lncRNA	ENSMUSG00000144038.1	lncRNA	one-to-one	GENCODE.v47vsM2378
ENSG00000258857.2	lncRNA	ENSMUSG00000020992.7	lncRNA	one-to-one	GENCODE.v47vsM2379
ENSG00000310351.1	lncRNA	ENSMUSG00000075576.14	lncRNA	one-to-one	GENCODE.v47vsM2380
ENSG00000231364.4	lncRNA	ENSMUSG00000124479.1	lncRNA	many-to-many	GENCODE.v47vsM2381
ENSG00000205549.11	lncRNA	ENSMUSG00000125219.1	lncRNA	one-to-many	GENCODE.v47vsM2382
ENSG00000285926.2	lncRNA	ENSMUSG00000139502.1	lncRNA	many-to-many	GENCODE.v47vsM2383
ENSG00000297917.1	lncRNA	ENSMUSG00000141370.1	lncRNA	one-to-many	GENCODE.v47vsM2384
ENSG00000306097.1	lncRNA	ENSMUSG00000141193.1	lncRNA	one-to-one	GENCODE.v47vsM2385
ENSG00000297938.1	lncRNA	ENSMUSG00000140977.1	lncRNA	one-to-one	GENCODE.v47vsM2386
ENSG00000225446.4	lncRNA	ENSMUSG00000101237.2	lncRNA	one-to-one	GENCODE.v47vsM2387
ENSG00000230690.3	lncRNA	ENSMUSG00000129105.1	lncRNA	one-to-many	GENCODE.v47vsM2388
ENSG00000297403.1	lncRNA	ENSMUSG00000092346.3	lncRNA	one-to-one	GENCODE.v47vsM2389
ENSG00000257817.3	lncRNA	ENSMUSG00000085708.3	lncRNA	many-to-many	GENCODE.v47vsM2390
ENSG00000301612.1	lncRNA	ENSMUSG00000135262.1	lncRNA	one-to-one	GENCODE.v47vsM2391
ENSG00000259084.6	lncRNA	ENSMUSG00000140451.1	lncRNA	many-to-many	GENCODE.v47vsM2392
ENSG00000296159.1	lncRNA	ENSMUSG00000133879.1	lncRNA	many-to-many	GENCODE.v47vsM2393
ENSG00000285280.3	lncRNA	ENSMUSG00000135981.1	lncRNA	one-to-one	GENCODE.v47vsM2394
ENSG00000306968.1	lncRNA	ENSMUSG00000115834.3	lncRNA	one-to-many	GENCODE.v47vsM2395
ENSG00000260277.3	lncRNA	ENSMUSG00000139651.1	lncRNA	one-to-many	GENCODE.v47vsM2396
ENSG00000300116.1	lncRNA	ENSMUSG00000130298.1	lncRNA	one-to-one	GENCODE.v47vsM2397
ENSG00000309074.1	lncRNA	ENSMUSG00000120856.2	lncRNA	one-to-one	GENCODE.v47vsM2398
ENSG00000246982.8	lncRNA	ENSMUSG00000117255.2	lncRNA	one-to-one	GENCODE.v47vsM2399
ENSG00000301991.1	lncRNA	ENSMUSG00000111866.2	lncRNA	one-to-one	GENCODE.v47vsM2400
ENSG00000204934.11	lncRNA	ENSMUSG00000132828.1	lncRNA	many-to-many	GENCODE.v47vsM2401
ENSG00000294763.1	lncRNA	ENSMUSG00000121501.1	lncRNA	many-to-many	GENCODE.v47vsM2402
ENSG00000272168.11	lncRNA	ENSMUSG00000085936.10	lncRNA	one-to-many	GENCODE.v47vsM2403
ENSG00000293276.2	lncRNA	ENSMUSG00000100357.3	lncRNA	many-to-many	GENCODE.v47vsM2404
ENSG00000310382.1	lncRNA	ENSMUSG00000133899.1	lncRNA	one-to-one	GENCODE.v47vsM2405
ENSG00000271966.2	lncRNA	ENSMUSG00000127523.1	lncRNA	one-to-one	GENCODE.v47vsM2406
ENSG00000270504.2	lncRNA	ENSMUSG00000086786.3	lncRNA	one-to-one	GENCODE.v47vsM2407
ENSG00000162888.4	lncRNA	ENSMUSG00000102027.2	lncRNA	one-to-one	GENCODE.v47vsM2408
ENSG00000271860.10	lncRNA	ENSMUSG00000141017.1	lncRNA	many-to-many	GENCODE.v47vsM2409
ENSG00000239911.5	lncRNA	ENSMUSG00000043833.9	lncRNA	one-to-many	GENCODE.v47vsM2410
ENSG00000286360.2	lncRNA	ENSMUSG00000135206.1	lncRNA	many-to-many	GENCODE.v47vsM2411
ENSG00000307684.1	lncRNA	ENSMUSG00000125843.1	lncRNA	one-to-one	GENCODE.v47vsM2412
ENSG00000264254.1	lncRNA	ENSMUSG00000096988.3	lncRNA	many-to-many	GENCODE.v47vsM2413
ENSG00000258876.1	lncRNA	ENSMUSG00000103301.2	lncRNA	one-to-one	GENCODE.v47vsM2414
ENSG00000279873.3	lncRNA	ENSMUSG00000125043.1	lncRNA	one-to-many	GENCODE.v47vsM2415
ENSG00000223826.2	lncRNA	ENSMUSG00000141754.1	lncRNA	one-to-one	GENCODE.v47vsM2416
ENSG00000236404.13	lncRNA	ENSMUSG00000117692.4	lncRNA	one-to-many	GENCODE.v47vsM2417
ENSG00000297638.1	lncRNA	ENSMUSG00000120496.2	lncRNA	one-to-one	GENCODE.v47vsM2418
ENSG00000205054.10	lncRNA	ENSMUSG00000100345.3	lncRNA	one-to-many	GENCODE.v47vsM2419
ENSG00000290069.1	lncRNA	ENSMUSG00000124075.1	lncRNA	one-to-one	GENCODE.v47vsM2420
ENSG00000234222.7	lncRNA	ENSMUSG00000144138.1	lncRNA	many-to-many	GENCODE.v47vsM2421
ENSG00000269957.7	lncRNA	ENSMUSG00000128234.1	lncRNA	one-to-one	GENCODE.v47vsM2422
ENSG00000303530.1	lncRNA	ENSMUSG00000111797.2	lncRNA	one-to-one	GENCODE.v47vsM2423
ENSG00000271983.1	lncRNA	ENSMUSG00000097016.4	lncRNA	one-to-one	GENCODE.v47vsM2424
ENSG00000291193.2	lncRNA	ENSMUSG00000143681.1	lncRNA	one-to-many	GENCODE.v47vsM2425
ENSG00000257275.7	lncRNA	ENSMUSG00000136124.1	lncRNA	one-to-one	GENCODE.v47vsM2426
ENSG00000271646.2	lncRNA	ENSMUSG00000097534.6	lncRNA	one-to-one	GENCODE.v47vsM2427
ENSG00000300456.1	lncRNA	ENSMUSG00000099552.3	lncRNA	one-to-many	GENCODE.v47vsM2428
ENSG00000238282.1	lncRNA	ENSMUSG00000134717.1	lncRNA	one-to-one	GENCODE.v47vsM2429
ENSG00000297703.1	lncRNA	ENSMUSG00000140228.1	lncRNA	one-to-many	GENCODE.v47vsM2430
ENSG00000288826.2	lncRNA	ENSMUSG00000106125.2	lncRNA	one-to-one	GENCODE.v47vsM2431
ENSG00000238276.8	lncRNA	ENSMUSG00000053117.14	lncRNA	one-to-one	GENCODE.v47vsM2432
ENSG00000248474.2	lncRNA	ENSMUSG00000114294.2	lncRNA	one-to-one	GENCODE.v47vsM2433
ENSG00000272138.4	lncRNA	ENSMUSG00000124779.1	lncRNA	one-to-one	GENCODE.v47vsM2434
ENSG00000279369.1	lncRNA	ENSMUSG00000138376.1	lncRNA	one-to-many	GENCODE.v47vsM2435
ENSG00000309506.1	lncRNA	ENSMUSG00000109532.3	lncRNA	one-to-one	GENCODE.v47vsM2436
ENSG00000304909.1	lncRNA	ENSMUSG00000127449.1	lncRNA	one-to-one	GENCODE.v47vsM2437
ENSG00000303523.1	lncRNA	ENSMUSG00000140763.1	lncRNA	one-to-one	GENCODE.v47vsM2438
ENSG00000248484.2	lncRNA	ENSMUSG00000126444.1	lncRNA	one-to-one	GENCODE.v47vsM2439
ENSG00000289018.3	lncRNA	ENSMUSG00000119944.2	lncRNA	one-to-many	GENCODE.v47vsM2440
ENSG00000300663.1	lncRNA	ENSMUSG00000115001.3	lncRNA	one-to-one	GENCODE.v47vsM2441
ENSG00000307881.1	lncRNA	ENSMUSG00000130608.1	lncRNA	many-to-many	GENCODE.v47vsM2442
ENSG00000293671.1	lncRNA	ENSMUSG00000108660.3	lncRNA	one-to-many	GENCODE.v47vsM2443
ENSG00000278932.7	lncRNA	ENSMUSG00000086392.11	lncRNA	many-to-many	GENCODE.v47vsM2444
ENSG00000261971.10	lncRNA	ENSMUSG00000138739.1	lncRNA	many-to-many	GENCODE.v47vsM2445
ENSG00000232900.2	lncRNA	ENSMUSG00000085504.3	lncRNA	one-to-one	GENCODE.v47vsM2446
ENSG00000286308.2	lncRNA	ENSMUSG00000130312.1	lncRNA	one-to-one	GENCODE.v47vsM2447
ENSG00000293915.1	lncRNA	ENSMUSG00000125155.1	lncRNA	one-to-one	GENCODE.v47vsM2448
ENSG00000232973.15	lncRNA	ENSMUSG00000117616.3	lncRNA	many-to-many	GENCODE.v47vsM2449
ENSG00000290758.3	lncRNA	ENSMUSG00000127433.1	lncRNA	many-to-many	GENCODE.v47vsM2450
ENSG00000304372.1	lncRNA	ENSMUSG00000123723.1	lncRNA	one-to-one	GENCODE.v47vsM2451
ENSG00000303110.1	lncRNA	ENSMUSG00000130889.1	lncRNA	one-to-one	GENCODE.v47vsM2452
ENSG00000303418.1	lncRNA	ENSMUSG00000120035.2	lncRNA	one-to-one	GENCODE.v47vsM2453
ENSG00000185594.8	lncRNA	ENSMUSG00000137765.1	lncRNA	one-to-one	GENCODE.v47vsM2454
ENSG00000288605.1	lncRNA	ENSMUSG00000041674.18	lncRNA	one-to-many	GENCODE.v47vsM2455
ENSG00000228340.9	lncRNA	ENSMUSG00000129560.1	lncRNA	one-to-one	GENCODE.v47vsM2456
ENSG00000306355.1	lncRNA	ENSMUSG00000080727.5	lncRNA	one-to-many	GENCODE.v47vsM2457
ENSG00000245322.9	lncRNA	ENSMUSG00000105676.3	lncRNA	many-to-many	GENCODE.v47vsM2458
ENSG00000285830.1	lncRNA	ENSMUSG00000134028.1	lncRNA	one-to-many	GENCODE.v47vsM2459
ENSG00000296077.1	lncRNA	ENSMUSG00000115459.2	lncRNA	one-to-one	GENCODE.v47vsM2460
ENSG00000234859.6	lncRNA	ENSMUSG00000087581.2	lncRNA	one-to-one	GENCODE.v47vsM2461
ENSG00000248455.9	lncRNA	ENSMUSG00000103315.2	lncRNA	many-to-many	GENCODE.v47vsM2462
ENSG00000307834.1	lncRNA	ENSMUSG00000097527.5	lncRNA	one-to-one	GENCODE.v47vsM2463
ENSG00000285923.2	lncRNA	ENSMUSG00000051638.3	lncRNA	one-to-one	GENCODE.v47vsM2464
ENSG00000291052.2	lncRNA	ENSMUSG00000121375.2	lncRNA	many-to-many	GENCODE.v47vsM2465
ENSG00000255132.1	lncRNA	ENSMUSG00000128715.1	lncRNA	one-to-many	GENCODE.v47vsM2466
ENSG00000256268.4	lncRNA	ENSMUSG00000103213.2	lncRNA	one-to-one	GENCODE.v47vsM2467
ENSG00000238197.9	lncRNA	ENSMUSG00000087354.4	lncRNA	one-to-one	GENCODE.v47vsM2468
ENSG00000238260.4	lncRNA	ENSMUSG00000137564.1	lncRNA	one-to-one	GENCODE.v47vsM2469
ENSG00000289262.2	lncRNA	ENSMUSG00000133174.1	lncRNA	one-to-one	GENCODE.v47vsM2470
ENSG00000260233.5	lncRNA	ENSMUSG00000089766.4	lncRNA	one-to-many	GENCODE.v47vsM2471
ENSG00000220256.5	lncRNA	ENSMUSG00000120000.2	lncRNA	one-to-one	GENCODE.v47vsM2472
ENSG00000296918.1	lncRNA	ENSMUSG00000120667.2	lncRNA	one-to-one	GENCODE.v47vsM2473
ENSG00000235706.10	lncRNA	ENSMUSG00000120051.2	lncRNA	one-to-one	GENCODE.v47vsM2474
ENSG00000296019.1	lncRNA	ENSMUSG00000135453.1	lncRNA	one-to-many	GENCODE.v47vsM2475
ENSG00000279954.2	lncRNA	ENSMUSG00000137143.1	lncRNA	one-to-many	GENCODE.v47vsM2476
ENSG00000295164.1	lncRNA	ENSMUSG00000086594.4	lncRNA	one-to-one	GENCODE.v47vsM2477
ENSG00000306389.1	lncRNA	ENSMUSG00000127106.1	lncRNA	one-to-one	GENCODE.v47vsM2478
ENSG00000297740.1	lncRNA	ENSMUSG00000143461.1	lncRNA	one-to-half	GENCODE.v47vsM2479
ENSG00000299339.1	lncRNA	ENSMUSG00000085498.4	lncRNA	one-to-one	GENCODE.v47vsM2480
ENSG00000305652.1	lncRNA	ENSMUSG00000085589.8	lncRNA	one-to-half	GENCODE.v47vsM2481
ENSG00000286277.2	lncRNA	ENSMUSG00000132491.1	lncRNA	one-to-one	GENCODE.v47vsM2482
ENSG00000235997.5	lncRNA	ENSMUSG00000120305.2	lncRNA	one-to-one	GENCODE.v47vsM2483
ENSG00000259097.4	lncRNA	ENSMUSG00000086060.3	lncRNA	one-to-one	GENCODE.v47vsM2484
ENSG00000289586.3	lncRNA	ENSMUSG00000107194.3	lncRNA	one-to-many	GENCODE.v47vsM2485
ENSG00000290104.2	lncRNA	ENSMUSG00000105646.4	lncRNA	one-to-one	GENCODE.v47vsM2486
ENSG00000293813.1	lncRNA	ENSMUSG00000113584.3	lncRNA	one-to-one	GENCODE.v47vsM2487
ENSG00000272975.3	lncRNA	ENSMUSG00000085348.3	lncRNA	one-to-many	GENCODE.v47vsM2488
ENSG00000306179.1	lncRNA	ENSMUSG00000120768.2	lncRNA	one-to-one	GENCODE.v47vsM2489
ENSG00000307397.1	lncRNA	ENSMUSG00000112014.2	lncRNA	one-to-one	GENCODE.v47vsM2490
ENSG00000289989.2	lncRNA	ENSMUSG00000090622.2	lncRNA	one-to-one	GENCODE.v47vsM2491
ENSG00000295195.1	lncRNA	ENSMUSG00000120870.2	lncRNA	one-to-one	GENCODE.v47vsM2492
ENSG00000310508.1	lncRNA	ENSMUSG00000125175.1	lncRNA	many-to-many	GENCODE.v47vsM2493
ENSG00000289333.2	lncRNA	ENSMUSG00000124783.1	lncRNA	one-to-one	GENCODE.v47vsM2494
ENSG00000224577.5	lncRNA	ENSMUSG00000100303.6	lncRNA	one-to-many	GENCODE.v47vsM2495
ENSG00000273143.3	lncRNA	ENSMUSG00000097636.11	lncRNA	one-to-many	GENCODE.v47vsM2496
ENSG00000301172.1	lncRNA	ENSMUSG00000136997.1	lncRNA	one-to-one	GENCODE.v47vsM2497
ENSG00000236756.5	lncRNA	ENSMUSG00000084942.3	lncRNA	one-to-one	GENCODE.v47vsM2498
ENSG00000279879.1	lncRNA	ENSMUSG00000122982.1	lncRNA	one-to-many	GENCODE.v47vsM2499
ENSG00000298251.1	lncRNA	ENSMUSG00000114270.3	lncRNA	one-to-many	GENCODE.v47vsM2500
ENSG00000293360.1	lncRNA	ENSMUSG00000140910.1	lncRNA	many-to-many	GENCODE.v47vsM2501
ENSG00000248464.1	lncRNA	ENSMUSG00000086709.2	lncRNA	one-to-one	GENCODE.v47vsM2502
ENSG00000295838.1	lncRNA	ENSMUSG00000047935.20	lncRNA	one-to-many	GENCODE.v47vsM2503
ENSG00000308585.1	lncRNA	ENSMUSG00000120292.2	lncRNA	one-to-one	GENCODE.v47vsM2504
ENSG00000230534.6	lncRNA	ENSMUSG00000097746.3	lncRNA	one-to-many	GENCODE.v47vsM2505
ENSG00000268518.2	lncRNA	ENSMUSG00000108322.5	lncRNA	one-to-one	GENCODE.v47vsM2506
ENSG00000303318.1	lncRNA	ENSMUSG00000111052.3	lncRNA	one-to-one	GENCODE.v47vsM2507
ENSG00000276957.2	lncRNA	ENSMUSG00000120105.2	lncRNA	one-to-one	GENCODE.v47vsM2508
ENSG00000293508.2	lncRNA	ENSMUSG00000132358.1	lncRNA	many-to-many	GENCODE.v47vsM2509
ENSG00000309588.1	lncRNA	ENSMUSG00000099343.3	lncRNA	one-to-many	GENCODE.v47vsM2510
ENSG00000260455.3	lncRNA	ENSMUSG00000141722.1	lncRNA	many-to-many	GENCODE.v47vsM2511
ENSG00000290971.2	lncRNA	ENSMUSG00000121456.2	lncRNA	many-to-many	GENCODE.v47vsM2512
ENSG00000248540.4	lncRNA	ENSMUSG00000121691.1	lncRNA	one-to-many	GENCODE.v47vsM2513
ENSG00000297950.1	lncRNA	ENSMUSG00000129588.1	lncRNA	one-to-one	GENCODE.v47vsM2514
ENSG00000293110.2	lncRNA	ENSMUSG00000126072.1	lncRNA	many-to-many	GENCODE.v47vsM2515
ENSG00000272763.2	lncRNA	ENSMUSG00000078706.7	lncRNA	one-to-many	GENCODE.v47vsM2516
ENSG00000303344.1	lncRNA	ENSMUSG00000112132.3	lncRNA	one-to-many	GENCODE.v47vsM2517
ENSG00000289481.3	lncRNA	ENSMUSG00000120128.2	lncRNA	one-to-one	GENCODE.v47vsM2518
ENSG00000250448.2	lncRNA	ENSMUSG00000135776.1	lncRNA	one-to-one	GENCODE.v47vsM2519
ENSG00000287581.1	lncRNA	ENSMUSG00000115641.2	lncRNA	one-to-many	GENCODE.v47vsM2520
ENSG00000310490.1	lncRNA	ENSMUSG00000107997.2	lncRNA	many-to-many	GENCODE.v47vsM2521
ENSG00000244479.8	lncRNA	ENSMUSG00000108190.3	lncRNA	many-to-many	GENCODE.v47vsM2522
ENSG00000235200.6	lncRNA	ENSMUSG00000107799.4	lncRNA	one-to-one	GENCODE.v47vsM2523
ENSG00000300488.1	lncRNA	ENSMUSG00000085792.3	lncRNA	one-to-one	GENCODE.v47vsM2524
ENSG00000260273.3	lncRNA	ENSMUSG00000134088.1	lncRNA	one-to-one	GENCODE.v47vsM2525
ENSG00000297748.1	lncRNA	ENSMUSG00000124108.1	lncRNA	one-to-one	GENCODE.v47vsM2526
ENSG00000310469.1	lncRNA	ENSMUSG00000125282.1	lncRNA	many-to-many	GENCODE.v47vsM2527
ENSG00000299558.1	lncRNA	ENSMUSG00000113669.4	lncRNA	one-to-many	GENCODE.v47vsM2528
ENSG00000287659.2	lncRNA	ENSMUSG00000142709.1	lncRNA	one-to-many	GENCODE.v47vsM2529
ENSG00000236013.9	lncRNA	ENSMUSG00000101969.4	lncRNA	one-to-one	GENCODE.v47vsM2530
ENSG00000280587.4	lncRNA	ENSMUSG00000110697.4	lncRNA	one-to-many	GENCODE.v47vsM2531
ENSG00000253181.3	lncRNA	ENSMUSG00000130201.1	lncRNA	one-to-many	GENCODE.v47vsM2532
ENSG00000259763.2	lncRNA	ENSMUSG00000108869.2	lncRNA	one-to-one	GENCODE.v47vsM2533
ENSG00000301120.1	lncRNA	ENSMUSG00000124099.1	lncRNA	one-to-one	GENCODE.v47vsM2534
ENSG00000293154.2	lncRNA	ENSMUSG00000087017.9	lncRNA	many-to-many	GENCODE.v47vsM2535
ENSG00000275457.2	lncRNA	ENSMUSG00000127403.1	lncRNA	one-to-one	GENCODE.v47vsM2536
ENSG00000248367.3	lncRNA	ENSMUSG00000138263.1	lncRNA	one-to-many	GENCODE.v47vsM2537
ENSG00000230424.4	lncRNA	ENSMUSG00000120907.2	lncRNA	one-to-one	GENCODE.v47vsM2538
ENSG00000253824.3	lncRNA	ENSMUSG00000115715.3	lncRNA	one-to-one	GENCODE.v47vsM2539
ENSG00000258752.3	lncRNA	ENSMUSG00000033731.12	lncRNA	one-to-many	GENCODE.v47vsM2540
ENSG00000289225.3	lncRNA	ENSMUSG00000131217.1	lncRNA	one-to-many	GENCODE.v47vsM2541
ENSG00000238063.4	lncRNA	ENSMUSG00000143721.1	lncRNA	one-to-many	GENCODE.v47vsM2542
ENSG00000248708.3	lncRNA	ENSMUSG00000140529.1	lncRNA	one-to-half	GENCODE.v47vsM2543
ENSG00000291180.2	lncRNA	ENSMUSG00000123521.1	lncRNA	many-to-many	GENCODE.v47vsM2544
ENSG00000303239.1	lncRNA	ENSMUSG00000107087.3	lncRNA	one-to-one	GENCODE.v47vsM2545
ENSG00000306067.1	lncRNA	ENSMUSG00000086531.4	lncRNA	one-to-one	GENCODE.v47vsM2546
ENSG00000286746.2	lncRNA	ENSMUSG00000130384.1	lncRNA	one-to-many	GENCODE.v47vsM2547
ENSG00000307228.1	lncRNA	ENSMUSG00000086839.9	lncRNA	many-to-many	GENCODE.v47vsM2548
ENSG00000226853.6	lncRNA	ENSMUSG00000087176.3	lncRNA	one-to-one	GENCODE.v47vsM2549
ENSG00000303982.1	lncRNA	ENSMUSG00000123946.1	lncRNA	one-to-one	GENCODE.v47vsM2550
ENSG00000239454.1	lncRNA	ENSMUSG00000107579.3	lncRNA	one-to-one	GENCODE.v47vsM2551
ENSG00000286286.4	lncRNA	ENSMUSG00000107132.3	lncRNA	one-to-many	GENCODE.v47vsM2552
ENSG00000302701.1	lncRNA	ENSMUSG00000136587.1	lncRNA	one-to-one	GENCODE.v47vsM2553
ENSG00000302221.1	lncRNA	ENSMUSG00000131356.1	lncRNA	many-to-many	GENCODE.v47vsM2554
ENSG00000289936.2	lncRNA	ENSMUSG00000135834.1	lncRNA	one-to-many	GENCODE.v47vsM2555
ENSG00000309931.1	lncRNA	ENSMUSG00000116772.4	lncRNA	many-to-many	GENCODE.v47vsM2556
ENSG00000225963.9	lncRNA	ENSMUSG00000091199.12	lncRNA	many-to-many	GENCODE.v47vsM2557
ENSG00000258057.7	lncRNA	ENSMUSG00000143810.1	lncRNA	one-to-one	GENCODE.v47vsM2558
ENSG00000273063.1	lncRNA	ENSMUSG00000120289.2	lncRNA	one-to-one	GENCODE.v47vsM2559
ENSG00000261235.2	lncRNA	ENSMUSG00000110494.3	lncRNA	one-to-many	GENCODE.v47vsM2560
ENSG00000249521.2	lncRNA	ENSMUSG00000102303.2	lncRNA	one-to-one	GENCODE.v47vsM2561
ENSG00000227214.3	lncRNA	ENSMUSG00000124229.1	lncRNA	one-to-one	GENCODE.v47vsM2562
ENSG00000305643.1	lncRNA	ENSMUSG00000120042.2	lncRNA	one-to-many	GENCODE.v47vsM2563
ENSG00000287225.2	lncRNA	ENSMUSG00000122891.1	lncRNA	one-to-one	GENCODE.v47vsM2564
ENSG00000288944.2	lncRNA	ENSMUSG00000106783.4	lncRNA	one-to-one	GENCODE.v47vsM2565
ENSG00000225731.2	lncRNA	ENSMUSG00000118081.2	lncRNA	one-to-half	GENCODE.v47vsM2566
ENSG00000287441.2	lncRNA	ENSMUSG00000102892.2	lncRNA	one-to-one	GENCODE.v47vsM2567
ENSG00000304782.1	lncRNA	ENSMUSG00000141817.1	lncRNA	one-to-one	GENCODE.v47vsM2568
ENSG00000224187.2	lncRNA	ENSMUSG00000121816.2	lncRNA	one-to-many	GENCODE.v47vsM2569
ENSG00000236778.10	lncRNA	ENSMUSG00000130632.1	lncRNA	many-to-many	GENCODE.v47vsM2570
ENSG00000307240.1	lncRNA	ENSMUSG00000139212.1	lncRNA	one-to-many	GENCODE.v47vsM2571
ENSG00000204117.3	lncRNA	ENSMUSG00000135163.1	lncRNA	one-to-one	GENCODE.v47vsM2572
ENSG00000254485.5	lncRNA	ENSMUSG00000127324.1	lncRNA	many-to-many	GENCODE.v47vsM2573
ENSG00000286583.1	lncRNA	ENSMUSG00000118311.3	lncRNA	one-to-one	GENCODE.v47vsM2574
ENSG00000302265.1	lncRNA	ENSMUSG00000086742.11	lncRNA	one-to-many	GENCODE.v47vsM2575
ENSG00000298291.1	lncRNA	ENSMUSG00000139237.1	lncRNA	many-to-many	GENCODE.v47vsM2576
ENSG00000305473.1	lncRNA	ENSMUSG00000134532.1	lncRNA	one-to-one	GENCODE.v47vsM2577
ENSG00000248980.1	lncRNA	ENSMUSG00000142294.1	lncRNA	many-to-many	GENCODE.v47vsM2578
ENSG00000294943.1	lncRNA	ENSMUSG00000074219.5	lncRNA	one-to-many	GENCODE.v47vsM2579
ENSG00000258077.3	lncRNA	ENSMUSG00000102180.2	lncRNA	many-to-many	GENCODE.v47vsM2580
ENSG00000299210.1	lncRNA	ENSMUSG00000132252.1	lncRNA	one-to-half	GENCODE.v47vsM2581
ENSG00000293271.2	lncRNA	ENSMUSG00000139451.1	lncRNA	one-to-many	GENCODE.v47vsM2582
ENSG00000249307.9	lncRNA	ENSMUSG00000104717.3	lncRNA	one-to-many	GENCODE.v47vsM2583
ENSG00000258874.2	lncRNA	ENSMUSG00000103136.2	lncRNA	one-to-one	GENCODE.v47vsM2584
ENSG00000257252.8	lncRNA	ENSMUSG00000144172.1	lncRNA	many-to-many	GENCODE.v47vsM2585
ENSG00000230423.4	lncRNA	ENSMUSG00000099690.2	lncRNA	many-to-many	GENCODE.v47vsM2586
ENSG00000203498.3	lncRNA	ENSMUSG00000124192.1	lncRNA	one-to-one	GENCODE.v47vsM2587
ENSG00000253645.1	lncRNA	ENSMUSG00000086289.4	lncRNA	one-to-one	GENCODE.v47vsM2588
ENSG00000229155.3	lncRNA	ENSMUSG00000132595.1	lncRNA	one-to-one	GENCODE.v47vsM2589
ENSG00000230426.6	lncRNA	ENSMUSG00000101011.9	lncRNA	one-to-many	GENCODE.v47vsM2590
ENSG00000293223.1	lncRNA	ENSMUSG00000137507.1	lncRNA	many-to-many	GENCODE.v47vsM2591
ENSG00000303319.1	lncRNA	ENSMUSG00000107538.3	lncRNA	one-to-one	GENCODE.v47vsM2592
ENSG00000261215.1	lncRNA	ENSMUSG00000142442.1	lncRNA	many-to-many	GENCODE.v47vsM2593
ENSG00000277182.3	lncRNA	ENSMUSG00000124591.1	lncRNA	one-to-one	GENCODE.v47vsM2594
ENSG00000241832.2	lncRNA	ENSMUSG00000107580.2	lncRNA	one-to-many	GENCODE.v47vsM2595
ENSG00000297670.1	lncRNA	ENSMUSG00000122294.1	lncRNA	one-to-one	GENCODE.v47vsM2596
ENSG00000236502.4	lncRNA	ENSMUSG00000099635.2	lncRNA	one-to-one	GENCODE.v47vsM2597
ENSG00000261670.1	lncRNA	ENSMUSG00000134786.1	lncRNA	one-to-half	GENCODE.v47vsM2598
ENSG00000304153.1	lncRNA	ENSMUSG00000136560.1	lncRNA	one-to-one	GENCODE.v47vsM2599
ENSG00000269210.4	lncRNA	ENSMUSG00000066938.4	lncRNA	one-to-one	GENCODE.v47vsM2600
ENSG00000265142.9	lncRNA	ENSMUSG00000135645.1	lncRNA	many-to-many	GENCODE.v47vsM2601
ENSG00000259345.8	lncRNA	ENSMUSG00000101394.2	lncRNA	many-to-many	GENCODE.v47vsM2602
ENSG00000223768.5	lncRNA	ENSMUSG00000141902.1	lncRNA	many-to-many	GENCODE.v47vsM2603
ENSG00000231934.3	lncRNA	ENSMUSG00000101356.4	lncRNA	many-to-many	GENCODE.v47vsM2604
ENSG00000293643.1	lncRNA	ENSMUSG00000106943.5	lncRNA	many-to-many	GENCODE.v47vsM2605
ENSG00000226281.7	lncRNA	ENSMUSG00000141742.1	lncRNA	one-to-many	GENCODE.v47vsM2606
ENSG00000288823.2	lncRNA	ENSMUSG00000097577.5	lncRNA	many-to-many	GENCODE.v47vsM2607
ENSG00000255300.6	lncRNA	ENSMUSG00000104258.2	lncRNA	one-to-one	GENCODE.v47vsM2608
ENSG00000230623.9	lncRNA	ENSMUSG00000104366.3	lncRNA	many-to-many	GENCODE.v47vsM2609
ENSG00000230590.13	lncRNA	ENSMUSG00000086370.12	lncRNA	many-to-many	GENCODE.v47vsM2610
ENSG00000290008.2	lncRNA	ENSMUSG00000097217.4	lncRNA	one-to-half	GENCODE.v47vsM2611
ENSG00000301685.1	lncRNA	ENSMUSG00000137365.1	lncRNA	one-to-half	GENCODE.v47vsM2612
ENSG00000300045.1	lncRNA	ENSMUSG00000134275.1	lncRNA	one-to-one	GENCODE.v47vsM2613
ENSG00000245498.8	lncRNA	ENSMUSG00000143455.1	lncRNA	one-to-one	GENCODE.v47vsM2614
ENSG00000232560.8	lncRNA	ENSMUSG00000123682.1	lncRNA	one-to-many	GENCODE.v47vsM2615
ENSG00000287008.1	lncRNA	ENSMUSG00000144080.1	lncRNA	one-to-many	GENCODE.v47vsM2616
ENSG00000241048.2	lncRNA	ENSMUSG00000100666.3	lncRNA	one-to-one	GENCODE.v47vsM2617
ENSG00000287917.4	lncRNA	ENSMUSG00000136438.1	lncRNA	one-to-half	GENCODE.v47vsM2618
ENSG00000289835.2	lncRNA	ENSMUSG00000132201.1	lncRNA	one-to-one	GENCODE.v47vsM2619
ENSG00000309800.1	lncRNA	ENSMUSG00000141373.1	lncRNA	one-to-one	GENCODE.v47vsM2620
ENSG00000270071.6	lncRNA	ENSMUSG00000131858.1	lncRNA	one-to-many	GENCODE.v47vsM2621
ENSG00000288596.3	lncRNA	ENSMUSG00000097893.11	lncRNA	one-to-many	GENCODE.v47vsM2622
ENSG00000297666.1	lncRNA	ENSMUSG00000136711.1	lncRNA	one-to-one	GENCODE.v47vsM2623
ENSG00000287889.2	lncRNA	ENSMUSG00000101356.4	lncRNA	many-to-many	GENCODE.v47vsM2624
ENSG00000300154.1	lncRNA	ENSMUSG00000141292.1	lncRNA	one-to-one	GENCODE.v47vsM2625
ENSG00000293683.2	lncRNA	ENSMUSG00000085626.2	lncRNA	one-to-one	GENCODE.v47vsM2626
ENSG00000297377.1	lncRNA	ENSMUSG00000110823.3	lncRNA	one-to-one	GENCODE.v47vsM2627
ENSG00000229649.2	lncRNA	ENSMUSG00000100417.5	lncRNA	one-to-many	GENCODE.v47vsM2628
ENSG00000250751.2	lncRNA	ENSMUSG00000101258.3	lncRNA	one-to-one	GENCODE.v47vsM2629
ENSG00000254231.4	lncRNA	ENSMUSG00000136749.1	lncRNA	one-to-one	GENCODE.v47vsM2630
ENSG00000297150.1	lncRNA	ENSMUSG00000054909.13	lncRNA	one-to-many	GENCODE.v47vsM2631
ENSG00000235848.4	lncRNA	ENSMUSG00000138710.1	lncRNA	one-to-one	GENCODE.v47vsM2632
ENSG00000257285.8	lncRNA	ENSMUSG00000134013.1	lncRNA	one-to-one	GENCODE.v47vsM2633
ENSG00000261090.3	lncRNA	ENSMUSG00000108409.3	lncRNA	one-to-one	GENCODE.v47vsM2634
ENSG00000248587.9	lncRNA	ENSMUSG00000142480.1	lncRNA	one-to-many	GENCODE.v47vsM2635
ENSG00000302700.1	lncRNA	ENSMUSG00000126024.1	lncRNA	one-to-one	GENCODE.v47vsM2636
ENSG00000260990.2	lncRNA	ENSMUSG00000104111.3	lncRNA	one-to-one	GENCODE.v47vsM2637
ENSG00000229607.2	lncRNA	ENSMUSG00000133516.1	lncRNA	one-to-one	GENCODE.v47vsM2638
ENSG00000259320.3	lncRNA	ENSMUSG00000143427.1	lncRNA	one-to-one	GENCODE.v47vsM2639
ENSG00000204814.5	lncRNA	ENSMUSG00000123521.1	lncRNA	many-to-many	GENCODE.v47vsM2640
ENSG00000245870.6	lncRNA	ENSMUSG00000120155.2	lncRNA	one-to-many	GENCODE.v47vsM2641
ENSG00000237938.5	lncRNA	ENSMUSG00000124676.1	lncRNA	one-to-many	GENCODE.v47vsM2642
ENSG00000253925.2	lncRNA	ENSMUSG00000137424.1	lncRNA	one-to-many	GENCODE.v47vsM2643
ENSG00000259495.4	lncRNA	ENSMUSG00000129878.1	lncRNA	one-to-one	GENCODE.v47vsM2644
ENSG00000279019.1	lncRNA	ENSMUSG00000124188.1	lncRNA	one-to-one	GENCODE.v47vsM2645
ENSG00000230074.6	lncRNA	ENSMUSG00000121464.2	lncRNA	many-to-many	GENCODE.v47vsM2646
ENSG00000255958.1	lncRNA	ENSMUSG00000097675.5	lncRNA	one-to-many	GENCODE.v47vsM2647
ENSG00000304136.1	lncRNA	ENSMUSG00000120278.2	lncRNA	one-to-one	GENCODE.v47vsM2648
ENSG00000289404.3	lncRNA	ENSMUSG00000120082.2	lncRNA	one-to-one	GENCODE.v47vsM2649
ENSG00000258678.3	lncRNA	ENSMUSG00000113362.2	lncRNA	one-to-one	GENCODE.v47vsM2650
ENSG00000303460.1	lncRNA	ENSMUSG00000125418.1	lncRNA	one-to-one	GENCODE.v47vsM2651
ENSG00000283053.1	lncRNA	ENSMUSG00000094707.5	lncRNA	one-to-one	GENCODE.v47vsM2652
ENSG00000259241.1	lncRNA	ENSMUSG00000102176.2	lncRNA	one-to-one	GENCODE.v47vsM2653
ENSG00000283010.2	lncRNA	ENSMUSG00000107859.3	lncRNA	one-to-one	GENCODE.v47vsM2654
ENSG00000305109.1	lncRNA	ENSMUSG00000129227.1	lncRNA	one-to-one	GENCODE.v47vsM2655
ENSG00000300258.1	lncRNA	ENSMUSG00000109052.3	lncRNA	one-to-one	GENCODE.v47vsM2656
ENSG00000293394.2	lncRNA	ENSMUSG00000099854.2	lncRNA	many-to-many	GENCODE.v47vsM2657
ENSG00000232788.3	lncRNA	ENSMUSG00000140697.1	lncRNA	one-to-one	GENCODE.v47vsM2658
ENSG00000305742.1	lncRNA	ENSMUSG00000124978.1	lncRNA	one-to-one	GENCODE.v47vsM2659
ENSG00000284641.1	lncRNA	ENSMUSG00000141554.1	lncRNA	one-to-one	GENCODE.v47vsM2660
ENSG00000286024.4	lncRNA	ENSMUSG00000109644.4	lncRNA	one-to-one	GENCODE.v47vsM2661
ENSG00000234132.3	lncRNA	ENSMUSG00000086264.12	lncRNA	one-to-many	GENCODE.v47vsM2662
ENSG00000254003.2	lncRNA	ENSMUSG00000105068.3	lncRNA	one-to-many	GENCODE.v47vsM2663
ENSG00000305635.1	lncRNA	ENSMUSG00000110350.2	lncRNA	one-to-many	GENCODE.v47vsM2664
ENSG00000295415.1	lncRNA	ENSMUSG00000110211.3	lncRNA	one-to-one	GENCODE.v47vsM2665
ENSG00000244968.8	lncRNA	ENSMUSG00000125885.1	lncRNA	one-to-one	GENCODE.v47vsM2666
ENSG00000287156.2	lncRNA	ENSMUSG00000141035.1	lncRNA	one-to-many	GENCODE.v47vsM2667
ENSG00000267617.3	lncRNA	ENSMUSG00000101153.3	lncRNA	one-to-many	GENCODE.v47vsM2668
ENSG00000245694.13	lncRNA	ENSMUSG00000031736.14	lncRNA	one-to-many	GENCODE.v47vsM2669
ENSG00000234104.2	lncRNA	ENSMUSG00000141031.1	lncRNA	one-to-one	GENCODE.v47vsM2670
ENSG00000309598.1	lncRNA	ENSMUSG00000124286.1	lncRNA	one-to-one	GENCODE.v47vsM2671
ENSG00000272853.3	lncRNA	ENSMUSG00000085043.3	lncRNA	one-to-one	GENCODE.v47vsM2672
ENSG00000291109.2	lncRNA	ENSMUSG00000141557.1	lncRNA	many-to-many	GENCODE.v47vsM2673
ENSG00000299149.1	lncRNA	ENSMUSG00000109838.3	lncRNA	one-to-one	GENCODE.v47vsM2674
ENSG00000303446.1	lncRNA	ENSMUSG00000100760.3	lncRNA	one-to-many	GENCODE.v47vsM2675
ENSG00000249898.11	lncRNA	ENSMUSG00000120062.2	lncRNA	one-to-half	GENCODE.v47vsM2676
ENSG00000288043.2	lncRNA	ENSMUSG00000124942.1	lncRNA	one-to-many	GENCODE.v47vsM2677
ENSG00000309689.1	lncRNA	ENSMUSG00000114509.3	lncRNA	one-to-one	GENCODE.v47vsM2678
ENSG00000286369.3	lncRNA	ENSMUSG00000118249.3	lncRNA	one-to-one	GENCODE.v47vsM2679
ENSG00000254635.7	lncRNA	ENSMUSG00000117505.2	lncRNA	one-to-one	GENCODE.v47vsM2680
ENSG00000309012.1	lncRNA	ENSMUSG00000092539.5	lncRNA	one-to-one	GENCODE.v47vsM2681
ENSG00000289387.2	lncRNA	ENSMUSG00000111524.3	lncRNA	one-to-one	GENCODE.v47vsM2682
ENSG00000307831.1	lncRNA	ENSMUSG00000087120.4	lncRNA	one-to-many	GENCODE.v47vsM2683
ENSG00000304965.1	lncRNA	ENSMUSG00000132318.1	lncRNA	one-to-one	GENCODE.v47vsM2684
ENSG00000296461.1	lncRNA	ENSMUSG00000142345.1	lncRNA	one-to-one	GENCODE.v47vsM2685
ENSG00000246250.4	lncRNA	ENSMUSG00000123222.1	lncRNA	one-to-one	GENCODE.v47vsM2686
ENSG00000241457.1	lncRNA	ENSMUSG00000120249.2	lncRNA	one-to-one	GENCODE.v47vsM2687
ENSG00000254186.4	lncRNA	ENSMUSG00000134055.1	lncRNA	one-to-many	GENCODE.v47vsM2688
ENSG00000300499.1	lncRNA	ENSMUSG00000139851.1	lncRNA	one-to-one	GENCODE.v47vsM2689
ENSG00000244879.11	lncRNA	ENSMUSG00000098024.4	lncRNA	one-to-one	GENCODE.v47vsM2690
ENSG00000264769.1	lncRNA	ENSMUSG00000128289.1	lncRNA	one-to-many	GENCODE.v47vsM2691
ENSG00000278957.1	lncRNA	ENSMUSG00000093460.12	lncRNA	one-to-many	GENCODE.v47vsM2692
ENSG00000307060.1	lncRNA	ENSMUSG00000097827.3	lncRNA	one-to-many	GENCODE.v47vsM2693
ENSG00000305441.1	lncRNA	ENSMUSG00000074912.13	lncRNA	one-to-one	GENCODE.v47vsM2694
ENSG00000306870.1	lncRNA	ENSMUSG00000109698.3	lncRNA	one-to-one	GENCODE.v47vsM2695
ENSG00000309773.1	lncRNA	ENSMUSG00000135076.1	lncRNA	one-to-one	GENCODE.v47vsM2696
ENSG00000288879.3	lncRNA	ENSMUSG00000116657.2	lncRNA	one-to-one	GENCODE.v47vsM2697
ENSG00000304945.1	lncRNA	ENSMUSG00000119968.2	lncRNA	one-to-many	GENCODE.v47vsM2698
ENSG00000307699.1	lncRNA	ENSMUSG00000141411.1	lncRNA	one-to-one	GENCODE.v47vsM2699
ENSG00000288728.3	lncRNA	ENSMUSG00000120635.2	lncRNA	one-to-one	GENCODE.v47vsM2700
ENSG00000253515.3	lncRNA	ENSMUSG00000117457.3	lncRNA	one-to-one	GENCODE.v47vsM2701
ENSG00000266010.5	lncRNA	ENSMUSG00000097222.5	lncRNA	one-to-one	GENCODE.v47vsM2702
ENSG00000304698.1	lncRNA	ENSMUSG00000122783.1	lncRNA	one-to-one	GENCODE.v47vsM2703
ENSG00000272463.3	lncRNA	ENSMUSG00000132886.1	lncRNA	one-to-one	GENCODE.v47vsM2704
ENSG00000245937.11	lncRNA	ENSMUSG00000118391.3	lncRNA	one-to-one	GENCODE.v47vsM2705
ENSG00000278916.2	lncRNA	ENSMUSG00000097164.5	lncRNA	one-to-one	GENCODE.v47vsM2706
ENSG00000234899.12	lncRNA	ENSMUSG00000041674.18	lncRNA	one-to-many	GENCODE.v47vsM2707
ENSG00000297732.1	lncRNA	ENSMUSG00000132127.1	lncRNA	many-to-many	GENCODE.v47vsM2708
ENSG00000304036.1	lncRNA	ENSMUSG00000120400.2	lncRNA	one-to-many	GENCODE.v47vsM2709
ENSG00000288048.1	lncRNA	ENSMUSG00000125024.1	lncRNA	one-to-one	GENCODE.v47vsM2710
ENSG00000253686.3	lncRNA	ENSMUSG00000085772.10	lncRNA	one-to-many	GENCODE.v47vsM2711
ENSG00000299244.1	lncRNA	ENSMUSG00000107960.3	lncRNA	many-to-many	GENCODE.v47vsM2712
ENSG00000229896.2	lncRNA	ENSMUSG00000100071.3	lncRNA	one-to-many	GENCODE.v47vsM2713
ENSG00000310215.1	lncRNA	ENSMUSG00000134845.1	lncRNA	one-to-one	GENCODE.v47vsM2714
ENSG00000264575.2	lncRNA	ENSMUSG00000124784.1	lncRNA	one-to-many	GENCODE.v47vsM2715
ENSG00000229066.3	lncRNA	ENSMUSG00000099502.3	lncRNA	one-to-one	GENCODE.v47vsM2716
ENSG00000298716.1	lncRNA	ENSMUSG00000135515.1	lncRNA	one-to-many	GENCODE.v47vsM2717
ENSG00000272691.2	lncRNA	ENSMUSG00000097183.5	lncRNA	one-to-many	GENCODE.v47vsM2718
ENSG00000267128.3	lncRNA	ENSMUSG00000124059.1	lncRNA	one-to-one	GENCODE.v47vsM2719
ENSG00000307042.1	lncRNA	ENSMUSG00000135740.1	lncRNA	one-to-one	GENCODE.v47vsM2720
ENSG00000310431.1	lncRNA	ENSMUSG00000128422.1	lncRNA	one-to-many	GENCODE.v47vsM2721
ENSG00000270049.5	lncRNA	ENSMUSG00000104168.4	lncRNA	one-to-one	GENCODE.v47vsM2722
ENSG00000303292.1	lncRNA	ENSMUSG00000093744.3	lncRNA	one-to-one	GENCODE.v47vsM2723
ENSG00000262372.1	lncRNA	ENSMUSG00000131863.1	lncRNA	one-to-one	GENCODE.v47vsM2724
ENSG00000226956.2	lncRNA	ENSMUSG00000116539.2	lncRNA	one-to-one	GENCODE.v47vsM2725
ENSG00000231427.7	lncRNA	ENSMUSG00000104323.2	lncRNA	many-to-many	GENCODE.v47vsM2726
ENSG00000303745.1	lncRNA	ENSMUSG00000118008.3	lncRNA	one-to-many	GENCODE.v47vsM2727
ENSG00000305461.1	lncRNA	ENSMUSG00000087332.4	lncRNA	one-to-many	GENCODE.v47vsM2728
ENSG00000302547.1	lncRNA	ENSMUSG00000139913.1	lncRNA	one-to-many	GENCODE.v47vsM2729
ENSG00000287763.2	lncRNA	ENSMUSG00000114963.3	lncRNA	one-to-many	GENCODE.v47vsM2730
ENSG00000232104.6	lncRNA	ENSMUSG00000101084.2	lncRNA	one-to-many	GENCODE.v47vsM2731
ENSG00000306846.1	lncRNA	ENSMUSG00000107396.4	lncRNA	one-to-one	GENCODE.v47vsM2732
ENSG00000307306.1	lncRNA	ENSMUSG00000130593.1	lncRNA	one-to-one	GENCODE.v47vsM2733
ENSG00000290568.2	lncRNA	ENSMUSG00000121336.2	lncRNA	many-to-many	GENCODE.v47vsM2734
ENSG00000245849.9	lncRNA	ENSMUSG00000121216.2	lncRNA	one-to-one	GENCODE.v47vsM2735
ENSG00000309565.1	lncRNA	ENSMUSG00000135130.1	lncRNA	one-to-one	GENCODE.v47vsM2736
ENSG00000288842.2	lncRNA	ENSMUSG00000078444.5	lncRNA	one-to-many	GENCODE.v47vsM2737
ENSG00000307101.1	lncRNA	ENSMUSG00000131388.1	lncRNA	one-to-one	GENCODE.v47vsM2738
ENSG00000250343.2	lncRNA	ENSMUSG00000117792.3	lncRNA	one-to-many	GENCODE.v47vsM2739
ENSG00000261976.3	lncRNA	ENSMUSG00000133876.1	lncRNA	one-to-one	GENCODE.v47vsM2740
ENSG00000310508.1	lncRNA	ENSMUSG00000092365.4	lncRNA	many-to-many	GENCODE.v47vsM2741
ENSG00000255618.3	lncRNA	ENSMUSG00000107237.3	lncRNA	one-to-one	GENCODE.v47vsM2742
ENSG00000304106.1	lncRNA	ENSMUSG00000139388.1	lncRNA	one-to-one	GENCODE.v47vsM2743
ENSG00000257449.2	lncRNA	ENSMUSG00000097372.3	lncRNA	one-to-one	GENCODE.v47vsM2744
ENSG00000298460.1	lncRNA	ENSMUSG00000130316.1	lncRNA	one-to-many	GENCODE.v47vsM2745
ENSG00000297137.1	lncRNA	ENSMUSG00000133731.1	lncRNA	one-to-one	GENCODE.v47vsM2746
ENSG00000273413.1	lncRNA	ENSMUSG00000128628.1	lncRNA	one-to-many	GENCODE.v47vsM2747
ENSG00000255108.2	lncRNA	ENSMUSG00000073787.5	lncRNA	one-to-one	GENCODE.v47vsM2748
ENSG00000246640.3	lncRNA	ENSMUSG00000120792.2	lncRNA	one-to-one	GENCODE.v47vsM2749
ENSG00000128254.17	lncRNA	ENSMUSG00000135383.1	lncRNA	one-to-one	GENCODE.v47vsM2750
ENSG00000259001.4	lncRNA	ENSMUSG00000106222.2	lncRNA	many-to-many	GENCODE.v47vsM2751
ENSG00000269514.4	lncRNA	ENSMUSG00000139785.1	lncRNA	many-to-many	GENCODE.v47vsM2752
ENSG00000254473.3	lncRNA	ENSMUSG00000119985.2	lncRNA	one-to-one	GENCODE.v47vsM2753
ENSG00000299199.1	lncRNA	ENSMUSG00000116772.4	lncRNA	one-to-many	GENCODE.v47vsM2754
ENSG00000291094.2	lncRNA	ENSMUSG00000124661.1	lncRNA	many-to-many	GENCODE.v47vsM2755
ENSG00000271933.1	lncRNA	ENSMUSG00000126002.1	lncRNA	many-to-many	GENCODE.v47vsM2756
ENSG00000295068.1	lncRNA	ENSMUSG00000118099.3	lncRNA	one-to-one	GENCODE.v47vsM2757
ENSG00000298150.1	lncRNA	ENSMUSG00000138553.1	lncRNA	one-to-one	GENCODE.v47vsM2758
ENSG00000258066.2	lncRNA	ENSMUSG00000102410.2	lncRNA	one-to-one	GENCODE.v47vsM2759
ENSG00000289375.2	lncRNA	ENSMUSG00000129605.1	lncRNA	many-to-many	GENCODE.v47vsM2760
ENSG00000291154.2	lncRNA	ENSMUSG00000130969.1	lncRNA	many-to-many	GENCODE.v47vsM2761
ENSG00000267396.3	lncRNA	ENSMUSG00000120682.2	lncRNA	one-to-one	GENCODE.v47vsM2762
ENSG00000249328.4	lncRNA	ENSMUSG00000103256.2	lncRNA	one-to-many	GENCODE.v47vsM2763
ENSG00000305490.1	lncRNA	ENSMUSG00000124041.1	lncRNA	one-to-many	GENCODE.v47vsM2764
ENSG00000244706.5	lncRNA	ENSMUSG00000102188.2	lncRNA	one-to-one	GENCODE.v47vsM2765
ENSG00000256746.5	lncRNA	ENSMUSG00000122756.1	lncRNA	one-to-one	GENCODE.v47vsM2766
ENSG00000308631.1	lncRNA	ENSMUSG00000131661.1	lncRNA	one-to-one	GENCODE.v47vsM2767
ENSG00000302412.1	lncRNA	ENSMUSG00000142431.1	lncRNA	one-to-one	GENCODE.v47vsM2768
ENSG00000224897.10	lncRNA	ENSMUSG00000106799.2	lncRNA	one-to-half	GENCODE.v47vsM2769
ENSG00000303266.1	lncRNA	ENSMUSG00000087550.3	lncRNA	many-to-many	GENCODE.v47vsM2770
ENSG00000250938.9	lncRNA	ENSMUSG00000129629.1	lncRNA	one-to-many	GENCODE.v47vsM2771
ENSG00000295453.1	lncRNA	ENSMUSG00000087589.5	lncRNA	one-to-one	GENCODE.v47vsM2772
ENSG00000225689.3	lncRNA	ENSMUSG00000101233.2	lncRNA	one-to-many	GENCODE.v47vsM2773
ENSG00000235096.2	lncRNA	ENSMUSG00000135852.1	lncRNA	one-to-one	GENCODE.v47vsM2774
ENSG00000260278.2	lncRNA	ENSMUSG00000105006.2	lncRNA	one-to-one	GENCODE.v47vsM2775
ENSG00000304765.1	lncRNA	ENSMUSG00000118094.3	lncRNA	one-to-many	GENCODE.v47vsM2776
ENSG00000307486.1	lncRNA	ENSMUSG00000142381.1	lncRNA	one-to-many	GENCODE.v47vsM2777
ENSG00000301367.1	lncRNA	ENSMUSG00000126126.1	lncRNA	one-to-one	GENCODE.v47vsM2778
ENSG00000286746.2	lncRNA	ENSMUSG00000115754.2	lncRNA	one-to-many	GENCODE.v47vsM2779
ENSG00000276384.2	lncRNA	ENSMUSG00000085890.10	lncRNA	one-to-one	GENCODE.v47vsM2780
ENSG00000248323.9	lncRNA	ENSMUSG00000114554.3	lncRNA	many-to-many	GENCODE.v47vsM2781
ENSG00000171889.8	lncRNA	ENSMUSG00000117123.3	lncRNA	many-to-many	GENCODE.v47vsM2782
ENSG00000287243.2	lncRNA	ENSMUSG00000107219.3	lncRNA	many-to-many	GENCODE.v47vsM2783
ENSG00000226917.7	lncRNA	ENSMUSG00000137062.1	lncRNA	one-to-many	GENCODE.v47vsM2784
ENSG00000256742.2	lncRNA	ENSMUSG00000056735.8	lncRNA	one-to-many	GENCODE.v47vsM2785
ENSG00000215386.16	lncRNA	ENSMUSG00000131982.1	lncRNA	many-to-many	GENCODE.v47vsM2786
ENSG00000307632.1	lncRNA	ENSMUSG00000131430.1	lncRNA	one-to-half	GENCODE.v47vsM2787
ENSG00000310363.1	lncRNA	ENSMUSG00000139948.1	lncRNA	many-to-many	GENCODE.v47vsM2788
ENSG00000287620.2	lncRNA	ENSMUSG00000111369.3	lncRNA	one-to-many	GENCODE.v47vsM2789
ENSG00000272808.5	lncRNA	ENSMUSG00000135304.1	lncRNA	one-to-one	GENCODE.v47vsM2790
ENSG00000223665.2	lncRNA	ENSMUSG00000139028.1	lncRNA	one-to-one	GENCODE.v47vsM2791
ENSG00000309390.1	lncRNA	ENSMUSG00000125576.1	lncRNA	one-to-one	GENCODE.v47vsM2792
ENSG00000287982.2	lncRNA	ENSMUSG00000085708.3	lncRNA	one-to-many	GENCODE.v47vsM2793
ENSG00000224609.9	lncRNA	ENSMUSG00000100129.2	lncRNA	one-to-one	GENCODE.v47vsM2794
ENSG00000289562.3	lncRNA	ENSMUSG00000128830.1	lncRNA	one-to-one	GENCODE.v47vsM2795
ENSG00000273920.1	lncRNA	ENSMUSG00000087088.5	lncRNA	one-to-many	GENCODE.v47vsM2796
ENSG00000289185.2	lncRNA	ENSMUSG00000087110.4	lncRNA	one-to-many	GENCODE.v47vsM2797
ENSG00000251443.4	lncRNA	ENSMUSG00000126254.1	lncRNA	one-to-one	GENCODE.v47vsM2798
ENSG00000298003.1	lncRNA	ENSMUSG00000125928.1	lncRNA	one-to-one	GENCODE.v47vsM2799
ENSG00000259237.3	lncRNA	ENSMUSG00000120200.2	lncRNA	one-to-many	GENCODE.v47vsM2800
ENSG00000237560.10	lncRNA	ENSMUSG00000132033.1	lncRNA	one-to-one	GENCODE.v47vsM2801
ENSG00000263958.5	lncRNA	ENSMUSG00000122041.1	lncRNA	one-to-one	GENCODE.v47vsM2802
ENSG00000259692.7	lncRNA	ENSMUSG00000053528.8	lncRNA	one-to-one	GENCODE.v47vsM2803
ENSG00000258402.2	lncRNA	ENSMUSG00000138393.1	lncRNA	one-to-one	GENCODE.v47vsM2804
ENSG00000230316.8	lncRNA	ENSMUSG00000106775.2	lncRNA	many-to-many	GENCODE.v47vsM2805
ENSG00000301411.1	lncRNA	ENSMUSG00000129840.1	lncRNA	many-to-many	GENCODE.v47vsM2806
ENSG00000214145.9	lncRNA	ENSMUSG00000097621.3	lncRNA	one-to-many	GENCODE.v47vsM2807
ENSG00000298112.1	lncRNA	ENSMUSG00000130984.1	lncRNA	one-to-one	GENCODE.v47vsM2808
ENSG00000303752.1	lncRNA	ENSMUSG00000121622.1	lncRNA	many-to-many	GENCODE.v47vsM2809
ENSG00000264772.6	lncRNA	ENSMUSG00000120928.1	lncRNA	many-to-many	GENCODE.v47vsM2810
ENSG00000272801.1	lncRNA	ENSMUSG00000101298.2	lncRNA	many-to-many	GENCODE.v47vsM2811
ENSG00000287878.2	lncRNA	ENSMUSG00000107812.2	lncRNA	one-to-many	GENCODE.v47vsM2812
ENSG00000304346.1	lncRNA	ENSMUSG00000114860.3	lncRNA	one-to-many	GENCODE.v47vsM2813
ENSG00000231971.7	lncRNA	ENSMUSG00000056716.12	lncRNA	one-to-one	GENCODE.v47vsM2814
ENSG00000254109.7	lncRNA	ENSMUSG00000140399.1	lncRNA	one-to-one	GENCODE.v47vsM2815
ENSG00000307120.1	lncRNA	ENSMUSG00000113830.3	lncRNA	one-to-many	GENCODE.v47vsM2816
ENSG00000255045.2	lncRNA	ENSMUSG00000120926.1	lncRNA	one-to-one	GENCODE.v47vsM2817
ENSG00000253405.2	lncRNA	ENSMUSG00000086126.3	lncRNA	one-to-many	GENCODE.v47vsM2818
ENSG00000233058.4	lncRNA	ENSMUSG00000140786.1	lncRNA	one-to-many	GENCODE.v47vsM2819
ENSG00000237686.9	lncRNA	ENSMUSG00000097727.11	lncRNA	one-to-many	GENCODE.v47vsM2820
ENSG00000300881.1	lncRNA	ENSMUSG00000122065.1	lncRNA	many-to-many	GENCODE.v47vsM2821
ENSG00000203875.14	lncRNA	ENSMUSG00000074039.12	lncRNA	many-to-many	GENCODE.v47vsM2822
ENSG00000257522.8	lncRNA	ENSMUSG00000100844.3	lncRNA	one-to-many	GENCODE.v47vsM2823
ENSG00000271732.2	lncRNA	ENSMUSG00000104748.2	lncRNA	one-to-many	GENCODE.v47vsM2824
ENSG00000177640.17	lncRNA	ENSMUSG00000091378.3	lncRNA	one-to-one	GENCODE.v47vsM2825
ENSG00000303652.1	lncRNA	ENSMUSG00000111809.4	lncRNA	one-to-many	GENCODE.v47vsM2826
ENSG00000266521.1	lncRNA	ENSMUSG00000141914.1	lncRNA	one-to-one	GENCODE.v47vsM2827
ENSG00000305534.1	lncRNA	ENSMUSG00000106896.2	lncRNA	one-to-many	GENCODE.v47vsM2828
ENSG00000307977.1	lncRNA	ENSMUSG00000128528.1	lncRNA	one-to-one	GENCODE.v47vsM2829
ENSG00000247095.6	lncRNA	ENSMUSG00000129449.1	lncRNA	one-to-many	GENCODE.v47vsM2830
ENSG00000296597.1	lncRNA	ENSMUSG00000140392.1	lncRNA	one-to-many	GENCODE.v47vsM2831
ENSG00000228159.3	lncRNA	ENSMUSG00000142970.1	lncRNA	one-to-half	GENCODE.v47vsM2832
ENSG00000268894.8	lncRNA	ENSMUSG00000101079.2	lncRNA	one-to-one	GENCODE.v47vsM2833
ENSG00000285553.1	lncRNA	ENSMUSG00000089941.3	lncRNA	one-to-one	GENCODE.v47vsM2834
ENSG00000298381.1	lncRNA	ENSMUSG00000132132.1	lncRNA	one-to-one	GENCODE.v47vsM2835
ENSG00000229953.2	lncRNA	ENSMUSG00000105843.3	lncRNA	one-to-many	GENCODE.v47vsM2836
ENSG00000231437.4	lncRNA	ENSMUSG00000074346.8	lncRNA	one-to-one	GENCODE.v47vsM2837
ENSG00000251573.3	lncRNA	ENSMUSG00000129506.1	lncRNA	one-to-one	GENCODE.v47vsM2838
ENSG00000304431.1	lncRNA	ENSMUSG00000129114.1	lncRNA	one-to-one	GENCODE.v47vsM2839
ENSG00000228709.3	lncRNA	ENSMUSG00000129044.1	lncRNA	many-to-many	GENCODE.v47vsM2840
ENSG00000226087.5	lncRNA	ENSMUSG00000135532.1	lncRNA	one-to-many	GENCODE.v47vsM2841
ENSG00000235790.8	lncRNA	ENSMUSG00000128394.1	lncRNA	one-to-one	GENCODE.v47vsM2842
ENSG00000237076.3	lncRNA	ENSMUSG00000139365.1	lncRNA	one-to-one	GENCODE.v47vsM2843
ENSG00000230648.2	lncRNA	ENSMUSG00000113170.3	lncRNA	one-to-one	GENCODE.v47vsM2844
ENSG00000232490.7	lncRNA	ENSMUSG00000098127.3	lncRNA	one-to-one	GENCODE.v47vsM2845
ENSG00000294476.1	lncRNA	ENSMUSG00000118200.4	lncRNA	one-to-many	GENCODE.v47vsM2846
ENSG00000307929.1	lncRNA	ENSMUSG00000117571.3	lncRNA	one-to-one	GENCODE.v47vsM2847
ENSG00000303232.1	lncRNA	ENSMUSG00000085582.9	lncRNA	one-to-one	GENCODE.v47vsM2848
ENSG00000285869.2	lncRNA	ENSMUSG00000134599.1	lncRNA	one-to-one	GENCODE.v47vsM2849
ENSG00000179743.5	lncRNA	ENSMUSG00000124682.1	lncRNA	one-to-many	GENCODE.v47vsM2850
ENSG00000258317.2	lncRNA	ENSMUSG00000100548.2	lncRNA	one-to-one	GENCODE.v47vsM2851
ENSG00000280247.1	lncRNA	ENSMUSG00000097077.3	lncRNA	one-to-one	GENCODE.v47vsM2852
ENSG00000267394.3	lncRNA	ENSMUSG00000134271.1	lncRNA	many-to-many	GENCODE.v47vsM2853
ENSG00000259590.2	lncRNA	ENSMUSG00000127914.1	lncRNA	one-to-many	GENCODE.v47vsM2854
ENSG00000302676.1	lncRNA	ENSMUSG00000133922.1	lncRNA	one-to-one	GENCODE.v47vsM2855
ENSG00000248554.2	lncRNA	ENSMUSG00000025450.5	lncRNA	one-to-many	GENCODE.v47vsM2856
ENSG00000251034.2	lncRNA	ENSMUSG00000115186.3	lncRNA	one-to-one	GENCODE.v47vsM2857
ENSG00000302950.1	lncRNA	ENSMUSG00000120614.2	lncRNA	one-to-one	GENCODE.v47vsM2858
ENSG00000272892.2	lncRNA	ENSMUSG00000129231.1	lncRNA	one-to-one	GENCODE.v47vsM2859
ENSG00000306907.1	lncRNA	ENSMUSG00000085657.9	lncRNA	one-to-many	GENCODE.v47vsM2860
ENSG00000308616.1	lncRNA	ENSMUSG00000130171.1	lncRNA	one-to-one	GENCODE.v47vsM2861
ENSG00000258096.2	lncRNA	ENSMUSG00000102385.3	lncRNA	one-to-many	GENCODE.v47vsM2862
ENSG00000289952.2	lncRNA	ENSMUSG00000120362.2	lncRNA	one-to-one	GENCODE.v47vsM2863
ENSG00000253893.3	lncRNA	ENSMUSG00000087168.3	lncRNA	many-to-many	GENCODE.v47vsM2864
ENSG00000230615.9	lncRNA	ENSMUSG00000128232.1	lncRNA	one-to-one	GENCODE.v47vsM2865
ENSG00000299443.1	lncRNA	ENSMUSG00000121505.2	lncRNA	many-to-many	GENCODE.v47vsM2866
ENSG00000298630.1	lncRNA	ENSMUSG00000129910.1	lncRNA	many-to-many	GENCODE.v47vsM2867
ENSG00000258766.2	lncRNA	ENSMUSG00000123124.1	lncRNA	one-to-many	GENCODE.v47vsM2868
ENSG00000265542.6	lncRNA	ENSMUSG00000108634.4	lncRNA	one-to-many	GENCODE.v47vsM2869
ENSG00000293093.1	lncRNA	ENSMUSG00000133580.1	lncRNA	many-to-many	GENCODE.v47vsM2870
ENSG00000215841.5	lncRNA	ENSMUSG00000143535.1	lncRNA	one-to-one	GENCODE.v47vsM2871
ENSG00000271727.3	lncRNA	ENSMUSG00000056257.4	lncRNA	one-to-many	GENCODE.v47vsM2872
ENSG00000296950.1	lncRNA	ENSMUSG00000136423.1	lncRNA	one-to-one	GENCODE.v47vsM2873
ENSG00000290117.2	lncRNA	ENSMUSG00000119942.2	lncRNA	one-to-one	GENCODE.v47vsM2874
ENSG00000305048.1	lncRNA	ENSMUSG00000086256.3	lncRNA	one-to-one	GENCODE.v47vsM2875
ENSG00000270091.1	lncRNA	ENSMUSG00000072847.6	lncRNA	one-to-one	GENCODE.v47vsM2876
ENSG00000298884.1	lncRNA	ENSMUSG00000130545.1	lncRNA	one-to-one	GENCODE.v47vsM2877
ENSG00000308455.1	lncRNA	ENSMUSG00000133523.1	lncRNA	one-to-one	GENCODE.v47vsM2878
ENSG00000237128.2	lncRNA	ENSMUSG00000126632.1	lncRNA	one-to-many	GENCODE.v47vsM2879
ENSG00000297419.1	lncRNA	ENSMUSG00000133910.1	lncRNA	one-to-one	GENCODE.v47vsM2880
ENSG00000240093.2	lncRNA	ENSMUSG00000122683.1	lncRNA	one-to-one	GENCODE.v47vsM2881
ENSG00000301504.1	lncRNA	ENSMUSG00000143052.1	lncRNA	one-to-one	GENCODE.v47vsM2882
ENSG00000306436.1	lncRNA	ENSMUSG00000128555.1	lncRNA	one-to-one	GENCODE.v47vsM2883
ENSG00000279683.1	lncRNA	ENSMUSG00000099190.3	lncRNA	one-to-one	GENCODE.v47vsM2884
ENSG00000289956.2	lncRNA	ENSMUSG00000124156.1	lncRNA	one-to-one	GENCODE.v47vsM2885
ENSG00000301793.1	lncRNA	ENSMUSG00000116617.3	lncRNA	one-to-half	GENCODE.v47vsM2886
ENSG00000289327.3	lncRNA	ENSMUSG00000107682.3	lncRNA	one-to-one	GENCODE.v47vsM2887
ENSG00000272265.1	lncRNA	ENSMUSG00000117588.3	lncRNA	one-to-many	GENCODE.v47vsM2888
ENSG00000182057.6	lncRNA	ENSMUSG00000100199.3	lncRNA	one-to-one	GENCODE.v47vsM2889
ENSG00000253693.2	lncRNA	ENSMUSG00000139772.1	lncRNA	one-to-many	GENCODE.v47vsM2890
ENSG00000309734.1	lncRNA	ENSMUSG00000109232.3	lncRNA	one-to-one	GENCODE.v47vsM2891
ENSG00000229520.3	lncRNA	ENSMUSG00000143098.1	lncRNA	one-to-one	GENCODE.v47vsM2892
ENSG00000303681.1	lncRNA	ENSMUSG00000097482.5	lncRNA	one-to-one	GENCODE.v47vsM2893
ENSG00000304339.1	lncRNA	ENSMUSG00000133602.1	lncRNA	one-to-one	GENCODE.v47vsM2894
ENSG00000300602.1	lncRNA	ENSMUSG00000143209.1	lncRNA	one-to-one	GENCODE.v47vsM2895
ENSG00000258747.3	lncRNA	ENSMUSG00000123748.1	lncRNA	one-to-one	GENCODE.v47vsM2896
ENSG00000296671.1	lncRNA	ENSMUSG00000085794.7	lncRNA	one-to-one	GENCODE.v47vsM2897
ENSG00000229140.13	lncRNA	ENSMUSG00000115520.4	lncRNA	one-to-one	GENCODE.v47vsM2898
ENSG00000293086.2	lncRNA	ENSMUSG00000099872.3	lncRNA	many-to-many	GENCODE.v47vsM2899
ENSG00000256357.2	lncRNA	ENSMUSG00000140190.1	lncRNA	many-to-many	GENCODE.v47vsM2900
ENSG00000289424.3	lncRNA	ENSMUSG00000115344.3	lncRNA	many-to-many	GENCODE.v47vsM2901
ENSG00000231601.1	lncRNA	ENSMUSG00000141408.1	lncRNA	one-to-many	GENCODE.v47vsM2902
ENSG00000308225.1	lncRNA	ENSMUSG00000111110.3	lncRNA	one-to-many	GENCODE.v47vsM2903
ENSG00000286739.3	lncRNA	ENSMUSG00000143433.1	lncRNA	one-to-many	GENCODE.v47vsM2904
ENSG00000289198.2	lncRNA	ENSMUSG00000120261.2	lncRNA	one-to-one	GENCODE.v47vsM2905
ENSG00000236790.8	lncRNA	ENSMUSG00000113587.3	lncRNA	many-to-many	GENCODE.v47vsM2906
ENSG00000289253.3	lncRNA	ENSMUSG00000101172.4	lncRNA	one-to-half	GENCODE.v47vsM2907
ENSG00000299260.1	lncRNA	ENSMUSG00000133650.1	lncRNA	one-to-one	GENCODE.v47vsM2908
ENSG00000224086.7	lncRNA	ENSMUSG00000133917.1	lncRNA	one-to-many	GENCODE.v47vsM2909
ENSG00000288974.3	lncRNA	ENSMUSG00000086141.10	lncRNA	one-to-many	GENCODE.v47vsM2910
ENSG00000286661.2	lncRNA	ENSMUSG00000135598.1	lncRNA	one-to-one	GENCODE.v47vsM2911
ENSG00000291093.2	lncRNA	ENSMUSG00000097888.4	lncRNA	many-to-many	GENCODE.v47vsM2912
ENSG00000257443.3	lncRNA	ENSMUSG00000135459.1	lncRNA	one-to-one	GENCODE.v47vsM2913
ENSG00000284634.2	lncRNA	ENSMUSG00000137838.1	lncRNA	many-to-many	GENCODE.v47vsM2914
ENSG00000260281.7	lncRNA	ENSMUSG00000109754.4	lncRNA	one-to-one	GENCODE.v47vsM2915
ENSG00000237220.1	lncRNA	ENSMUSG00000100496.2	lncRNA	one-to-one	GENCODE.v47vsM2916
ENSG00000308500.1	lncRNA	ENSMUSG00000131728.1	lncRNA	one-to-one	GENCODE.v47vsM2917
ENSG00000249526.2	lncRNA	ENSMUSG00000117840.3	lncRNA	one-to-many	GENCODE.v47vsM2918
ENSG00000291178.2	lncRNA	ENSMUSG00000089879.3	lncRNA	many-to-many	GENCODE.v47vsM2919
ENSG00000227193.3	lncRNA	ENSMUSG00000093656.2	lncRNA	one-to-many	GENCODE.v47vsM2920
ENSG00000249364.8	lncRNA	ENSMUSG00000102542.2	lncRNA	one-to-many	GENCODE.v47vsM2921
ENSG00000237424.1	lncRNA	ENSMUSG00000085399.10	lncRNA	one-to-many	GENCODE.v47vsM2922
ENSG00000258479.7	lncRNA	ENSMUSG00000113302.3	lncRNA	one-to-one	GENCODE.v47vsM2923
ENSG00000299307.1	lncRNA	ENSMUSG00000108668.4	lncRNA	one-to-one	GENCODE.v47vsM2924
ENSG00000296688.1	lncRNA	ENSMUSG00000110214.2	lncRNA	one-to-one	GENCODE.v47vsM2925
ENSG00000295474.1	lncRNA	ENSMUSG00000090964.3	lncRNA	one-to-many	GENCODE.v47vsM2926
ENSG00000301979.1	lncRNA	ENSMUSG00000131117.1	lncRNA	one-to-many	GENCODE.v47vsM2927
ENSG00000289903.2	lncRNA	ENSMUSG00000141303.1	lncRNA	one-to-one	GENCODE.v47vsM2928
ENSG00000299005.1	lncRNA	ENSMUSG00000142884.1	lncRNA	one-to-one	GENCODE.v47vsM2929
ENSG00000229862.6	lncRNA	ENSMUSG00000137119.1	lncRNA	one-to-one	GENCODE.v47vsM2930
ENSG00000298289.1	lncRNA	ENSMUSG00000092569.5	lncRNA	one-to-one	GENCODE.v47vsM2931
ENSG00000253217.2	lncRNA	ENSMUSG00000127387.1	lncRNA	one-to-one	GENCODE.v47vsM2932
ENSG00000296970.1	lncRNA	ENSMUSG00000130539.1	lncRNA	one-to-one	GENCODE.v47vsM2933
ENSG00000197322.5	lncRNA	ENSMUSG00000113710.3	lncRNA	one-to-one	GENCODE.v47vsM2934
ENSG00000266830.2	lncRNA	ENSMUSG00000120019.2	lncRNA	one-to-many	GENCODE.v47vsM2935
ENSG00000246308.5	lncRNA	ENSMUSG00000120003.2	lncRNA	one-to-one	GENCODE.v47vsM2936
ENSG00000255621.2	lncRNA	ENSMUSG00000108239.2	lncRNA	one-to-one	GENCODE.v47vsM2937
ENSG00000296790.2	lncRNA	ENSMUSG00000130930.1	lncRNA	one-to-one	GENCODE.v47vsM2938
ENSG00000291094.2	lncRNA	ENSMUSG00000124961.1	lncRNA	many-to-many	GENCODE.v47vsM2939
ENSG00000290537.2	lncRNA	ENSMUSG00000121360.2	lncRNA	many-to-many	GENCODE.v47vsM2940
ENSG00000295796.1	lncRNA	ENSMUSG00000128219.1	lncRNA	one-to-many	GENCODE.v47vsM2941
ENSG00000294649.1	lncRNA	ENSMUSG00000131870.1	lncRNA	one-to-many	GENCODE.v47vsM2942
ENSG00000301567.1	lncRNA	ENSMUSG00000085970.3	lncRNA	one-to-many	GENCODE.v47vsM2943
ENSG00000285930.1	lncRNA	ENSMUSG00000126819.1	lncRNA	one-to-one	GENCODE.v47vsM2944
ENSG00000249364.8	lncRNA	ENSMUSG00000142495.1	lncRNA	one-to-many	GENCODE.v47vsM2945
ENSG00000254377.9	lncRNA	ENSMUSG00000100252.9	lncRNA	many-to-many	GENCODE.v47vsM2946
ENSG00000304340.1	lncRNA	ENSMUSG00000129384.1	lncRNA	one-to-one	GENCODE.v47vsM2947
ENSG00000222041.13	lncRNA	ENSMUSG00000074813.17	lncRNA	one-to-many	GENCODE.v47vsM2948
ENSG00000309651.1	lncRNA	ENSMUSG00000136080.1	lncRNA	one-to-one	GENCODE.v47vsM2949
ENSG00000235899.5	lncRNA	ENSMUSG00000111225.3	lncRNA	one-to-half	GENCODE.v47vsM2950
ENSG00000233079.4	lncRNA	ENSMUSG00000085790.3	lncRNA	one-to-many	GENCODE.v47vsM2951
ENSG00000290971.2	lncRNA	ENSMUSG00000130761.1	lncRNA	many-to-many	GENCODE.v47vsM2952
ENSG00000216895.9	lncRNA	ENSMUSG00000136518.1	lncRNA	one-to-many	GENCODE.v47vsM2953
ENSG00000291166.2	lncRNA	ENSMUSG00000121456.2	lncRNA	many-to-many	GENCODE.v47vsM2954
ENSG00000230967.2	lncRNA	ENSMUSG00000100417.5	lncRNA	one-to-many	GENCODE.v47vsM2955
ENSG00000296647.1	lncRNA	ENSMUSG00000128763.1	lncRNA	one-to-many	GENCODE.v47vsM2956
ENSG00000260469.4	lncRNA	ENSMUSG00000130686.1	lncRNA	one-to-many	GENCODE.v47vsM2957
ENSG00000307415.1	lncRNA	ENSMUSG00000135134.1	lncRNA	one-to-one	GENCODE.v47vsM2958
ENSG00000303941.1	lncRNA	ENSMUSG00000135864.1	lncRNA	one-to-one	GENCODE.v47vsM2959
ENSG00000279086.1	lncRNA	ENSMUSG00000084772.3	lncRNA	many-to-many	GENCODE.v47vsM2960
ENSG00000262185.4	lncRNA	ENSMUSG00000128523.1	lncRNA	one-to-one	GENCODE.v47vsM2961
ENSG00000266402.6	lncRNA	ENSMUSG00000120012.2	lncRNA	many-to-many	GENCODE.v47vsM2962
ENSG00000232031.2	lncRNA	ENSMUSG00000111822.3	lncRNA	one-to-one	GENCODE.v47vsM2963
ENSG00000305594.1	lncRNA	ENSMUSG00000120536.2	lncRNA	one-to-one	GENCODE.v47vsM2964
ENSG00000259439.4	lncRNA	ENSMUSG00000093460.12	lncRNA	one-to-many	GENCODE.v47vsM2965
ENSG00000243069.9	lncRNA	ENSMUSG00000103502.2	lncRNA	one-to-many	GENCODE.v47vsM2966
ENSG00000306719.1	lncRNA	ENSMUSG00000139708.1	lncRNA	one-to-one	GENCODE.v47vsM2967
ENSG00000231367.7	lncRNA	ENSMUSG00000117415.3	lncRNA	one-to-one	GENCODE.v47vsM2968
ENSG00000265394.2	lncRNA	ENSMUSG00000125559.1	lncRNA	one-to-one	GENCODE.v47vsM2969
ENSG00000284839.2	lncRNA	ENSMUSG00000125339.1	lncRNA	one-to-one	GENCODE.v47vsM2970
ENSG00000309956.1	lncRNA	ENSMUSG00000085796.3	lncRNA	one-to-one	GENCODE.v47vsM2971
ENSG00000280211.1	lncRNA	ENSMUSG00000099579.3	lncRNA	one-to-one	GENCODE.v47vsM2972
ENSG00000256597.3	lncRNA	ENSMUSG00000105490.3	lncRNA	one-to-one	GENCODE.v47vsM2973
ENSG00000214407.4	lncRNA	ENSMUSG00000120214.2	lncRNA	one-to-many	GENCODE.v47vsM2974
ENSG00000238045.10	lncRNA	ENSMUSG00000142882.1	lncRNA	one-to-one	GENCODE.v47vsM2975
ENSG00000245275.10	lncRNA	ENSMUSG00000087165.10	lncRNA	one-to-one	GENCODE.v47vsM2976
ENSG00000249710.2	lncRNA	ENSMUSG00000141782.1	lncRNA	one-to-half	GENCODE.v47vsM2977
ENSG00000293316.2	lncRNA	ENSMUSG00000097643.3	lncRNA	many-to-many	GENCODE.v47vsM2978
ENSG00000300921.1	lncRNA	ENSMUSG00000132230.1	lncRNA	one-to-one	GENCODE.v47vsM2979
ENSG00000299548.1	lncRNA	ENSMUSG00000114288.3	lncRNA	one-to-many	GENCODE.v47vsM2980
ENSG00000225039.3	lncRNA	ENSMUSG00000085971.7	lncRNA	one-to-many	GENCODE.v47vsM2981
ENSG00000302337.1	lncRNA	ENSMUSG00000109697.4	lncRNA	many-to-many	GENCODE.v47vsM2982
ENSG00000244239.2	lncRNA	ENSMUSG00000127372.1	lncRNA	one-to-many	GENCODE.v47vsM2983
ENSG00000288848.3	lncRNA	ENSMUSG00000116725.3	lncRNA	one-to-one	GENCODE.v47vsM2984
ENSG00000260032.3	lncRNA	ENSMUSG00000128549.1	lncRNA	many-to-many	GENCODE.v47vsM2985
ENSG00000293427.2	lncRNA	ENSMUSG00000116743.2	lncRNA	many-to-many	GENCODE.v47vsM2986
ENSG00000303276.1	lncRNA	ENSMUSG00000137634.1	lncRNA	one-to-one	GENCODE.v47vsM2987
ENSG00000248965.2	lncRNA	ENSMUSG00000135301.1	lncRNA	one-to-one	GENCODE.v47vsM2988
ENSG00000296964.1	lncRNA	ENSMUSG00000124556.1	lncRNA	many-to-many	GENCODE.v47vsM2989
ENSG00000301434.1	lncRNA	ENSMUSG00000136034.1	lncRNA	one-to-one	GENCODE.v47vsM2990
ENSG00000298124.1	lncRNA	ENSMUSG00000129514.1	lncRNA	one-to-one	GENCODE.v47vsM2991
ENSG00000291096.2	lncRNA	ENSMUSG00000134133.1	lncRNA	many-to-many	GENCODE.v47vsM2992
ENSG00000238007.2	lncRNA	ENSMUSG00000055045.7	lncRNA	one-to-one	GENCODE.v47vsM2993
ENSG00000267198.2	lncRNA	ENSMUSG00000110636.4	lncRNA	one-to-many	GENCODE.v47vsM2994
ENSG00000301244.1	lncRNA	ENSMUSG00000102820.3	lncRNA	one-to-many	GENCODE.v47vsM2995
ENSG00000295086.1	lncRNA	ENSMUSG00000136994.1	lncRNA	one-to-many	GENCODE.v47vsM2996
ENSG00000300570.1	lncRNA	ENSMUSG00000123959.1	lncRNA	one-to-one	GENCODE.v47vsM2997
ENSG00000177337.10	lncRNA	ENSMUSG00000097282.2	lncRNA	one-to-many	GENCODE.v47vsM2998
ENSG00000304541.1	lncRNA	ENSMUSG00000119960.2	lncRNA	many-to-many	GENCODE.v47vsM2999
ENSG00000301574.1	lncRNA	ENSMUSG00000133364.1	lncRNA	one-to-one	GENCODE.v47vsM3000
ENSG00000225605.4	lncRNA	ENSMUSG00000062046.3	lncRNA	one-to-one	GENCODE.v47vsM3001
ENSG00000295391.1	lncRNA	ENSMUSG00000106674.4	lncRNA	one-to-one	GENCODE.v47vsM3002
ENSG00000289162.3	lncRNA	ENSMUSG00000097623.10	lncRNA	one-to-one	GENCODE.v47vsM3003
ENSG00000287547.1	lncRNA	ENSMUSG00000085321.3	lncRNA	one-to-one	GENCODE.v47vsM3004
ENSG00000291094.2	lncRNA	ENSMUSG00000125315.1	lncRNA	many-to-many	GENCODE.v47vsM3005
ENSG00000225791.8	lncRNA	ENSMUSG00000099971.2	lncRNA	many-to-many	GENCODE.v47vsM3006
ENSG00000183242.14	lncRNA	ENSMUSG00000074987.12	lncRNA	many-to-many	GENCODE.v47vsM3007
ENSG00000258694.2	lncRNA	ENSMUSG00000120206.2	lncRNA	one-to-one	GENCODE.v47vsM3008
ENSG00000280850.4	lncRNA	ENSMUSG00000117569.2	lncRNA	many-to-many	GENCODE.v47vsM3009
ENSG00000268926.3	lncRNA	ENSMUSG00000114071.3	lncRNA	one-to-one	GENCODE.v47vsM3010
ENSG00000286735.2	lncRNA	ENSMUSG00000135450.1	lncRNA	one-to-many	GENCODE.v47vsM3011
ENSG00000305918.1	lncRNA	ENSMUSG00000128854.1	lncRNA	one-to-many	GENCODE.v47vsM3012
ENSG00000254710.2	lncRNA	ENSMUSG00000111504.3	lncRNA	one-to-one	GENCODE.v47vsM3013
ENSG00000249738.11	lncRNA	ENSMUSG00000137103.1	lncRNA	one-to-many	GENCODE.v47vsM3014
ENSG00000247572.10	lncRNA	ENSMUSG00000136542.1	lncRNA	one-to-one	GENCODE.v47vsM3015
ENSG00000259523.1	lncRNA	ENSMUSG00000121090.2	lncRNA	one-to-one	GENCODE.v47vsM3016
ENSG00000243083.9	lncRNA	ENSMUSG00000128173.1	lncRNA	many-to-many	GENCODE.v47vsM3017
ENSG00000249236.3	lncRNA	ENSMUSG00000114869.3	lncRNA	one-to-one	GENCODE.v47vsM3018
ENSG00000293347.2	lncRNA	ENSMUSG00000124350.1	lncRNA	many-to-many	GENCODE.v47vsM3019
ENSG00000259768.9	lncRNA	ENSMUSG00000122859.1	lncRNA	one-to-one	GENCODE.v47vsM3020
ENSG00000308298.1	lncRNA	ENSMUSG00000120551.2	lncRNA	many-to-many	GENCODE.v47vsM3021
ENSG00000227014.7	lncRNA	ENSMUSG00000139419.1	lncRNA	one-to-half	GENCODE.v47vsM3022
ENSG00000251432.9	lncRNA	ENSMUSG00000128612.1	lncRNA	one-to-many	GENCODE.v47vsM3023
ENSG00000285967.2	lncRNA	ENSMUSG00000143652.1	lncRNA	one-to-one	GENCODE.v47vsM3024
ENSG00000296141.1	lncRNA	ENSMUSG00000123682.1	lncRNA	one-to-many	GENCODE.v47vsM3025
ENSG00000242828.2	lncRNA	ENSMUSG00000116982.3	lncRNA	one-to-one	GENCODE.v47vsM3026
ENSG00000300003.1	lncRNA	ENSMUSG00000131773.1	lncRNA	one-to-one	GENCODE.v47vsM3027
ENSG00000286322.3	lncRNA	ENSMUSG00000128306.1	lncRNA	one-to-one	GENCODE.v47vsM3028
ENSG00000297818.1	lncRNA	ENSMUSG00000085560.4	lncRNA	one-to-one	GENCODE.v47vsM3029
ENSG00000307574.1	lncRNA	ENSMUSG00000120045.2	lncRNA	one-to-one	GENCODE.v47vsM3030
ENSG00000267905.5	lncRNA	ENSMUSG00000143157.1	lncRNA	one-to-one	GENCODE.v47vsM3031
ENSG00000294840.1	lncRNA	ENSMUSG00000128358.1	lncRNA	one-to-one	GENCODE.v47vsM3032
ENSG00000309904.1	lncRNA	ENSMUSG00000130591.1	lncRNA	one-to-one	GENCODE.v47vsM3033
ENSG00000294914.1	lncRNA	ENSMUSG00000048628.7	lncRNA	one-to-one	GENCODE.v47vsM3034
ENSG00000230910.7	lncRNA	ENSMUSG00000104516.2	lncRNA	one-to-many	GENCODE.v47vsM3035
ENSG00000298542.1	lncRNA	ENSMUSG00000106367.3	lncRNA	one-to-many	GENCODE.v47vsM3036
ENSG00000295725.1	lncRNA	ENSMUSG00000141736.1	lncRNA	one-to-many	GENCODE.v47vsM3037
ENSG00000224812.5	lncRNA	ENSMUSG00000140316.1	lncRNA	one-to-many	GENCODE.v47vsM3038
ENSG00000301129.1	lncRNA	ENSMUSG00000136582.1	lncRNA	one-to-one	GENCODE.v47vsM3039
ENSG00000251072.3	lncRNA	ENSMUSG00000124792.1	lncRNA	one-to-one	GENCODE.v47vsM3040
ENSG00000288060.2	lncRNA	ENSMUSG00000085555.12	lncRNA	one-to-one	GENCODE.v47vsM3041
ENSG00000247213.8	lncRNA	ENSMUSG00000042184.13	lncRNA	one-to-one	GENCODE.v47vsM3042
ENSG00000282057.1	lncRNA	ENSMUSG00000097183.5	lncRNA	many-to-many	GENCODE.v47vsM3043
ENSG00000260372.8	lncRNA	ENSMUSG00000144131.1	lncRNA	many-to-many	GENCODE.v47vsM3044
ENSG00000288942.2	lncRNA	ENSMUSG00000097750.3	lncRNA	one-to-many	GENCODE.v47vsM3045
ENSG00000234377.9	lncRNA	ENSMUSG00000125131.1	lncRNA	one-to-many	GENCODE.v47vsM3046
ENSG00000259356.1	lncRNA	ENSMUSG00000121207.1	lncRNA	one-to-one	GENCODE.v47vsM3047
ENSG00000277930.2	lncRNA	ENSMUSG00000139703.1	lncRNA	one-to-many	GENCODE.v47vsM3048
ENSG00000223749.12	lncRNA	ENSMUSG00000101603.4	lncRNA	many-to-many	GENCODE.v47vsM3049
ENSG00000279430.1	lncRNA	ENSMUSG00000133766.1	lncRNA	one-to-many	GENCODE.v47vsM3050
ENSG00000233542.3	lncRNA	ENSMUSG00000133043.1	lncRNA	one-to-one	GENCODE.v47vsM3051
ENSG00000286535.2	lncRNA	ENSMUSG00000115752.3	lncRNA	one-to-one	GENCODE.v47vsM3052
ENSG00000293778.1	lncRNA	ENSMUSG00000134039.1	lncRNA	one-to-many	GENCODE.v47vsM3053
ENSG00000231420.2	lncRNA	ENSMUSG00000144116.1	lncRNA	one-to-many	GENCODE.v47vsM3054
ENSG00000177338.15	lncRNA	ENSMUSG00000086135.3	lncRNA	one-to-one	GENCODE.v47vsM3055
ENSG00000305059.1	lncRNA	ENSMUSG00000131620.1	lncRNA	one-to-one	GENCODE.v47vsM3056
ENSG00000235978.9	lncRNA	ENSMUSG00000107458.3	lncRNA	one-to-one	GENCODE.v47vsM3057
ENSG00000231312.9	lncRNA	ENSMUSG00000112121.4	lncRNA	many-to-many	GENCODE.v47vsM3058
ENSG00000225028.1	lncRNA	ENSMUSG00000131883.1	lncRNA	one-to-one	GENCODE.v47vsM3059
ENSG00000302277.1	lncRNA	ENSMUSG00000087103.2	lncRNA	one-to-one	GENCODE.v47vsM3060
ENSG00000294913.1	lncRNA	ENSMUSG00000087268.3	lncRNA	one-to-many	GENCODE.v47vsM3061
ENSG00000256152.2	lncRNA	ENSMUSG00000102725.3	lncRNA	many-to-many	GENCODE.v47vsM3062
ENSG00000291233.2	lncRNA	ENSMUSG00000130170.1	lncRNA	many-to-many	GENCODE.v47vsM3063
ENSG00000300266.1	lncRNA	ENSMUSG00000131988.1	lncRNA	one-to-one	GENCODE.v47vsM3064
ENSG00000297766.1	lncRNA	ENSMUSG00000086509.4	lncRNA	one-to-many	GENCODE.v47vsM3065
ENSG00000248973.4	lncRNA	ENSMUSG00000132995.1	lncRNA	one-to-one	GENCODE.v47vsM3066
ENSG00000231183.5	lncRNA	ENSMUSG00000103302.2	lncRNA	one-to-many	GENCODE.v47vsM3067
ENSG00000232104.6	lncRNA	ENSMUSG00000134682.1	lncRNA	one-to-many	GENCODE.v47vsM3068
ENSG00000269846.2	lncRNA	ENSMUSG00000142757.1	lncRNA	one-to-one	GENCODE.v47vsM3069
ENSG00000295741.1	lncRNA	ENSMUSG00000131609.1	lncRNA	one-to-many	GENCODE.v47vsM3070
ENSG00000231770.9	lncRNA	ENSMUSG00000120188.2	lncRNA	one-to-one	GENCODE.v47vsM3071
ENSG00000302140.1	lncRNA	ENSMUSG00000120659.2	lncRNA	one-to-one	GENCODE.v47vsM3072
ENSG00000259225.10	lncRNA	ENSMUSG00000085316.4	lncRNA	one-to-one	GENCODE.v47vsM3073
ENSG00000296044.1	lncRNA	ENSMUSG00000097149.3	lncRNA	one-to-many	GENCODE.v47vsM3074
ENSG00000233926.3	lncRNA	ENSMUSG00000084910.4	lncRNA	one-to-many	GENCODE.v47vsM3075
ENSG00000225105.3	lncRNA	ENSMUSG00000136865.1	lncRNA	one-to-one	GENCODE.v47vsM3076
ENSG00000309206.1	lncRNA	ENSMUSG00000085708.3	lncRNA	one-to-many	GENCODE.v47vsM3077
ENSG00000274292.3	lncRNA	ENSMUSG00000104156.4	lncRNA	one-to-many	GENCODE.v47vsM3078
ENSG00000296485.1	lncRNA	ENSMUSG00000126916.1	lncRNA	one-to-many	GENCODE.v47vsM3079
ENSG00000289904.2	lncRNA	ENSMUSG00000130131.1	lncRNA	one-to-one	GENCODE.v47vsM3080
ENSG00000287659.2	lncRNA	ENSMUSG00000100911.4	lncRNA	one-to-many	GENCODE.v47vsM3081
ENSG00000226856.10	lncRNA	ENSMUSG00000101700.2	lncRNA	one-to-one	GENCODE.v47vsM3082
ENSG00000306044.1	lncRNA	ENSMUSG00000106126.2	lncRNA	one-to-one	GENCODE.v47vsM3083
ENSG00000257060.10	lncRNA	ENSMUSG00000097756.4	lncRNA	one-to-many	GENCODE.v47vsM3084
ENSG00000250378.4	lncRNA	ENSMUSG00000110477.3	lncRNA	one-to-one	GENCODE.v47vsM3085
ENSG00000241213.3	lncRNA	ENSMUSG00000102417.2	lncRNA	one-to-one	GENCODE.v47vsM3086
ENSG00000306206.1	lncRNA	ENSMUSG00000113311.3	lncRNA	many-to-many	GENCODE.v47vsM3087
ENSG00000266256.4	lncRNA	ENSMUSG00000125665.1	lncRNA	one-to-many	GENCODE.v47vsM3088
ENSG00000233725.8	lncRNA	ENSMUSG00000133072.1	lncRNA	one-to-many	GENCODE.v47vsM3089
ENSG00000253577.3	lncRNA	ENSMUSG00000128688.1	lncRNA	one-to-many	GENCODE.v47vsM3090
ENSG00000296100.1	lncRNA	ENSMUSG00000127686.1	lncRNA	one-to-one	GENCODE.v47vsM3091
ENSG00000295310.1	lncRNA	ENSMUSG00000084983.10	lncRNA	one-to-one	GENCODE.v47vsM3092
ENSG00000267121.8	lncRNA	ENSMUSG00000128643.1	lncRNA	one-to-one	GENCODE.v47vsM3093
ENSG00000290199.2	lncRNA	ENSMUSG00000122183.1	lncRNA	many-to-many	GENCODE.v47vsM3094
ENSG00000228290.8	lncRNA	ENSMUSG00000131379.1	lncRNA	one-to-one	GENCODE.v47vsM3095
ENSG00000295236.1	lncRNA	ENSMUSG00000120272.2	lncRNA	one-to-one	GENCODE.v47vsM3096
ENSG00000288916.2	lncRNA	ENSMUSG00000097742.3	lncRNA	one-to-many	GENCODE.v47vsM3097
ENSG00000259275.6	lncRNA	ENSMUSG00000109097.4	lncRNA	one-to-one	GENCODE.v47vsM3098
ENSG00000308656.1	lncRNA	ENSMUSG00000131959.1	lncRNA	one-to-one	GENCODE.v47vsM3099
ENSG00000250007.10	lncRNA	ENSMUSG00000092201.9	lncRNA	one-to-many	GENCODE.v47vsM3100
ENSG00000306191.1	lncRNA	ENSMUSG00000128715.1	lncRNA	one-to-many	GENCODE.v47vsM3101
ENSG00000294332.1	lncRNA	ENSMUSG00000110729.3	lncRNA	one-to-one	GENCODE.v47vsM3102
ENSG00000286503.2	lncRNA	ENSMUSG00000133137.1	lncRNA	many-to-many	GENCODE.v47vsM3103
ENSG00000259572.8	lncRNA	ENSMUSG00000130839.1	lncRNA	one-to-one	GENCODE.v47vsM3104
ENSG00000236305.4	lncRNA	ENSMUSG00000132055.1	lncRNA	one-to-many	GENCODE.v47vsM3105
ENSG00000289071.3	lncRNA	ENSMUSG00000104077.4	lncRNA	one-to-one	GENCODE.v47vsM3106
ENSG00000297418.1	lncRNA	ENSMUSG00000104253.2	lncRNA	one-to-one	GENCODE.v47vsM3107
ENSG00000299981.1	lncRNA	ENSMUSG00000098370.2	lncRNA	one-to-one	GENCODE.v47vsM3108
ENSG00000248884.3	lncRNA	ENSMUSG00000114400.3	lncRNA	many-to-many	GENCODE.v47vsM3109
ENSG00000261449.2	lncRNA	ENSMUSG00000054822.7	lncRNA	one-to-many	GENCODE.v47vsM3110
ENSG00000228956.10	lncRNA	ENSMUSG00000103378.2	lncRNA	one-to-many	GENCODE.v47vsM3111
ENSG00000227292.2	lncRNA	ENSMUSG00000130053.1	lncRNA	one-to-many	GENCODE.v47vsM3112
ENSG00000304381.1	lncRNA	ENSMUSG00000120070.2	lncRNA	one-to-one	GENCODE.v47vsM3113
ENSG00000295660.1	lncRNA	ENSMUSG00000122685.1	lncRNA	one-to-many	GENCODE.v47vsM3114
ENSG00000303734.1	lncRNA	ENSMUSG00000139502.1	lncRNA	many-to-many	GENCODE.v47vsM3115
ENSG00000287110.4	lncRNA	ENSMUSG00000131561.1	lncRNA	many-to-many	GENCODE.v47vsM3116
ENSG00000294326.1	lncRNA	ENSMUSG00000084848.3	lncRNA	one-to-one	GENCODE.v47vsM3117
ENSG00000309115.1	lncRNA	ENSMUSG00000086395.2	lncRNA	one-to-one	GENCODE.v47vsM3118
ENSG00000286608.3	lncRNA	ENSMUSG00000120503.2	lncRNA	many-to-many	GENCODE.v47vsM3119
ENSG00000307240.1	lncRNA	ENSMUSG00000125440.1	lncRNA	one-to-many	GENCODE.v47vsM3120
ENSG00000301449.1	lncRNA	ENSMUSG00000105871.2	lncRNA	many-to-many	GENCODE.v47vsM3121
ENSG00000175061.21	lncRNA	ENSMUSG00000085170.3	lncRNA	many-to-many	GENCODE.v47vsM3122
ENSG00000302428.1	lncRNA	ENSMUSG00000131399.1	lncRNA	one-to-many	GENCODE.v47vsM3123
ENSG00000294932.1	lncRNA	ENSMUSG00000125610.1	lncRNA	one-to-one	GENCODE.v47vsM3124
ENSG00000290766.1	lncRNA	ENSMUSG00000121315.2	lncRNA	many-to-many	GENCODE.v47vsM3125
ENSG00000253438.6	lncRNA	ENSMUSG00000116498.4	lncRNA	one-to-many	GENCODE.v47vsM3126
ENSG00000229839.7	lncRNA	ENSMUSG00000126632.1	lncRNA	many-to-many	GENCODE.v47vsM3127
ENSG00000283083.3	lncRNA	ENSMUSG00000131591.1	lncRNA	one-to-many	GENCODE.v47vsM3128
ENSG00000255427.1	lncRNA	ENSMUSG00000102686.2	lncRNA	one-to-many	GENCODE.v47vsM3129
ENSG00000286208.2	lncRNA	ENSMUSG00000121336.2	lncRNA	many-to-many	GENCODE.v47vsM3130
ENSG00000247228.4	lncRNA	ENSMUSG00000084808.9	lncRNA	one-to-half	GENCODE.v47vsM3131
ENSG00000308277.1	lncRNA	ENSMUSG00000087266.4	lncRNA	one-to-one	GENCODE.v47vsM3132
ENSG00000280266.1	lncRNA	ENSMUSG00000101930.3	lncRNA	one-to-many	GENCODE.v47vsM3133
ENSG00000237686.9	lncRNA	ENSMUSG00000126142.1	lncRNA	one-to-many	GENCODE.v47vsM3134
ENSG00000285300.2	lncRNA	ENSMUSG00000093573.3	lncRNA	one-to-many	GENCODE.v47vsM3135
ENSG00000308575.1	lncRNA	ENSMUSG00000133154.1	lncRNA	one-to-one	GENCODE.v47vsM3136
ENSG00000224666.5	lncRNA	ENSMUSG00000087693.3	lncRNA	one-to-one	GENCODE.v47vsM3137
ENSG00000257453.1	lncRNA	ENSMUSG00000100113.2	lncRNA	one-to-one	GENCODE.v47vsM3138
ENSG00000306501.1	lncRNA	ENSMUSG00000136981.1	lncRNA	one-to-one	GENCODE.v47vsM3139
ENSG00000250192.2	lncRNA	ENSMUSG00000107232.3	lncRNA	one-to-one	GENCODE.v47vsM3140
ENSG00000302879.1	lncRNA	ENSMUSG00000087684.3	lncRNA	one-to-one	GENCODE.v47vsM3141
ENSG00000306681.1	lncRNA	ENSMUSG00000135546.1	lncRNA	one-to-one	GENCODE.v47vsM3142
ENSG00000310516.1	lncRNA	ENSMUSG00000117264.3	lncRNA	one-to-one	GENCODE.v47vsM3143
ENSG00000293938.1	lncRNA	ENSMUSG00000086904.3	lncRNA	one-to-one	GENCODE.v47vsM3144
ENSG00000235831.9	lncRNA	ENSMUSG00000087341.6	lncRNA	one-to-one	GENCODE.v47vsM3145
ENSG00000295148.1	lncRNA	ENSMUSG00000103900.2	lncRNA	one-to-many	GENCODE.v47vsM3146
ENSG00000281809.2	lncRNA	ENSMUSG00000038408.17	lncRNA	one-to-one	GENCODE.v47vsM3147
ENSG00000308445.1	lncRNA	ENSMUSG00000120546.2	lncRNA	one-to-one	GENCODE.v47vsM3148
ENSG00000306747.1	lncRNA	ENSMUSG00000136450.1	lncRNA	one-to-one	GENCODE.v47vsM3149
ENSG00000296221.1	lncRNA	ENSMUSG00000108276.4	lncRNA	one-to-one	GENCODE.v47vsM3150
ENSG00000291200.2	lncRNA	ENSMUSG00000126505.1	lncRNA	many-to-many	GENCODE.v47vsM3151
ENSG00000235020.6	lncRNA	ENSMUSG00000103050.2	lncRNA	one-to-many	GENCODE.v47vsM3152
ENSG00000303921.1	lncRNA	ENSMUSG00000130996.1	lncRNA	many-to-many	GENCODE.v47vsM3153
ENSG00000299639.1	lncRNA	ENSMUSG00000123286.1	lncRNA	one-to-one	GENCODE.v47vsM3154
ENSG00000289317.3	lncRNA	ENSMUSG00000120978.1	lncRNA	one-to-half	GENCODE.v47vsM3155
ENSG00000300735.1	lncRNA	ENSMUSG00000074782.5	lncRNA	one-to-many	GENCODE.v47vsM3156
ENSG00000288045.1	lncRNA	ENSMUSG00000115324.3	lncRNA	one-to-one	GENCODE.v47vsM3157
ENSG00000300691.1	lncRNA	ENSMUSG00000114165.2	lncRNA	one-to-one	GENCODE.v47vsM3158
ENSG00000254369.7	lncRNA	ENSMUSG00000085696.9	lncRNA	one-to-one	GENCODE.v47vsM3159
ENSG00000308391.1	lncRNA	ENSMUSG00000127103.1	lncRNA	one-to-one	GENCODE.v47vsM3160
ENSG00000259687.5	lncRNA	ENSMUSG00000134982.1	lncRNA	one-to-one	GENCODE.v47vsM3161
ENSG00000291202.2	lncRNA	ENSMUSG00000136814.1	lncRNA	many-to-many	GENCODE.v47vsM3162
ENSG00000251209.12	lncRNA	ENSMUSG00000126848.1	lncRNA	one-to-many	GENCODE.v47vsM3163
ENSG00000295072.1	lncRNA	ENSMUSG00000138945.1	lncRNA	one-to-one	GENCODE.v47vsM3164
ENSG00000286998.1	lncRNA	ENSMUSG00000109501.2	lncRNA	one-to-one	GENCODE.v47vsM3165
ENSG00000293621.2	lncRNA	ENSMUSG00000109468.2	lncRNA	one-to-many	GENCODE.v47vsM3166
ENSG00000259336.1	lncRNA	ENSMUSG00000101266.2	lncRNA	one-to-one	GENCODE.v47vsM3167
ENSG00000306206.1	lncRNA	ENSMUSG00000112742.4	lncRNA	many-to-many	GENCODE.v47vsM3168
ENSG00000290663.2	lncRNA	ENSMUSG00000141783.1	lncRNA	many-to-many	GENCODE.v47vsM3169
ENSG00000296779.1	lncRNA	ENSMUSG00000097726.9	lncRNA	one-to-one	GENCODE.v47vsM3170
ENSG00000304529.1	lncRNA	ENSMUSG00000123863.1	lncRNA	one-to-many	GENCODE.v47vsM3171
ENSG00000286509.2	lncRNA	ENSMUSG00000132752.1	lncRNA	one-to-one	GENCODE.v47vsM3172
ENSG00000307769.1	lncRNA	ENSMUSG00000120094.2	lncRNA	one-to-half	GENCODE.v47vsM3173
ENSG00000307920.1	lncRNA	ENSMUSG00000133137.1	lncRNA	one-to-many	GENCODE.v47vsM3174
ENSG00000308055.1	lncRNA	ENSMUSG00000136487.1	lncRNA	one-to-one	GENCODE.v47vsM3175
ENSG00000267519.7	lncRNA	ENSMUSG00000097296.3	lncRNA	many-to-many	GENCODE.v47vsM3176
ENSG00000272256.1	lncRNA	ENSMUSG00000140217.1	lncRNA	one-to-one	GENCODE.v47vsM3177
ENSG00000295467.1	lncRNA	ENSMUSG00000112846.3	lncRNA	many-to-many	GENCODE.v47vsM3178
ENSG00000295803.1	lncRNA	ENSMUSG00000120366.2	lncRNA	one-to-many	GENCODE.v47vsM3179
ENSG00000288828.2	lncRNA	ENSMUSG00000122410.1	lncRNA	one-to-one	GENCODE.v47vsM3180
ENSG00000229839.7	lncRNA	ENSMUSG00000114688.3	lncRNA	many-to-many	GENCODE.v47vsM3181
ENSG00000270829.1	lncRNA	ENSMUSG00000128760.1	lncRNA	one-to-one	GENCODE.v47vsM3182
ENSG00000286044.2	lncRNA	ENSMUSG00000110862.3	lncRNA	one-to-many	GENCODE.v47vsM3183
ENSG00000259343.10	lncRNA	ENSMUSG00000094841.4	lncRNA	many-to-many	GENCODE.v47vsM3184
ENSG00000270959.3	lncRNA	ENSMUSG00000119959.2	lncRNA	one-to-one	GENCODE.v47vsM3185
ENSG00000258476.9	lncRNA	ENSMUSG00000100138.2	lncRNA	one-to-many	GENCODE.v47vsM3186
ENSG00000260101.3	lncRNA	ENSMUSG00000120343.2	lncRNA	one-to-one	GENCODE.v47vsM3187
ENSG00000248429.6	lncRNA	ENSMUSG00000102191.4	lncRNA	many-to-many	GENCODE.v47vsM3188
ENSG00000285169.3	lncRNA	ENSMUSG00000138846.1	lncRNA	one-to-one	GENCODE.v47vsM3189
ENSG00000309639.1	lncRNA	ENSMUSG00000117915.2	lncRNA	one-to-one	GENCODE.v47vsM3190
ENSG00000265408.1	lncRNA	ENSMUSG00000121420.1	lncRNA	many-to-many	GENCODE.v47vsM3191
ENSG00000295030.1	lncRNA	ENSMUSG00000111058.4	lncRNA	one-to-many	GENCODE.v47vsM3192
ENSG00000278722.1	lncRNA	ENSMUSG00000126219.1	lncRNA	one-to-one	GENCODE.v47vsM3193
ENSG00000308072.1	lncRNA	ENSMUSG00000120240.2	lncRNA	one-to-one	GENCODE.v47vsM3194
ENSG00000304538.1	lncRNA	ENSMUSG00000129579.1	lncRNA	one-to-one	GENCODE.v47vsM3195
ENSG00000295355.1	lncRNA	ENSMUSG00000085929.4	lncRNA	one-to-many	GENCODE.v47vsM3196
ENSG00000250938.9	lncRNA	ENSMUSG00000107479.3	lncRNA	one-to-many	GENCODE.v47vsM3197
ENSG00000253802.3	lncRNA	ENSMUSG00000109419.3	lncRNA	one-to-one	GENCODE.v47vsM3198
ENSG00000297927.1	lncRNA	ENSMUSG00000087213.5	lncRNA	one-to-many	GENCODE.v47vsM3199
ENSG00000299635.1	lncRNA	ENSMUSG00000107341.3	lncRNA	one-to-one	GENCODE.v47vsM3200
ENSG00000309205.1	lncRNA	ENSMUSG00000103408.3	lncRNA	many-to-many	GENCODE.v47vsM3201
ENSG00000234427.2	lncRNA	ENSMUSG00000103479.2	lncRNA	one-to-many	GENCODE.v47vsM3202
ENSG00000225746.15	lncRNA	ENSMUSG00000102657.2	lncRNA	many-to-many	GENCODE.v47vsM3203
ENSG00000260589.1	lncRNA	ENSMUSG00000086657.5	lncRNA	one-to-one	GENCODE.v47vsM3204
ENSG00000248587.9	lncRNA	ENSMUSG00000142403.1	lncRNA	one-to-many	GENCODE.v47vsM3205
ENSG00000294878.1	lncRNA	ENSMUSG00000124380.1	lncRNA	one-to-one	GENCODE.v47vsM3206
ENSG00000306862.1	lncRNA	ENSMUSG00000120484.2	lncRNA	one-to-many	GENCODE.v47vsM3207
ENSG00000228956.10	lncRNA	ENSMUSG00000117175.3	lncRNA	one-to-many	GENCODE.v47vsM3208
ENSG00000233016.10	lncRNA	ENSMUSG00000135327.1	lncRNA	many-to-many	GENCODE.v47vsM3209
ENSG00000298513.1	lncRNA	ENSMUSG00000125771.1	lncRNA	one-to-one	GENCODE.v47vsM3210
ENSG00000293508.2	lncRNA	ENSMUSG00000092474.3	lncRNA	many-to-many	GENCODE.v47vsM3211
ENSG00000295742.1	lncRNA	ENSMUSG00000141778.1	lncRNA	one-to-one	GENCODE.v47vsM3212
ENSG00000233610.3	lncRNA	ENSMUSG00000120611.2	lncRNA	one-to-one	GENCODE.v47vsM3213
ENSG00000293648.1	lncRNA	ENSMUSG00000101919.2	lncRNA	many-to-many	GENCODE.v47vsM3214
ENSG00000267257.1	lncRNA	ENSMUSG00000118101.2	lncRNA	one-to-one	GENCODE.v47vsM3215
ENSG00000296517.1	lncRNA	ENSMUSG00000117427.3	lncRNA	one-to-one	GENCODE.v47vsM3216
ENSG00000307510.1	lncRNA	ENSMUSG00000110246.4	lncRNA	one-to-many	GENCODE.v47vsM3217
ENSG00000228395.4	lncRNA	ENSMUSG00000143613.1	lncRNA	many-to-many	GENCODE.v47vsM3218
ENSG00000248332.6	lncRNA	ENSMUSG00000132074.1	lncRNA	one-to-one	GENCODE.v47vsM3219
ENSG00000289928.2	lncRNA	ENSMUSG00000138046.1	lncRNA	one-to-one	GENCODE.v47vsM3220
ENSG00000286575.2	lncRNA	ENSMUSG00000135216.1	lncRNA	one-to-one	GENCODE.v47vsM3221
ENSG00000302065.1	lncRNA	ENSMUSG00000115973.3	lncRNA	one-to-half	GENCODE.v47vsM3222
ENSG00000306553.1	lncRNA	ENSMUSG00000127089.1	lncRNA	one-to-one	GENCODE.v47vsM3223
ENSG00000271065.2	lncRNA	ENSMUSG00000116504.4	lncRNA	one-to-one	GENCODE.v47vsM3224
ENSG00000228293.1	lncRNA	ENSMUSG00000126148.1	lncRNA	one-to-one	GENCODE.v47vsM3225
ENSG00000293092.2	lncRNA	ENSMUSG00000111447.3	lncRNA	many-to-many	GENCODE.v47vsM3226
ENSG00000303251.1	lncRNA	ENSMUSG00000123521.1	lncRNA	many-to-many	GENCODE.v47vsM3227
ENSG00000282787.1	lncRNA	ENSMUSG00000138954.1	lncRNA	one-to-one	GENCODE.v47vsM3228
ENSG00000289916.2	lncRNA	ENSMUSG00000134084.1	lncRNA	one-to-many	GENCODE.v47vsM3229
ENSG00000304011.1	lncRNA	ENSMUSG00000121086.2	lncRNA	one-to-many	GENCODE.v47vsM3230
ENSG00000289916.2	lncRNA	ENSMUSG00000071181.4	lncRNA	one-to-many	GENCODE.v47vsM3231
ENSG00000297572.1	lncRNA	ENSMUSG00000135236.1	lncRNA	one-to-one	GENCODE.v47vsM3232
ENSG00000260708.3	lncRNA	ENSMUSG00000120224.2	lncRNA	one-to-one	GENCODE.v47vsM3233
ENSG00000307038.1	lncRNA	ENSMUSG00000104117.7	lncRNA	many-to-many	GENCODE.v47vsM3234
ENSG00000299264.1	lncRNA	ENSMUSG00000120029.2	lncRNA	many-to-many	GENCODE.v47vsM3235
ENSG00000297373.1	lncRNA	ENSMUSG00000139989.1	lncRNA	one-to-half	GENCODE.v47vsM3236
ENSG00000301051.1	lncRNA	ENSMUSG00000118300.3	lncRNA	one-to-one	GENCODE.v47vsM3237
ENSG00000289863.2	lncRNA	ENSMUSG00000120629.2	lncRNA	one-to-many	GENCODE.v47vsM3238
ENSG00000303697.1	lncRNA	ENSMUSG00000104669.4	lncRNA	one-to-half	GENCODE.v47vsM3239
ENSG00000226005.7	lncRNA	ENSMUSG00000114053.4	lncRNA	one-to-many	GENCODE.v47vsM3240
ENSG00000294135.1	lncRNA	ENSMUSG00000132781.1	lncRNA	many-to-many	GENCODE.v47vsM3241
ENSG00000304023.1	lncRNA	ENSMUSG00000138208.1	lncRNA	one-to-one	GENCODE.v47vsM3242
ENSG00000283638.4	lncRNA	ENSMUSG00000086173.9	lncRNA	many-to-many	GENCODE.v47vsM3243
ENSG00000309898.1	lncRNA	ENSMUSG00000117861.3	lncRNA	one-to-one	GENCODE.v47vsM3244
ENSG00000263618.5	lncRNA	ENSMUSG00000139629.1	lncRNA	one-to-one	GENCODE.v47vsM3245
ENSG00000302251.1	lncRNA	ENSMUSG00000043833.9	lncRNA	one-to-many	GENCODE.v47vsM3246
ENSG00000203279.7	lncRNA	ENSMUSG00000121336.2	lncRNA	many-to-many	GENCODE.v47vsM3247
ENSG00000300717.1	lncRNA	ENSMUSG00000108244.3	lncRNA	one-to-one	GENCODE.v47vsM3248
ENSG00000293597.3	lncRNA	ENSMUSG00000102389.2	lncRNA	many-to-many	GENCODE.v47vsM3249
ENSG00000306016.1	lncRNA	ENSMUSG00000120723.1	lncRNA	one-to-one	GENCODE.v47vsM3250
ENSG00000232358.2	lncRNA	ENSMUSG00000131980.1	lncRNA	one-to-one	GENCODE.v47vsM3251
ENSG00000303251.1	lncRNA	ENSMUSG00000102297.2	lncRNA	many-to-many	GENCODE.v47vsM3252
ENSG00000290030.2	lncRNA	ENSMUSG00000113735.3	lncRNA	one-to-one	GENCODE.v47vsM3253
ENSG00000230798.8	lncRNA	ENSMUSG00000122671.1	lncRNA	many-to-many	GENCODE.v47vsM3254
ENSG00000248092.9	lncRNA	ENSMUSG00000128774.1	lncRNA	one-to-one	GENCODE.v47vsM3255
ENSG00000246560.4	lncRNA	ENSMUSG00000121487.2	lncRNA	many-to-many	GENCODE.v47vsM3256
ENSG00000227906.11	lncRNA	ENSMUSG00000124586.1	lncRNA	one-to-many	GENCODE.v47vsM3257
ENSG00000177822.11	lncRNA	ENSMUSG00000125695.1	lncRNA	one-to-many	GENCODE.v47vsM3258
ENSG00000301730.1	lncRNA	ENSMUSG00000119987.2	lncRNA	one-to-one	GENCODE.v47vsM3259
ENSG00000214146.4	lncRNA	ENSMUSG00000075286.6	lncRNA	many-to-many	GENCODE.v47vsM3260
ENSG00000284726.1	lncRNA	ENSMUSG00000098155.2	lncRNA	one-to-one	GENCODE.v47vsM3261
ENSG00000224870.10	lncRNA	ENSMUSG00000123461.1	lncRNA	one-to-one	GENCODE.v47vsM3262
ENSG00000310036.1	lncRNA	ENSMUSG00000127950.1	lncRNA	one-to-one	GENCODE.v47vsM3263
ENSG00000287156.2	lncRNA	ENSMUSG00000086746.5	lncRNA	one-to-many	GENCODE.v47vsM3264
ENSG00000267475.4	lncRNA	ENSMUSG00000097509.2	lncRNA	one-to-one	GENCODE.v47vsM3265
ENSG00000293004.1	lncRNA	ENSMUSG00000128955.1	lncRNA	many-to-many	GENCODE.v47vsM3266
ENSG00000279212.1	lncRNA	ENSMUSG00000140518.1	lncRNA	one-to-many	GENCODE.v47vsM3267
ENSG00000228649.12	lncRNA	ENSMUSG00000125292.1	lncRNA	many-to-many	GENCODE.v47vsM3268
ENSG00000301947.1	lncRNA	ENSMUSG00000139371.1	lncRNA	one-to-many	GENCODE.v47vsM3269
ENSG00000297352.1	lncRNA	ENSMUSG00000106644.3	lncRNA	one-to-many	GENCODE.v47vsM3270
ENSG00000253282.2	lncRNA	ENSMUSG00000127355.1	lncRNA	one-to-one	GENCODE.v47vsM3271
ENSG00000308126.1	lncRNA	ENSMUSG00000125630.1	lncRNA	one-to-one	GENCODE.v47vsM3272
ENSG00000304159.1	lncRNA	ENSMUSG00000129022.1	lncRNA	one-to-one	GENCODE.v47vsM3273
ENSG00000204091.9	lncRNA	ENSMUSG00000101012.8	lncRNA	one-to-many	GENCODE.v47vsM3274
ENSG00000197308.10	lncRNA	ENSMUSG00000025783.4	lncRNA	one-to-many	GENCODE.v47vsM3275
ENSG00000184274.4	lncRNA	ENSMUSG00000141761.1	lncRNA	one-to-many	GENCODE.v47vsM3276
ENSG00000247675.9	lncRNA	ENSMUSG00000129773.1	lncRNA	one-to-one	GENCODE.v47vsM3277
ENSG00000226741.3	lncRNA	ENSMUSG00000085271.10	lncRNA	one-to-one	GENCODE.v47vsM3278
ENSG00000278356.1	lncRNA	ENSMUSG00000121641.1	lncRNA	many-to-many	GENCODE.v47vsM3279
ENSG00000288717.2	lncRNA	ENSMUSG00000120808.1	lncRNA	one-to-one	GENCODE.v47vsM3280
ENSG00000234169.2	lncRNA	ENSMUSG00000104188.2	lncRNA	one-to-one	GENCODE.v47vsM3281
ENSG00000291015.2	lncRNA	ENSMUSG00000124550.1	lncRNA	many-to-many	GENCODE.v47vsM3282
ENSG00000254350.2	lncRNA	ENSMUSG00000104099.2	lncRNA	one-to-one	GENCODE.v47vsM3283
ENSG00000287068.2	lncRNA	ENSMUSG00000131646.1	lncRNA	one-to-one	GENCODE.v47vsM3284
ENSG00000235020.6	lncRNA	ENSMUSG00000104106.3	lncRNA	one-to-many	GENCODE.v47vsM3285
ENSG00000310262.1	lncRNA	ENSMUSG00000130608.1	lncRNA	many-to-many	GENCODE.v47vsM3286
ENSG00000276728.3	lncRNA	ENSMUSG00000120351.2	lncRNA	many-to-many	GENCODE.v47vsM3287
ENSG00000298284.1	lncRNA	ENSMUSG00000097797.8	lncRNA	one-to-many	GENCODE.v47vsM3288
ENSG00000187621.17	lncRNA	ENSMUSG00000140451.1	lncRNA	one-to-many	GENCODE.v47vsM3289
ENSG00000225765.4	lncRNA	ENSMUSG00000101919.2	lncRNA	one-to-many	GENCODE.v47vsM3290
ENSG00000293086.2	lncRNA	ENSMUSG00000129077.1	lncRNA	many-to-many	GENCODE.v47vsM3291
ENSG00000229923.2	lncRNA	ENSMUSG00000133577.1	lncRNA	one-to-one	GENCODE.v47vsM3292
ENSG00000299952.1	lncRNA	ENSMUSG00000135749.1	lncRNA	many-to-many	GENCODE.v47vsM3293
ENSG00000249085.3	lncRNA	ENSMUSG00000114414.3	lncRNA	one-to-many	GENCODE.v47vsM3294
ENSG00000267272.5	lncRNA	ENSMUSG00000132988.1	lncRNA	one-to-one	GENCODE.v47vsM3295
ENSG00000290399.2	lncRNA	ENSMUSG00000109428.2	lncRNA	many-to-many	GENCODE.v47vsM3296
ENSG00000307544.1	lncRNA	ENSMUSG00000135834.1	lncRNA	one-to-many	GENCODE.v47vsM3297
ENSG00000288939.2	lncRNA	ENSMUSG00000134904.1	lncRNA	one-to-one	GENCODE.v47vsM3298
ENSG00000248554.2	lncRNA	ENSMUSG00000132794.1	lncRNA	one-to-many	GENCODE.v47vsM3299
ENSG00000233547.2	lncRNA	ENSMUSG00000130152.1	lncRNA	one-to-one	GENCODE.v47vsM3300
ENSG00000259515.1	lncRNA	ENSMUSG00000097381.4	lncRNA	one-to-many	GENCODE.v47vsM3301
ENSG00000290880.2	lncRNA	ENSMUSG00000138136.1	lncRNA	many-to-many	GENCODE.v47vsM3302
ENSG00000255929.7	lncRNA	ENSMUSG00000136815.1	lncRNA	one-to-many	GENCODE.v47vsM3303
ENSG00000237463.8	lncRNA	ENSMUSG00000132256.1	lncRNA	many-to-many	GENCODE.v47vsM3304
ENSG00000267244.5	lncRNA	ENSMUSG00000135189.1	lncRNA	one-to-many	GENCODE.v47vsM3305
ENSG00000289378.2	lncRNA	ENSMUSG00000134302.1	lncRNA	one-to-one	GENCODE.v47vsM3306
ENSG00000285648.2	lncRNA	ENSMUSG00000062391.5	lncRNA	many-to-many	GENCODE.v47vsM3307
ENSG00000226137.6	lncRNA	ENSMUSG00000085207.4	lncRNA	one-to-many	GENCODE.v47vsM3308
ENSG00000272142.5	lncRNA	ENSMUSG00000114270.3	lncRNA	one-to-many	GENCODE.v47vsM3309
ENSG00000258667.5	lncRNA	ENSMUSG00000087700.5	lncRNA	one-to-one	GENCODE.v47vsM3310
ENSG00000235358.3	lncRNA	ENSMUSG00000114792.3	lncRNA	one-to-many	GENCODE.v47vsM3311
ENSG00000225362.11	lncRNA	ENSMUSG00000141272.1	lncRNA	one-to-one	GENCODE.v47vsM3312
ENSG00000306244.1	lncRNA	ENSMUSG00000133472.1	lncRNA	one-to-one	GENCODE.v47vsM3313
ENSG00000291024.2	lncRNA	ENSMUSG00000121903.1	lncRNA	many-to-many	GENCODE.v47vsM3314
ENSG00000203288.7	lncRNA	ENSMUSG00000097515.4	lncRNA	one-to-one	GENCODE.v47vsM3315
ENSG00000301731.1	lncRNA	ENSMUSG00000116655.2	lncRNA	one-to-one	GENCODE.v47vsM3316
ENSG00000267506.8	lncRNA	ENSMUSG00000069588.5	lncRNA	one-to-many	GENCODE.v47vsM3317
ENSG00000267296.3	lncRNA	ENSMUSG00000108624.3	lncRNA	one-to-one	GENCODE.v47vsM3318
ENSG00000204091.9	lncRNA	ENSMUSG00000128803.1	lncRNA	one-to-many	GENCODE.v47vsM3319
ENSG00000205622.14	lncRNA	ENSMUSG00000117232.3	lncRNA	one-to-many	GENCODE.v47vsM3320
ENSG00000249601.2	lncRNA	ENSMUSG00000086243.3	lncRNA	one-to-one	GENCODE.v47vsM3321
ENSG00000296265.1	lncRNA	ENSMUSG00000097119.4	lncRNA	one-to-one	GENCODE.v47vsM3322
ENSG00000234862.2	lncRNA	ENSMUSG00000051986.7	lncRNA	one-to-one	GENCODE.v47vsM3323
ENSG00000224805.3	lncRNA	ENSMUSG00000143687.1	lncRNA	one-to-one	GENCODE.v47vsM3324
ENSG00000307311.1	lncRNA	ENSMUSG00000129923.1	lncRNA	one-to-one	GENCODE.v47vsM3325
ENSG00000287259.2	lncRNA	ENSMUSG00000136975.1	lncRNA	one-to-one	GENCODE.v47vsM3326
ENSG00000302883.1	lncRNA	ENSMUSG00000122236.1	lncRNA	one-to-one	GENCODE.v47vsM3327
ENSG00000305630.1	lncRNA	ENSMUSG00000097204.5	lncRNA	one-to-one	GENCODE.v47vsM3328
ENSG00000224259.10	lncRNA	ENSMUSG00000102278.2	lncRNA	many-to-many	GENCODE.v47vsM3329
ENSG00000197536.12	lncRNA	ENSMUSG00000091191.4	lncRNA	many-to-many	GENCODE.v47vsM3330
ENSG00000286910.2	lncRNA	ENSMUSG00000109761.3	lncRNA	one-to-one	GENCODE.v47vsM3331
ENSG00000231090.2	lncRNA	ENSMUSG00000085790.3	lncRNA	many-to-many	GENCODE.v47vsM3332
ENSG00000295341.1	lncRNA	ENSMUSG00000143981.1	lncRNA	one-to-one	GENCODE.v47vsM3333
ENSG00000302153.1	lncRNA	ENSMUSG00000086326.3	lncRNA	one-to-one	GENCODE.v47vsM3334
ENSG00000232638.2	lncRNA	ENSMUSG00000141625.1	lncRNA	one-to-one	GENCODE.v47vsM3335
ENSG00000198221.13	lncRNA	ENSMUSG00000038347.16	lncRNA	one-to-one	GENCODE.v47vsM3336
ENSG00000254578.1	lncRNA	ENSMUSG00000124379.1	lncRNA	one-to-one	GENCODE.v47vsM3337
ENSG00000267416.3	lncRNA	ENSMUSG00000139280.1	lncRNA	one-to-many	GENCODE.v47vsM3338
ENSG00000279968.4	lncRNA	ENSMUSG00000096977.4	lncRNA	many-to-many	GENCODE.v47vsM3339
ENSG00000267882.2	lncRNA	ENSMUSG00000085274.2	lncRNA	one-to-one	GENCODE.v47vsM3340
ENSG00000288723.2	lncRNA	ENSMUSG00000140340.1	lncRNA	one-to-one	GENCODE.v47vsM3341
ENSG00000302970.1	lncRNA	ENSMUSG00000135447.1	lncRNA	one-to-one	GENCODE.v47vsM3342
ENSG00000295389.1	lncRNA	ENSMUSG00000109128.3	lncRNA	one-to-one	GENCODE.v47vsM3343
ENSG00000250838.2	lncRNA	ENSMUSG00000099928.3	lncRNA	one-to-one	GENCODE.v47vsM3344
ENSG00000300487.1	lncRNA	ENSMUSG00000140986.1	lncRNA	one-to-one	GENCODE.v47vsM3345
ENSG00000287166.2	lncRNA	ENSMUSG00000098784.4	lncRNA	many-to-many	GENCODE.v47vsM3346
ENSG00000257337.10	lncRNA	ENSMUSG00000135450.1	lncRNA	one-to-many	GENCODE.v47vsM3347
ENSG00000291096.2	lncRNA	ENSMUSG00000124377.1	lncRNA	many-to-many	GENCODE.v47vsM3348
ENSG00000264672.7	lncRNA	ENSMUSG00000123495.1	lncRNA	one-to-many	GENCODE.v47vsM3349
ENSG00000288813.2	lncRNA	ENSMUSG00000130106.1	lncRNA	many-to-many	GENCODE.v47vsM3350
ENSG00000224186.8	lncRNA	ENSMUSG00000114493.5	lncRNA	one-to-one	GENCODE.v47vsM3351
ENSG00000289709.2	lncRNA	ENSMUSG00000126943.1	lncRNA	one-to-one	GENCODE.v47vsM3352
ENSG00000249808.5	lncRNA	ENSMUSG00000129549.1	lncRNA	one-to-one	GENCODE.v47vsM3353
ENSG00000233008.9	lncRNA	ENSMUSG00000103334.3	lncRNA	one-to-many	GENCODE.v47vsM3354
ENSG00000273973.1	lncRNA	ENSMUSG00000123815.1	lncRNA	one-to-one	GENCODE.v47vsM3355
ENSG00000234350.8	lncRNA	ENSMUSG00000086515.3	lncRNA	one-to-many	GENCODE.v47vsM3356
ENSG00000272273.4	lncRNA	ENSMUSG00000126043.1	lncRNA	one-to-one	GENCODE.v47vsM3357
ENSG00000270412.2	lncRNA	ENSMUSG00000087500.3	lncRNA	one-to-one	GENCODE.v47vsM3358
ENSG00000275613.3	lncRNA	ENSMUSG00000087407.3	lncRNA	one-to-one	GENCODE.v47vsM3359
ENSG00000302754.1	lncRNA	ENSMUSG00000112774.4	lncRNA	one-to-one	GENCODE.v47vsM3360
ENSG00000306675.1	lncRNA	ENSMUSG00000130134.1	lncRNA	one-to-one	GENCODE.v47vsM3361
ENSG00000261307.1	lncRNA	ENSMUSG00000117960.3	lncRNA	one-to-one	GENCODE.v47vsM3362
ENSG00000309737.1	lncRNA	ENSMUSG00000084816.3	lncRNA	one-to-many	GENCODE.v47vsM3363
ENSG00000289961.2	lncRNA	ENSMUSG00000140488.1	lncRNA	one-to-many	GENCODE.v47vsM3364
ENSG00000291094.2	lncRNA	ENSMUSG00000124916.1	lncRNA	many-to-many	GENCODE.v47vsM3365
ENSG00000306480.1	lncRNA	ENSMUSG00000106589.3	lncRNA	one-to-one	GENCODE.v47vsM3366
ENSG00000305727.1	lncRNA	ENSMUSG00000120704.2	lncRNA	one-to-one	GENCODE.v47vsM3367
ENSG00000295685.1	lncRNA	ENSMUSG00000097321.8	lncRNA	one-to-many	GENCODE.v47vsM3368
ENSG00000179743.5	lncRNA	ENSMUSG00000124722.1	lncRNA	one-to-many	GENCODE.v47vsM3369
ENSG00000306178.1	lncRNA	ENSMUSG00000087213.5	lncRNA	one-to-many	GENCODE.v47vsM3370
ENSG00000229619.6	lncRNA	ENSMUSG00000139722.1	lncRNA	one-to-half	GENCODE.v47vsM3371
ENSG00000251022.6	lncRNA	ENSMUSG00000097772.10	lncRNA	one-to-many	GENCODE.v47vsM3372
ENSG00000295677.1	lncRNA	ENSMUSG00000105279.3	lncRNA	one-to-many	GENCODE.v47vsM3373
ENSG00000287862.2	lncRNA	ENSMUSG00000127984.1	lncRNA	one-to-many	GENCODE.v47vsM3374
ENSG00000205452.6	lncRNA	ENSMUSG00000120414.2	lncRNA	many-to-many	GENCODE.v47vsM3375
ENSG00000235119.1	lncRNA	ENSMUSG00000120352.2	lncRNA	one-to-many	GENCODE.v47vsM3376
ENSG00000250451.6	lncRNA	ENSMUSG00000135994.1	lncRNA	one-to-one	GENCODE.v47vsM3377
ENSG00000305096.1	lncRNA	ENSMUSG00000126666.1	lncRNA	one-to-one	GENCODE.v47vsM3378
ENSG00000301894.1	lncRNA	ENSMUSG00000130640.1	lncRNA	one-to-one	GENCODE.v47vsM3379
ENSG00000304808.1	lncRNA	ENSMUSG00000133579.1	lncRNA	one-to-many	GENCODE.v47vsM3380
ENSG00000306164.1	lncRNA	ENSMUSG00000135569.1	lncRNA	many-to-many	GENCODE.v47vsM3381
ENSG00000234948.3	lncRNA	ENSMUSG00000129522.1	lncRNA	one-to-many	GENCODE.v47vsM3382
ENSG00000295276.1	lncRNA	ENSMUSG00000120811.2	lncRNA	one-to-many	GENCODE.v47vsM3383
ENSG00000225936.3	lncRNA	ENSMUSG00000101630.2	lncRNA	one-to-one	GENCODE.v47vsM3384
ENSG00000266835.8	lncRNA	ENSMUSG00000134043.1	lncRNA	one-to-one	GENCODE.v47vsM3385
ENSG00000305354.1	lncRNA	ENSMUSG00000115009.3	lncRNA	one-to-one	GENCODE.v47vsM3386
ENSG00000224865.9	lncRNA	ENSMUSG00000132597.1	lncRNA	one-to-one	GENCODE.v47vsM3387
ENSG00000302760.1	lncRNA	ENSMUSG00000133665.1	lncRNA	one-to-one	GENCODE.v47vsM3388
ENSG00000305757.1	lncRNA	ENSMUSG00000109930.3	lncRNA	one-to-one	GENCODE.v47vsM3389
ENSG00000227946.4	lncRNA	ENSMUSG00000084799.10	lncRNA	one-to-one	GENCODE.v47vsM3390
ENSG00000289469.3	lncRNA	ENSMUSG00000123497.1	lncRNA	one-to-many	GENCODE.v47vsM3391
ENSG00000307521.1	lncRNA	ENSMUSG00000132541.1	lncRNA	one-to-many	GENCODE.v47vsM3392
ENSG00000204929.14	lncRNA	ENSMUSG00000138860.1	lncRNA	many-to-many	GENCODE.v47vsM3393
ENSG00000308310.1	lncRNA	ENSMUSG00000142054.1	lncRNA	one-to-many	GENCODE.v47vsM3394
ENSG00000308735.1	lncRNA	ENSMUSG00000128021.1	lncRNA	one-to-one	GENCODE.v47vsM3395
ENSG00000176124.16	lncRNA	ENSMUSG00000120127.2	lncRNA	many-to-many	GENCODE.v47vsM3396
ENSG00000300641.1	lncRNA	ENSMUSG00000137929.1	lncRNA	many-to-many	GENCODE.v47vsM3397
ENSG00000196366.3	lncRNA	ENSMUSG00000086714.4	lncRNA	one-to-one	GENCODE.v47vsM3398
ENSG00000305352.1	lncRNA	ENSMUSG00000134033.1	lncRNA	one-to-many	GENCODE.v47vsM3399
ENSG00000286670.2	lncRNA	ENSMUSG00000117692.4	lncRNA	one-to-many	GENCODE.v47vsM3400
ENSG00000298462.1	lncRNA	ENSMUSG00000110115.3	lncRNA	one-to-one	GENCODE.v47vsM3401
ENSG00000290718.2	lncRNA	ENSMUSG00000130761.1	lncRNA	many-to-many	GENCODE.v47vsM3402
ENSG00000244625.8	lncRNA	ENSMUSG00000139603.1	lncRNA	many-to-many	GENCODE.v47vsM3403
ENSG00000234222.7	lncRNA	ENSMUSG00000121819.2	lncRNA	many-to-many	GENCODE.v47vsM3404
ENSG00000258457.6	lncRNA	ENSMUSG00000137702.1	lncRNA	one-to-many	GENCODE.v47vsM3405
ENSG00000236445.6	lncRNA	ENSMUSG00000089964.2	lncRNA	one-to-one	GENCODE.v47vsM3406
ENSG00000245322.9	lncRNA	ENSMUSG00000105427.3	lncRNA	many-to-many	GENCODE.v47vsM3407
ENSG00000310508.1	lncRNA	ENSMUSG00000079505.4	lncRNA	many-to-many	GENCODE.v47vsM3408
ENSG00000304115.1	lncRNA	ENSMUSG00000143537.1	lncRNA	one-to-many	GENCODE.v47vsM3409
ENSG00000254873.2	lncRNA	ENSMUSG00000111082.4	lncRNA	one-to-one	GENCODE.v47vsM3410
ENSG00000259923.2	lncRNA	ENSMUSG00000141783.1	lncRNA	many-to-many	GENCODE.v47vsM3411
ENSG00000306606.1	lncRNA	ENSMUSG00000111658.3	lncRNA	one-to-one	GENCODE.v47vsM3412
ENSG00000294778.1	lncRNA	ENSMUSG00000043794.10	lncRNA	one-to-one	GENCODE.v47vsM3413
ENSG00000286069.3	lncRNA	ENSMUSG00000128537.1	lncRNA	many-to-many	GENCODE.v47vsM3414
ENSG00000288748.2	lncRNA	ENSMUSG00000120486.2	lncRNA	one-to-one	GENCODE.v47vsM3415
ENSG00000234494.9	lncRNA	ENSMUSG00000137966.1	lncRNA	one-to-many	GENCODE.v47vsM3416
ENSG00000302134.1	lncRNA	ENSMUSG00000143980.1	lncRNA	one-to-one	GENCODE.v47vsM3417
ENSG00000236137.2	lncRNA	ENSMUSG00000143149.1	lncRNA	one-to-one	GENCODE.v47vsM3418
ENSG00000301460.1	lncRNA	ENSMUSG00000089827.3	lncRNA	one-to-one	GENCODE.v47vsM3419
ENSG00000293611.1	lncRNA	ENSMUSG00000131433.1	lncRNA	one-to-one	GENCODE.v47vsM3420
ENSG00000303915.1	lncRNA	ENSMUSG00000085733.3	lncRNA	one-to-many	GENCODE.v47vsM3421
ENSG00000308563.1	lncRNA	ENSMUSG00000131221.1	lncRNA	one-to-many	GENCODE.v47vsM3422
ENSG00000245385.2	lncRNA	ENSMUSG00000111632.2	lncRNA	one-to-many	GENCODE.v47vsM3423
ENSG00000243479.4	lncRNA	ENSMUSG00000128808.1	lncRNA	one-to-many	GENCODE.v47vsM3424
ENSG00000306678.1	lncRNA	ENSMUSG00000141869.1	lncRNA	one-to-one	GENCODE.v47vsM3425
ENSG00000259555.2	lncRNA	ENSMUSG00000111050.2	lncRNA	one-to-one	GENCODE.v47vsM3426
ENSG00000283973.3	lncRNA	ENSMUSG00000120599.2	lncRNA	one-to-one	GENCODE.v47vsM3427
ENSG00000290683.2	lncRNA	ENSMUSG00000121815.1	lncRNA	many-to-many	GENCODE.v47vsM3428
ENSG00000279774.1	lncRNA	ENSMUSG00000102432.3	lncRNA	one-to-many	GENCODE.v47vsM3429
ENSG00000233739.1	lncRNA	ENSMUSG00000142903.1	lncRNA	one-to-one	GENCODE.v47vsM3430
ENSG00000246859.4	lncRNA	ENSMUSG00000125073.1	lncRNA	one-to-one	GENCODE.v47vsM3431
ENSG00000286161.1	lncRNA	ENSMUSG00000128868.1	lncRNA	many-to-many	GENCODE.v47vsM3432
ENSG00000264107.2	lncRNA	ENSMUSG00000120210.2	lncRNA	many-to-many	GENCODE.v47vsM3433
ENSG00000226516.8	lncRNA	ENSMUSG00000139670.1	lncRNA	many-to-many	GENCODE.v47vsM3434
ENSG00000264345.3	lncRNA	ENSMUSG00000117608.3	lncRNA	many-to-many	GENCODE.v47vsM3435
ENSG00000287033.3	lncRNA	ENSMUSG00000097416.6	lncRNA	one-to-many	GENCODE.v47vsM3436
ENSG00000270071.6	lncRNA	ENSMUSG00000102344.3	lncRNA	one-to-many	GENCODE.v47vsM3437
ENSG00000258647.7	lncRNA	ENSMUSG00000108448.4	lncRNA	one-to-many	GENCODE.v47vsM3438
ENSG00000295835.1	lncRNA	ENSMUSG00000131609.1	lncRNA	one-to-many	GENCODE.v47vsM3439
ENSG00000309813.1	lncRNA	ENSMUSG00000111200.3	lncRNA	one-to-one	GENCODE.v47vsM3440
ENSG00000255794.12	lncRNA	ENSMUSG00000112117.4	lncRNA	many-to-many	GENCODE.v47vsM3441
ENSG00000298933.1	lncRNA	ENSMUSG00000087213.5	lncRNA	one-to-many	GENCODE.v47vsM3442
ENSG00000285090.2	lncRNA	ENSMUSG00000122837.1	lncRNA	one-to-many	GENCODE.v47vsM3443
ENSG00000237976.3	lncRNA	ENSMUSG00000129094.1	lncRNA	many-to-many	GENCODE.v47vsM3444
ENSG00000224649.2	lncRNA	ENSMUSG00000120450.2	lncRNA	one-to-many	GENCODE.v47vsM3445
ENSG00000283959.3	lncRNA	ENSMUSG00000115456.3	lncRNA	one-to-one	GENCODE.v47vsM3446
ENSG00000290093.1	lncRNA	ENSMUSG00000121256.2	lncRNA	one-to-one	GENCODE.v47vsM3447
ENSG00000307534.1	lncRNA	ENSMUSG00000140100.1	lncRNA	one-to-many	GENCODE.v47vsM3448
ENSG00000250634.8	lncRNA	ENSMUSG00000067285.6	lncRNA	many-to-many	GENCODE.v47vsM3449
ENSG00000268756.2	lncRNA	ENSMUSG00000139687.1	lncRNA	one-to-one	GENCODE.v47vsM3450
ENSG00000259717.2	lncRNA	ENSMUSG00000129524.1	lncRNA	one-to-one	GENCODE.v47vsM3451
ENSG00000294611.1	lncRNA	ENSMUSG00000142193.1	lncRNA	many-to-many	GENCODE.v47vsM3452
ENSG00000305469.1	lncRNA	ENSMUSG00000123527.1	lncRNA	one-to-many	GENCODE.v47vsM3453
ENSG00000310431.1	lncRNA	ENSMUSG00000126289.1	lncRNA	one-to-many	GENCODE.v47vsM3454
ENSG00000254639.2	lncRNA	ENSMUSG00000087018.3	lncRNA	one-to-one	GENCODE.v47vsM3455
ENSG00000296672.1	lncRNA	ENSMUSG00000121286.2	lncRNA	many-to-many	GENCODE.v47vsM3456
ENSG00000240137.9	lncRNA	ENSMUSG00000136825.1	lncRNA	one-to-many	GENCODE.v47vsM3457
ENSG00000306969.1	lncRNA	ENSMUSG00000097080.11	lncRNA	one-to-many	GENCODE.v47vsM3458
ENSG00000233891.9	lncRNA	ENSMUSG00000132412.1	lncRNA	many-to-many	GENCODE.v47vsM3459
ENSG00000288064.1	lncRNA	ENSMUSG00000125594.1	lncRNA	one-to-one	GENCODE.v47vsM3460
ENSG00000246792.3	lncRNA	ENSMUSG00000142325.1	lncRNA	one-to-one	GENCODE.v47vsM3461
ENSG00000290025.2	lncRNA	ENSMUSG00000128433.1	lncRNA	one-to-one	GENCODE.v47vsM3462
ENSG00000290879.2	lncRNA	ENSMUSG00000109428.2	lncRNA	many-to-many	GENCODE.v47vsM3463
ENSG00000236358.1	lncRNA	ENSMUSG00000132516.1	lncRNA	one-to-many	GENCODE.v47vsM3464
ENSG00000308250.1	lncRNA	ENSMUSG00000136842.1	lncRNA	one-to-one	GENCODE.v47vsM3465
ENSG00000310349.1	lncRNA	ENSMUSG00000133002.1	lncRNA	one-to-one	GENCODE.v47vsM3466
ENSG00000251132.1	lncRNA	ENSMUSG00000104009.2	lncRNA	one-to-one	GENCODE.v47vsM3467
ENSG00000289596.2	lncRNA	ENSMUSG00000086008.10	lncRNA	one-to-many	GENCODE.v47vsM3468
ENSG00000272449.4	lncRNA	ENSMUSG00000092483.2	lncRNA	one-to-many	GENCODE.v47vsM3469
ENSG00000287185.1	lncRNA	ENSMUSG00000125868.1	lncRNA	one-to-one	GENCODE.v47vsM3470
ENSG00000298468.1	lncRNA	ENSMUSG00000140737.1	lncRNA	one-to-one	GENCODE.v47vsM3471
ENSG00000273784.6	lncRNA	ENSMUSG00000110129.2	lncRNA	many-to-many	GENCODE.v47vsM3472
ENSG00000302628.1	lncRNA	ENSMUSG00000086417.3	lncRNA	many-to-many	GENCODE.v47vsM3473
ENSG00000296169.1	lncRNA	ENSMUSG00000114181.3	lncRNA	one-to-one	GENCODE.v47vsM3474
ENSG00000296591.1	lncRNA	ENSMUSG00000085526.4	lncRNA	one-to-one	GENCODE.v47vsM3475
ENSG00000294520.1	lncRNA	ENSMUSG00000085889.3	lncRNA	one-to-one	GENCODE.v47vsM3476
ENSG00000215196.6	lncRNA	ENSMUSG00000115729.3	lncRNA	one-to-many	GENCODE.v47vsM3477
ENSG00000270419.3	lncRNA	ENSMUSG00000130819.1	lncRNA	one-to-many	GENCODE.v47vsM3478
ENSG00000297623.1	lncRNA	ENSMUSG00000123416.1	lncRNA	one-to-one	GENCODE.v47vsM3479
ENSG00000233452.10	lncRNA	ENSMUSG00000112146.3	lncRNA	one-to-many	GENCODE.v47vsM3480
ENSG00000295975.1	lncRNA	ENSMUSG00000137675.1	lncRNA	one-to-one	GENCODE.v47vsM3481
ENSG00000284719.4	lncRNA	ENSMUSG00000127534.1	lncRNA	one-to-many	GENCODE.v47vsM3482
ENSG00000230417.13	lncRNA	ENSMUSG00000089887.4	lncRNA	many-to-many	GENCODE.v47vsM3483
ENSG00000301534.1	lncRNA	ENSMUSG00000107254.2	lncRNA	one-to-half	GENCODE.v47vsM3484
ENSG00000287850.2	lncRNA	ENSMUSG00000126098.1	lncRNA	one-to-one	GENCODE.v47vsM3485
ENSG00000262332.2	lncRNA	ENSMUSG00000142696.1	lncRNA	many-to-many	GENCODE.v47vsM3486
ENSG00000271933.1	lncRNA	ENSMUSG00000126081.1	lncRNA	many-to-many	GENCODE.v47vsM3487
ENSG00000284738.3	lncRNA	ENSMUSG00000105350.4	lncRNA	one-to-one	GENCODE.v47vsM3488
ENSG00000260706.6	lncRNA	ENSMUSG00000140980.1	lncRNA	one-to-one	GENCODE.v47vsM3489
ENSG00000289326.3	lncRNA	ENSMUSG00000105617.5	lncRNA	many-to-many	GENCODE.v47vsM3490
ENSG00000234261.7	lncRNA	ENSMUSG00000113977.3	lncRNA	many-to-many	GENCODE.v47vsM3491
ENSG00000289626.1	lncRNA	ENSMUSG00000120409.1	lncRNA	many-to-many	GENCODE.v47vsM3492
ENSG00000230084.9	lncRNA	ENSMUSG00000097820.5	lncRNA	one-to-one	GENCODE.v47vsM3493
ENSG00000287102.2	lncRNA	ENSMUSG00000121769.1	lncRNA	many-to-many	GENCODE.v47vsM3494
ENSG00000297676.1	lncRNA	ENSMUSG00000128294.1	lncRNA	one-to-many	GENCODE.v47vsM3495
ENSG00000224000.2	lncRNA	ENSMUSG00000139292.1	lncRNA	one-to-many	GENCODE.v47vsM3496
ENSG00000309885.1	lncRNA	ENSMUSG00000087174.10	lncRNA	one-to-many	GENCODE.v47vsM3497
ENSG00000267169.3	lncRNA	ENSMUSG00000074219.5	lncRNA	one-to-many	GENCODE.v47vsM3498
ENSG00000310352.1	lncRNA	ENSMUSG00000139568.1	lncRNA	one-to-one	GENCODE.v47vsM3499
ENSG00000294451.1	lncRNA	ENSMUSG00000128965.1	lncRNA	one-to-one	GENCODE.v47vsM3500
ENSG00000235501.10	lncRNA	ENSMUSG00000105813.2	lncRNA	one-to-one	GENCODE.v47vsM3501
ENSG00000279181.1	lncRNA	ENSMUSG00000051844.15	lncRNA	one-to-one	GENCODE.v47vsM3502
ENSG00000295625.1	lncRNA	ENSMUSG00000122876.1	lncRNA	one-to-one	GENCODE.v47vsM3503
ENSG00000308180.1	lncRNA	ENSMUSG00000101930.3	lncRNA	one-to-many	GENCODE.v47vsM3504
ENSG00000272205.3	lncRNA	ENSMUSG00000139496.1	lncRNA	one-to-many	GENCODE.v47vsM3505
ENSG00000289896.2	lncRNA	ENSMUSG00000125686.1	lncRNA	one-to-one	GENCODE.v47vsM3506
ENSG00000306611.1	lncRNA	ENSMUSG00000127323.1	lncRNA	one-to-one	GENCODE.v47vsM3507
ENSG00000225280.8	lncRNA	ENSMUSG00000130333.1	lncRNA	one-to-one	GENCODE.v47vsM3508
ENSG00000260260.4	lncRNA	ENSMUSG00000093565.4	lncRNA	many-to-many	GENCODE.v47vsM3509
ENSG00000303543.1	lncRNA	ENSMUSG00000121309.2	lncRNA	one-to-many	GENCODE.v47vsM3510
ENSG00000307007.1	lncRNA	ENSMUSG00000141401.1	lncRNA	many-to-many	GENCODE.v47vsM3511
ENSG00000257596.2	lncRNA	ENSMUSG00000137500.1	lncRNA	one-to-many	GENCODE.v47vsM3512
ENSG00000279227.2	lncRNA	ENSMUSG00000133579.1	lncRNA	one-to-many	GENCODE.v47vsM3513
ENSG00000305995.1	lncRNA	ENSMUSG00000121476.2	lncRNA	many-to-many	GENCODE.v47vsM3514
ENSG00000238121.8	lncRNA	ENSMUSG00000085639.3	lncRNA	many-to-many	GENCODE.v47vsM3515
ENSG00000257474.6	lncRNA	ENSMUSG00000120482.2	lncRNA	one-to-one	GENCODE.v47vsM3516
ENSG00000230513.5	lncRNA	ENSMUSG00000108129.5	lncRNA	many-to-many	GENCODE.v47vsM3517
ENSG00000306106.1	lncRNA	ENSMUSG00000109704.3	lncRNA	one-to-one	GENCODE.v47vsM3518
ENSG00000256259.2	lncRNA	ENSMUSG00000102382.2	lncRNA	one-to-one	GENCODE.v47vsM3519
ENSG00000254300.1	lncRNA	ENSMUSG00000098659.10	lncRNA	one-to-many	GENCODE.v47vsM3520
ENSG00000238217.8	lncRNA	ENSMUSG00000099945.3	lncRNA	one-to-one	GENCODE.v47vsM3521
ENSG00000310083.1	lncRNA	ENSMUSG00000124624.1	lncRNA	one-to-one	GENCODE.v47vsM3522
ENSG00000234446.4	lncRNA	ENSMUSG00000120831.2	lncRNA	one-to-one	GENCODE.v47vsM3523
ENSG00000264151.7	lncRNA	ENSMUSG00000117532.3	lncRNA	one-to-half	GENCODE.v47vsM3524
ENSG00000272023.2	lncRNA	ENSMUSG00000138180.1	lncRNA	one-to-one	GENCODE.v47vsM3525
ENSG00000296541.1	lncRNA	ENSMUSG00000129837.1	lncRNA	one-to-one	GENCODE.v47vsM3526
ENSG00000283422.2	lncRNA	ENSMUSG00000111531.3	lncRNA	one-to-one	GENCODE.v47vsM3527
ENSG00000175967.5	lncRNA	ENSMUSG00000126322.1	lncRNA	one-to-one	GENCODE.v47vsM3528
ENSG00000225194.5	lncRNA	ENSMUSG00000130773.1	lncRNA	one-to-one	GENCODE.v47vsM3529
ENSG00000259130.3	lncRNA	ENSMUSG00000115724.2	lncRNA	many-to-many	GENCODE.v47vsM3530
ENSG00000262001.4	lncRNA	ENSMUSG00000097282.2	lncRNA	one-to-many	GENCODE.v47vsM3531
ENSG00000297551.1	lncRNA	ENSMUSG00000089714.3	lncRNA	one-to-many	GENCODE.v47vsM3532
ENSG00000293887.1	lncRNA	ENSMUSG00000123588.1	lncRNA	one-to-one	GENCODE.v47vsM3533
ENSG00000297487.1	lncRNA	ENSMUSG00000142368.1	lncRNA	one-to-one	GENCODE.v47vsM3534
ENSG00000303080.1	lncRNA	ENSMUSG00000121994.1	lncRNA	one-to-one	GENCODE.v47vsM3535
ENSG00000287082.2	lncRNA	ENSMUSG00000138275.1	lncRNA	one-to-one	GENCODE.v47vsM3536
ENSG00000286639.3	lncRNA	ENSMUSG00000126547.1	lncRNA	one-to-one	GENCODE.v47vsM3537
ENSG00000233627.2	lncRNA	ENSMUSG00000129172.1	lncRNA	one-to-one	GENCODE.v47vsM3538
ENSG00000297306.1	lncRNA	ENSMUSG00000120408.2	lncRNA	one-to-one	GENCODE.v47vsM3539
ENSG00000249116.3	lncRNA	ENSMUSG00000143733.1	lncRNA	one-to-one	GENCODE.v47vsM3540
ENSG00000293576.1	lncRNA	ENSMUSG00000131166.1	lncRNA	one-to-one	GENCODE.v47vsM3541
ENSG00000235343.3	lncRNA	ENSMUSG00000116610.4	lncRNA	many-to-many	GENCODE.v47vsM3542
ENSG00000306250.1	lncRNA	ENSMUSG00000130831.1	lncRNA	one-to-one	GENCODE.v47vsM3543
ENSG00000286339.2	lncRNA	ENSMUSG00000112132.3	lncRNA	one-to-many	GENCODE.v47vsM3544
ENSG00000291093.2	lncRNA	ENSMUSG00000085970.3	lncRNA	many-to-many	GENCODE.v47vsM3545
ENSG00000309178.1	lncRNA	ENSMUSG00000142204.1	lncRNA	one-to-one	GENCODE.v47vsM3546
ENSG00000301036.1	lncRNA	ENSMUSG00000092536.4	lncRNA	one-to-many	GENCODE.v47vsM3547
ENSG00000256733.2	lncRNA	ENSMUSG00000140779.1	lncRNA	one-to-one	GENCODE.v47vsM3548
ENSG00000302014.1	lncRNA	ENSMUSG00000141749.1	lncRNA	one-to-one	GENCODE.v47vsM3549
ENSG00000232606.4	lncRNA	ENSMUSG00000120385.2	lncRNA	many-to-many	GENCODE.v47vsM3550
ENSG00000287367.3	lncRNA	ENSMUSG00000114790.3	lncRNA	one-to-one	GENCODE.v47vsM3551
ENSG00000251600.10	lncRNA	ENSMUSG00000142947.1	lncRNA	many-to-many	GENCODE.v47vsM3552
ENSG00000229719.8	lncRNA	ENSMUSG00000132389.1	lncRNA	many-to-many	GENCODE.v47vsM3553
ENSG00000309690.1	lncRNA	ENSMUSG00000130178.1	lncRNA	one-to-one	GENCODE.v47vsM3554
ENSG00000290437.2	lncRNA	ENSMUSG00000108129.5	lncRNA	many-to-many	GENCODE.v47vsM3555
ENSG00000204387.15	lncRNA	ENSMUSG00000092203.10	lncRNA	many-to-many	GENCODE.v47vsM3556
ENSG00000296220.1	lncRNA	ENSMUSG00000132980.1	lncRNA	one-to-many	GENCODE.v47vsM3557
ENSG00000235005.2	lncRNA	ENSMUSG00000123527.1	lncRNA	one-to-many	GENCODE.v47vsM3558
ENSG00000309957.1	lncRNA	ENSMUSG00000135714.1	lncRNA	one-to-one	GENCODE.v47vsM3559
ENSG00000236299.9	lncRNA	ENSMUSG00000114270.3	lncRNA	many-to-many	GENCODE.v47vsM3560
ENSG00000262791.1	lncRNA	ENSMUSG00000137128.1	lncRNA	one-to-one	GENCODE.v47vsM3561
ENSG00000309398.1	lncRNA	ENSMUSG00000140244.1	lncRNA	one-to-one	GENCODE.v47vsM3562
ENSG00000177369.12	lncRNA	ENSMUSG00000134424.1	lncRNA	many-to-many	GENCODE.v47vsM3563
ENSG00000288050.1	lncRNA	ENSMUSG00000117117.2	lncRNA	one-to-half	GENCODE.v47vsM3564
ENSG00000307715.1	lncRNA	ENSMUSG00000055125.9	lncRNA	one-to-one	GENCODE.v47vsM3565
ENSG00000289393.2	lncRNA	ENSMUSG00000137527.1	lncRNA	one-to-one	GENCODE.v47vsM3566
ENSG00000234807.10	lncRNA	ENSMUSG00000087366.10	lncRNA	one-to-many	GENCODE.v47vsM3567
ENSG00000258312.2	lncRNA	ENSMUSG00000131705.1	lncRNA	one-to-one	GENCODE.v47vsM3568
ENSG00000257809.1	lncRNA	ENSMUSG00000119994.2	lncRNA	one-to-many	GENCODE.v47vsM3569
ENSG00000236355.3	lncRNA	ENSMUSG00000099474.3	lncRNA	many-to-many	GENCODE.v47vsM3570
ENSG00000290057.2	lncRNA	ENSMUSG00000092274.6	lncRNA	many-to-many	GENCODE.v47vsM3571
ENSG00000282793.2	lncRNA	ENSMUSG00000100094.4	lncRNA	one-to-many	GENCODE.v47vsM3572
ENSG00000295895.1	lncRNA	ENSMUSG00000109887.3	lncRNA	one-to-many	GENCODE.v47vsM3573
ENSG00000231672.9	lncRNA	ENSMUSG00000101344.3	lncRNA	one-to-many	GENCODE.v47vsM3574
ENSG00000287927.2	lncRNA	ENSMUSG00000103912.3	lncRNA	one-to-one	GENCODE.v47vsM3575
ENSG00000223749.12	lncRNA	ENSMUSG00000087365.11	lncRNA	many-to-many	GENCODE.v47vsM3576
ENSG00000287658.2	lncRNA	ENSMUSG00000117096.3	lncRNA	one-to-one	GENCODE.v47vsM3577
ENSG00000246174.11	lncRNA	ENSMUSG00000124283.1	lncRNA	many-to-many	GENCODE.v47vsM3578
ENSG00000271882.1	lncRNA	ENSMUSG00000097259.4	lncRNA	one-to-one	GENCODE.v47vsM3579
ENSG00000286244.2	lncRNA	ENSMUSG00000108660.3	lncRNA	many-to-many	GENCODE.v47vsM3580
ENSG00000295132.1	lncRNA	ENSMUSG00000135902.1	lncRNA	one-to-one	GENCODE.v47vsM3581
ENSG00000232650.6	lncRNA	ENSMUSG00000085121.4	lncRNA	one-to-one	GENCODE.v47vsM3582
ENSG00000223874.4	lncRNA	ENSMUSG00000122885.1	lncRNA	one-to-many	GENCODE.v47vsM3583
ENSG00000285866.2	lncRNA	ENSMUSG00000108669.3	lncRNA	one-to-many	GENCODE.v47vsM3584
ENSG00000288929.3	lncRNA	ENSMUSG00000120677.2	lncRNA	many-to-many	GENCODE.v47vsM3585
ENSG00000288966.2	lncRNA	ENSMUSG00000101476.3	lncRNA	one-to-half	GENCODE.v47vsM3586
ENSG00000304877.1	lncRNA	ENSMUSG00000134989.1	lncRNA	one-to-many	GENCODE.v47vsM3587
ENSG00000257762.6	lncRNA	ENSMUSG00000135453.1	lncRNA	one-to-many	GENCODE.v47vsM3588
ENSG00000278156.4	lncRNA	ENSMUSG00000136079.1	lncRNA	one-to-one	GENCODE.v47vsM3589
ENSG00000268858.3	lncRNA	ENSMUSG00000126923.1	lncRNA	one-to-many	GENCODE.v47vsM3590
ENSG00000254461.1	lncRNA	ENSMUSG00000130582.1	lncRNA	one-to-one	GENCODE.v47vsM3591
ENSG00000307561.1	lncRNA	ENSMUSG00000135417.1	lncRNA	one-to-one	GENCODE.v47vsM3592
ENSG00000251611.2	lncRNA	ENSMUSG00000136440.1	lncRNA	one-to-many	GENCODE.v47vsM3593
ENSG00000230725.7	lncRNA	ENSMUSG00000100630.2	lncRNA	many-to-many	GENCODE.v47vsM3594
ENSG00000230448.6	lncRNA	ENSMUSG00000113336.3	lncRNA	one-to-one	GENCODE.v47vsM3595
ENSG00000296719.1	lncRNA	ENSMUSG00000130589.1	lncRNA	one-to-many	GENCODE.v47vsM3596
ENSG00000231216.1	lncRNA	ENSMUSG00000133418.1	lncRNA	one-to-many	GENCODE.v47vsM3597
ENSG00000272163.3	lncRNA	ENSMUSG00000129504.1	lncRNA	one-to-one	GENCODE.v47vsM3598
ENSG00000229782.2	lncRNA	ENSMUSG00000141906.1	lncRNA	one-to-one	GENCODE.v47vsM3599
ENSG00000233825.1	lncRNA	ENSMUSG00000101320.2	lncRNA	one-to-many	GENCODE.v47vsM3600
ENSG00000244198.8	lncRNA	ENSMUSG00000108190.3	lncRNA	many-to-many	GENCODE.v47vsM3601
ENSG00000295327.1	lncRNA	ENSMUSG00000114963.3	lncRNA	one-to-many	GENCODE.v47vsM3602
ENSG00000293725.1	lncRNA	ENSMUSG00000142139.1	lncRNA	one-to-one	GENCODE.v47vsM3603
ENSG00000258784.2	lncRNA	ENSMUSG00000115310.3	lncRNA	one-to-one	GENCODE.v47vsM3604
ENSG00000293726.1	lncRNA	ENSMUSG00000130038.1	lncRNA	one-to-one	GENCODE.v47vsM3605
ENSG00000250603.1	lncRNA	ENSMUSG00000118322.3	lncRNA	one-to-one	GENCODE.v47vsM3606
ENSG00000293495.2	lncRNA	ENSMUSG00000101166.8	lncRNA	many-to-many	GENCODE.v47vsM3607
ENSG00000261008.10	lncRNA	ENSMUSG00000122685.1	lncRNA	many-to-many	GENCODE.v47vsM3608
ENSG00000285586.2	lncRNA	ENSMUSG00000135149.1	lncRNA	one-to-one	GENCODE.v47vsM3609
ENSG00000257595.4	lncRNA	ENSMUSG00000104719.2	lncRNA	one-to-many	GENCODE.v47vsM3610
ENSG00000247137.10	lncRNA	ENSMUSG00000098066.4	lncRNA	one-to-many	GENCODE.v47vsM3611
ENSG00000295028.1	lncRNA	ENSMUSG00000085614.4	lncRNA	one-to-many	GENCODE.v47vsM3612
ENSG00000288907.3	lncRNA	ENSMUSG00000138793.1	lncRNA	one-to-one	GENCODE.v47vsM3613
ENSG00000226717.3	lncRNA	ENSMUSG00000092492.4	lncRNA	one-to-one	GENCODE.v47vsM3614
ENSG00000298905.1	lncRNA	ENSMUSG00000085900.3	lncRNA	one-to-one	GENCODE.v47vsM3615
ENSG00000294385.1	lncRNA	ENSMUSG00000138696.1	lncRNA	one-to-one	GENCODE.v47vsM3616
ENSG00000308298.1	lncRNA	ENSMUSG00000120011.2	lncRNA	many-to-many	GENCODE.v47vsM3617
ENSG00000288775.3	lncRNA	ENSMUSG00000139159.1	lncRNA	one-to-one	GENCODE.v47vsM3618
ENSG00000253901.2	lncRNA	ENSMUSG00000134554.1	lncRNA	one-to-half	GENCODE.v47vsM3619
ENSG00000306979.1	lncRNA	ENSMUSG00000126929.1	lncRNA	one-to-many	GENCODE.v47vsM3620
ENSG00000260679.2	lncRNA	ENSMUSG00000108851.3	lncRNA	one-to-one	GENCODE.v47vsM3621
ENSG00000179818.18	lncRNA	ENSMUSG00000097048.10	lncRNA	one-to-many	GENCODE.v47vsM3622
ENSG00000257378.1	lncRNA	ENSMUSG00000134617.1	lncRNA	one-to-many	GENCODE.v47vsM3623
ENSG00000255198.7	lncRNA	ENSMUSG00000090101.4	lncRNA	many-to-many	GENCODE.v47vsM3624
ENSG00000224286.7	lncRNA	ENSMUSG00000101869.3	lncRNA	one-to-one	GENCODE.v47vsM3625
ENSG00000286353.2	lncRNA	ENSMUSG00000134124.1	lncRNA	one-to-one	GENCODE.v47vsM3626
ENSG00000297204.1	lncRNA	ENSMUSG00000085204.3	lncRNA	one-to-one	GENCODE.v47vsM3627
ENSG00000304541.1	lncRNA	ENSMUSG00000138238.1	lncRNA	many-to-many	GENCODE.v47vsM3628
ENSG00000267737.2	lncRNA	ENSMUSG00000133133.1	lncRNA	one-to-many	GENCODE.v47vsM3629
ENSG00000261722.2	lncRNA	ENSMUSG00000123948.1	lncRNA	one-to-one	GENCODE.v47vsM3630
ENSG00000257702.6	lncRNA	ENSMUSG00000143596.1	lncRNA	one-to-one	GENCODE.v47vsM3631
ENSG00000297150.1	lncRNA	ENSMUSG00000107335.2	lncRNA	one-to-many	GENCODE.v47vsM3632
ENSG00000298390.1	lncRNA	ENSMUSG00000117725.3	lncRNA	one-to-one	GENCODE.v47vsM3633
ENSG00000288936.2	lncRNA	ENSMUSG00000131878.1	lncRNA	one-to-many	GENCODE.v47vsM3634
ENSG00000250548.8	lncRNA	ENSMUSG00000120322.2	lncRNA	one-to-one	GENCODE.v47vsM3635
ENSG00000303744.1	lncRNA	ENSMUSG00000142628.1	lncRNA	one-to-many	GENCODE.v47vsM3636
ENSG00000289274.2	lncRNA	ENSMUSG00000114401.4	lncRNA	one-to-many	GENCODE.v47vsM3637
ENSG00000238176.2	lncRNA	ENSMUSG00000100081.2	lncRNA	one-to-many	GENCODE.v47vsM3638
ENSG00000259961.2	lncRNA	ENSMUSG00000123279.1	lncRNA	one-to-one	GENCODE.v47vsM3639
ENSG00000224116.7	lncRNA	ENSMUSG00000113960.3	lncRNA	one-to-many	GENCODE.v47vsM3640
ENSG00000296260.1	lncRNA	ENSMUSG00000126715.1	lncRNA	one-to-one	GENCODE.v47vsM3641
ENSG00000301863.1	lncRNA	ENSMUSG00000129393.1	lncRNA	one-to-one	GENCODE.v47vsM3642
ENSG00000279086.1	lncRNA	ENSMUSG00000054556.9	lncRNA	many-to-many	GENCODE.v47vsM3643
ENSG00000290319.2	lncRNA	ENSMUSG00000103108.3	lncRNA	one-to-one	GENCODE.v47vsM3644
ENSG00000263089.1	lncRNA	ENSMUSG00000092399.3	lncRNA	one-to-one	GENCODE.v47vsM3645
ENSG00000305566.1	lncRNA	ENSMUSG00000047988.3	lncRNA	one-to-one	GENCODE.v47vsM3646
ENSG00000247271.10	lncRNA	ENSMUSG00000137718.1	lncRNA	one-to-many	GENCODE.v47vsM3647
ENSG00000307857.1	lncRNA	ENSMUSG00000099468.3	lncRNA	many-to-many	GENCODE.v47vsM3648
ENSG00000232648.5	lncRNA	ENSMUSG00000074357.4	lncRNA	one-to-many	GENCODE.v47vsM3649
ENSG00000234741.11	lncRNA	ENSMUSG00000053332.16	lncRNA	many-to-many	GENCODE.v47vsM3650
ENSG00000286883.1	lncRNA	ENSMUSG00000087578.3	lncRNA	one-to-many	GENCODE.v47vsM3651
ENSG00000296474.1	lncRNA	ENSMUSG00000115424.4	lncRNA	one-to-many	GENCODE.v47vsM3652
ENSG00000310415.1	lncRNA	ENSMUSG00000130855.1	lncRNA	one-to-many	GENCODE.v47vsM3653
ENSG00000309978.1	lncRNA	ENSMUSG00000108449.4	lncRNA	one-to-one	GENCODE.v47vsM3654
ENSG00000288696.4	lncRNA	ENSMUSG00000117290.2	lncRNA	one-to-many	GENCODE.v47vsM3655
ENSG00000297674.1	lncRNA	ENSMUSG00000139201.1	lncRNA	one-to-one	GENCODE.v47vsM3656
ENSG00000267577.2	lncRNA	ENSMUSG00000085725.4	lncRNA	one-to-one	GENCODE.v47vsM3657
ENSG00000290204.2	lncRNA	ENSMUSG00000128889.1	lncRNA	one-to-many	GENCODE.v47vsM3658
ENSG00000243701.9	lncRNA	ENSMUSG00000022639.17	lncRNA	one-to-many	GENCODE.v47vsM3659
ENSG00000245322.9	lncRNA	ENSMUSG00000131551.1	lncRNA	many-to-many	GENCODE.v47vsM3660
ENSG00000304811.1	lncRNA	ENSMUSG00000105961.3	lncRNA	one-to-one	GENCODE.v47vsM3661
ENSG00000259130.3	lncRNA	ENSMUSG00000125083.1	lncRNA	many-to-many	GENCODE.v47vsM3662
ENSG00000253477.6	lncRNA	ENSMUSG00000128990.1	lncRNA	one-to-many	GENCODE.v47vsM3663
ENSG00000233570.3	lncRNA	ENSMUSG00000104256.4	lncRNA	one-to-one	GENCODE.v47vsM3664
ENSG00000254718.7	lncRNA	ENSMUSG00000120877.2	lncRNA	one-to-many	GENCODE.v47vsM3665
ENSG00000304139.1	lncRNA	ENSMUSG00000113621.4	lncRNA	one-to-many	GENCODE.v47vsM3666
ENSG00000308321.1	lncRNA	ENSMUSG00000138237.1	lncRNA	one-to-one	GENCODE.v47vsM3667
ENSG00000264207.1	lncRNA	ENSMUSG00000103940.2	lncRNA	many-to-many	GENCODE.v47vsM3668
ENSG00000276116.3	lncRNA	ENSMUSG00000112150.2	lncRNA	one-to-one	GENCODE.v47vsM3669
ENSG00000224032.10	lncRNA	ENSMUSG00000087590.5	lncRNA	many-to-many	GENCODE.v47vsM3670
ENSG00000306683.1	lncRNA	ENSMUSG00000125864.1	lncRNA	one-to-one	GENCODE.v47vsM3671
ENSG00000280161.1	lncRNA	ENSMUSG00000120017.2	lncRNA	one-to-many	GENCODE.v47vsM3672
ENSG00000223901.2	lncRNA	ENSMUSG00000124570.1	lncRNA	one-to-one	GENCODE.v47vsM3673
ENSG00000260930.3	lncRNA	ENSMUSG00000129483.1	lncRNA	one-to-one	GENCODE.v47vsM3674
ENSG00000308241.1	lncRNA	ENSMUSG00000139052.1	lncRNA	one-to-one	GENCODE.v47vsM3675
ENSG00000266978.2	lncRNA	ENSMUSG00000110790.3	lncRNA	many-to-many	GENCODE.v47vsM3676
ENSG00000289019.2	lncRNA	ENSMUSG00000121172.2	lncRNA	one-to-one	GENCODE.v47vsM3677
ENSG00000234997.4	lncRNA	ENSMUSG00000085057.9	lncRNA	many-to-many	GENCODE.v47vsM3678
ENSG00000303383.1	lncRNA	ENSMUSG00000104102.3	lncRNA	one-to-one	GENCODE.v47vsM3679
ENSG00000259203.5	lncRNA	ENSMUSG00000066477.15	lncRNA	many-to-many	GENCODE.v47vsM3680
ENSG00000289601.2	lncRNA	ENSMUSG00000136313.1	lncRNA	one-to-one	GENCODE.v47vsM3681
ENSG00000253348.2	lncRNA	ENSMUSG00000073052.5	lncRNA	one-to-one	GENCODE.v47vsM3682
ENSG00000232306.3	lncRNA	ENSMUSG00000136539.1	lncRNA	one-to-many	GENCODE.v47vsM3683
ENSG00000286668.1	lncRNA	ENSMUSG00000120196.2	lncRNA	many-to-many	GENCODE.v47vsM3684
ENSG00000308917.1	lncRNA	ENSMUSG00000104109.3	lncRNA	one-to-one	GENCODE.v47vsM3685
ENSG00000282556.6	lncRNA	ENSMUSG00000109735.2	lncRNA	one-to-many	GENCODE.v47vsM3686
ENSG00000289552.3	lncRNA	ENSMUSG00000143855.1	lncRNA	one-to-one	GENCODE.v47vsM3687
ENSG00000305992.1	lncRNA	ENSMUSG00000138519.1	lncRNA	one-to-one	GENCODE.v47vsM3688
ENSG00000272975.3	lncRNA	ENSMUSG00000087410.9	lncRNA	one-to-many	GENCODE.v47vsM3689
ENSG00000298357.1	lncRNA	ENSMUSG00000140912.1	lncRNA	one-to-half	GENCODE.v47vsM3690
ENSG00000257193.2	lncRNA	ENSMUSG00000112286.4	lncRNA	one-to-one	GENCODE.v47vsM3691
ENSG00000293193.2	lncRNA	ENSMUSG00000099446.3	lncRNA	many-to-many	GENCODE.v47vsM3692
ENSG00000308899.1	lncRNA	ENSMUSG00000120026.2	lncRNA	one-to-one	GENCODE.v47vsM3693
ENSG00000235024.3	lncRNA	ENSMUSG00000126678.1	lncRNA	many-to-many	GENCODE.v47vsM3694
ENSG00000301778.1	lncRNA	ENSMUSG00000070574.5	lncRNA	one-to-one	GENCODE.v47vsM3695
ENSG00000214548.19	lncRNA	ENSMUSG00000021268.20	lncRNA	many-to-many	GENCODE.v47vsM3696
ENSG00000302857.1	lncRNA	ENSMUSG00000131971.1	lncRNA	one-to-one	GENCODE.v47vsM3697
ENSG00000302736.1	lncRNA	ENSMUSG00000073144.7	lncRNA	one-to-one	GENCODE.v47vsM3698
ENSG00000259119.1	lncRNA	ENSMUSG00000085641.3	lncRNA	one-to-many	GENCODE.v47vsM3699
ENSG00000257588.2	lncRNA	ENSMUSG00000134617.1	lncRNA	one-to-many	GENCODE.v47vsM3700
ENSG00000308547.1	lncRNA	ENSMUSG00000137236.1	lncRNA	one-to-one	GENCODE.v47vsM3701
ENSG00000285744.2	lncRNA	ENSMUSG00000097804.3	lncRNA	one-to-one	GENCODE.v47vsM3702
ENSG00000288584.2	lncRNA	ENSMUSG00000117341.3	lncRNA	one-to-one	GENCODE.v47vsM3703
ENSG00000223649.1	lncRNA	ENSMUSG00000131618.1	lncRNA	one-to-one	GENCODE.v47vsM3704
ENSG00000301340.1	lncRNA	ENSMUSG00000126080.1	lncRNA	one-to-one	GENCODE.v47vsM3705
ENSG00000294487.1	lncRNA	ENSMUSG00000133299.1	lncRNA	one-to-one	GENCODE.v47vsM3706
ENSG00000253111.3	lncRNA	ENSMUSG00000139306.1	lncRNA	many-to-many	GENCODE.v47vsM3707
ENSG00000304130.1	lncRNA	ENSMUSG00000120746.2	lncRNA	one-to-one	GENCODE.v47vsM3708
ENSG00000242797.4	lncRNA	ENSMUSG00000086296.5	lncRNA	one-to-many	GENCODE.v47vsM3709
ENSG00000237874.3	lncRNA	ENSMUSG00000140985.1	lncRNA	one-to-one	GENCODE.v47vsM3710
ENSG00000281832.2	lncRNA	ENSMUSG00000126055.1	lncRNA	one-to-one	GENCODE.v47vsM3711
ENSG00000249487.8	lncRNA	ENSMUSG00000133834.1	lncRNA	one-to-one	GENCODE.v47vsM3712
ENSG00000307562.1	lncRNA	ENSMUSG00000137777.1	lncRNA	one-to-half	GENCODE.v47vsM3713
ENSG00000226702.3	lncRNA	ENSMUSG00000084966.3	lncRNA	one-to-one	GENCODE.v47vsM3714
ENSG00000289626.1	lncRNA	ENSMUSG00000120387.2	lncRNA	many-to-many	GENCODE.v47vsM3715
ENSG00000287851.2	lncRNA	ENSMUSG00000130729.1	lncRNA	one-to-one	GENCODE.v47vsM3716
ENSG00000279440.1	lncRNA	ENSMUSG00000106060.3	lncRNA	one-to-many	GENCODE.v47vsM3717
ENSG00000274021.1	lncRNA	ENSMUSG00000120503.2	lncRNA	one-to-many	GENCODE.v47vsM3718
ENSG00000300682.1	lncRNA	ENSMUSG00000134394.1	lncRNA	one-to-one	GENCODE.v47vsM3719
ENSG00000310357.1	lncRNA	ENSMUSG00000122847.1	lncRNA	one-to-one	GENCODE.v47vsM3720
ENSG00000289228.3	lncRNA	ENSMUSG00000087579.10	lncRNA	one-to-one	GENCODE.v47vsM3721
ENSG00000182648.16	lncRNA	ENSMUSG00000119967.2	lncRNA	one-to-many	GENCODE.v47vsM3722
ENSG00000308428.1	lncRNA	ENSMUSG00000137444.1	lncRNA	one-to-one	GENCODE.v47vsM3723
ENSG00000254508.6	lncRNA	ENSMUSG00000046085.9	lncRNA	one-to-one	GENCODE.v47vsM3724
ENSG00000294271.1	lncRNA	ENSMUSG00000085562.9	lncRNA	one-to-one	GENCODE.v47vsM3725
ENSG00000247828.11	lncRNA	ENSMUSG00000097292.4	lncRNA	one-to-many	GENCODE.v47vsM3726
ENSG00000227712.4	lncRNA	ENSMUSG00000137364.1	lncRNA	one-to-one	GENCODE.v47vsM3727
ENSG00000296006.1	lncRNA	ENSMUSG00000120007.2	lncRNA	one-to-one	GENCODE.v47vsM3728
ENSG00000226903.4	lncRNA	ENSMUSG00000101899.2	lncRNA	one-to-one	GENCODE.v47vsM3729
ENSG00000280916.5	lncRNA	ENSMUSG00000086144.4	lncRNA	one-to-one	GENCODE.v47vsM3730
ENSG00000290791.2	lncRNA	ENSMUSG00000093553.3	lncRNA	many-to-many	GENCODE.v47vsM3731
ENSG00000232884.12	lncRNA	ENSMUSG00000144046.1	lncRNA	one-to-one	GENCODE.v47vsM3732
ENSG00000286289.2	lncRNA	ENSMUSG00000127630.1	lncRNA	one-to-many	GENCODE.v47vsM3733
ENSG00000302870.1	lncRNA	ENSMUSG00000127411.1	lncRNA	one-to-one	GENCODE.v47vsM3734
ENSG00000248673.3	lncRNA	ENSMUSG00000078952.12	lncRNA	one-to-many	GENCODE.v47vsM3735
ENSG00000302295.1	lncRNA	ENSMUSG00000026729.11	lncRNA	one-to-one	GENCODE.v47vsM3736
ENSG00000301224.1	lncRNA	ENSMUSG00000130361.1	lncRNA	one-to-many	GENCODE.v47vsM3737
ENSG00000229307.1	lncRNA	ENSMUSG00000102164.2	lncRNA	one-to-one	GENCODE.v47vsM3738
ENSG00000186235.13	lncRNA	ENSMUSG00000100253.3	lncRNA	one-to-one	GENCODE.v47vsM3739
ENSG00000230969.3	lncRNA	ENSMUSG00000127243.1	lncRNA	one-to-one	GENCODE.v47vsM3740
ENSG00000310039.1	lncRNA	ENSMUSG00000109329.3	lncRNA	one-to-many	GENCODE.v47vsM3741
ENSG00000250582.2	lncRNA	ENSMUSG00000109945.3	lncRNA	one-to-one	GENCODE.v47vsM3742
ENSG00000266850.2	lncRNA	ENSMUSG00000117634.2	lncRNA	one-to-many	GENCODE.v47vsM3743
ENSG00000300131.1	lncRNA	ENSMUSG00000090199.2	lncRNA	one-to-one	GENCODE.v47vsM3744
ENSG00000250387.4	lncRNA	ENSMUSG00000103296.2	lncRNA	many-to-many	GENCODE.v47vsM3745
ENSG00000296791.1	lncRNA	ENSMUSG00000137905.1	lncRNA	one-to-one	GENCODE.v47vsM3746
ENSG00000236107.12	lncRNA	ENSMUSG00000140564.1	lncRNA	one-to-many	GENCODE.v47vsM3747
ENSG00000308154.1	lncRNA	ENSMUSG00000130721.1	lncRNA	one-to-one	GENCODE.v47vsM3748
ENSG00000308339.1	lncRNA	ENSMUSG00000120393.2	lncRNA	one-to-many	GENCODE.v47vsM3749
ENSG00000259280.3	lncRNA	ENSMUSG00000123581.1	lncRNA	one-to-one	GENCODE.v47vsM3750
ENSG00000263718.4	lncRNA	ENSMUSG00000132885.1	lncRNA	one-to-half	GENCODE.v47vsM3751
ENSG00000248482.2	lncRNA	ENSMUSG00000143510.1	lncRNA	one-to-one	GENCODE.v47vsM3752
ENSG00000295914.1	lncRNA	ENSMUSG00000118107.3	lncRNA	many-to-many	GENCODE.v47vsM3753
ENSG00000304533.1	lncRNA	ENSMUSG00000123590.1	lncRNA	one-to-one	GENCODE.v47vsM3754
ENSG00000224424.9	lncRNA	ENSMUSG00000137042.1	lncRNA	one-to-one	GENCODE.v47vsM3755
ENSG00000288898.2	lncRNA	ENSMUSG00000126648.1	lncRNA	one-to-one	GENCODE.v47vsM3756
ENSG00000308345.1	lncRNA	ENSMUSG00000120011.2	lncRNA	one-to-many	GENCODE.v47vsM3757
ENSG00000285592.2	lncRNA	ENSMUSG00000137896.1	lncRNA	one-to-one	GENCODE.v47vsM3758
ENSG00000266357.7	lncRNA	ENSMUSG00000132526.1	lncRNA	many-to-many	GENCODE.v47vsM3759
ENSG00000223947.1	lncRNA	ENSMUSG00000131701.1	lncRNA	one-to-one	GENCODE.v47vsM3760
ENSG00000250241.8	lncRNA	ENSMUSG00000097040.9	lncRNA	one-to-one	GENCODE.v47vsM3761
ENSG00000295204.1	lncRNA	ENSMUSG00000089935.3	lncRNA	one-to-one	GENCODE.v47vsM3762
ENSG00000237292.2	lncRNA	ENSMUSG00000120457.2	lncRNA	one-to-many	GENCODE.v47vsM3763
ENSG00000307549.1	lncRNA	ENSMUSG00000138716.1	lncRNA	one-to-one	GENCODE.v47vsM3764
ENSG00000234474.4	lncRNA	ENSMUSG00000140172.1	lncRNA	one-to-one	GENCODE.v47vsM3765
ENSG00000237468.3	lncRNA	ENSMUSG00000140108.1	lncRNA	one-to-one	GENCODE.v47vsM3766
ENSG00000286050.2	lncRNA	ENSMUSG00000102564.3	lncRNA	one-to-many	GENCODE.v47vsM3767
ENSG00000275443.3	lncRNA	ENSMUSG00000122071.1	lncRNA	one-to-many	GENCODE.v47vsM3768
ENSG00000235192.2	lncRNA	ENSMUSG00000100197.2	lncRNA	one-to-one	GENCODE.v47vsM3769
ENSG00000286486.1	lncRNA	ENSMUSG00000103043.3	lncRNA	one-to-one	GENCODE.v47vsM3770
ENSG00000258842.1	lncRNA	ENSMUSG00000100192.2	lncRNA	one-to-one	GENCODE.v47vsM3771
ENSG00000249699.2	lncRNA	ENSMUSG00000105912.3	lncRNA	one-to-one	GENCODE.v47vsM3772
ENSG00000224259.10	lncRNA	ENSMUSG00000130184.1	lncRNA	many-to-many	GENCODE.v47vsM3773
ENSG00000303137.1	lncRNA	ENSMUSG00000102590.4	lncRNA	one-to-one	GENCODE.v47vsM3774
ENSG00000279708.1	lncRNA	ENSMUSG00000097023.11	lncRNA	one-to-many	GENCODE.v47vsM3775
ENSG00000307066.1	lncRNA	ENSMUSG00000120677.2	lncRNA	one-to-many	GENCODE.v47vsM3776
ENSG00000301513.1	lncRNA	ENSMUSG00000128092.1	lncRNA	one-to-one	GENCODE.v47vsM3777
ENSG00000288047.4	lncRNA	ENSMUSG00000141207.1	lncRNA	many-to-many	GENCODE.v47vsM3778
ENSG00000308842.1	lncRNA	ENSMUSG00000112762.3	lncRNA	one-to-many	GENCODE.v47vsM3779
ENSG00000309247.1	lncRNA	ENSMUSG00000142851.1	lncRNA	one-to-one	GENCODE.v47vsM3780
ENSG00000236914.5	lncRNA	ENSMUSG00000099470.3	lncRNA	one-to-one	GENCODE.v47vsM3781
ENSG00000303083.1	lncRNA	ENSMUSG00000114732.3	lncRNA	one-to-many	GENCODE.v47vsM3782
ENSG00000296875.1	lncRNA	ENSMUSG00000133858.1	lncRNA	one-to-one	GENCODE.v47vsM3783
ENSG00000260393.1	lncRNA	ENSMUSG00000137124.1	lncRNA	one-to-one	GENCODE.v47vsM3784
ENSG00000255308.2	lncRNA	ENSMUSG00000085995.5	lncRNA	one-to-one	GENCODE.v47vsM3785
ENSG00000253361.4	lncRNA	ENSMUSG00000110017.3	lncRNA	many-to-many	GENCODE.v47vsM3786
ENSG00000298117.1	lncRNA	ENSMUSG00000082766.3	lncRNA	one-to-one	GENCODE.v47vsM3787
ENSG00000283849.1	lncRNA	ENSMUSG00000111639.3	lncRNA	one-to-one	GENCODE.v47vsM3788
ENSG00000298444.1	lncRNA	ENSMUSG00000102545.3	lncRNA	one-to-one	GENCODE.v47vsM3789
ENSG00000293697.2	lncRNA	ENSMUSG00000129944.1	lncRNA	many-to-many	GENCODE.v47vsM3790
ENSG00000279331.1	lncRNA	ENSMUSG00000132643.1	lncRNA	many-to-many	GENCODE.v47vsM3791
ENSG00000235958.6	lncRNA	ENSMUSG00000138994.1	lncRNA	one-to-one	GENCODE.v47vsM3792
ENSG00000245719.2	lncRNA	ENSMUSG00000142534.1	lncRNA	one-to-one	GENCODE.v47vsM3793
ENSG00000300341.1	lncRNA	ENSMUSG00000110369.3	lncRNA	one-to-one	GENCODE.v47vsM3794
ENSG00000258451.1	lncRNA	ENSMUSG00000125038.1	lncRNA	one-to-many	GENCODE.v47vsM3795
ENSG00000310508.1	lncRNA	ENSMUSG00000130353.1	lncRNA	many-to-many	GENCODE.v47vsM3796
ENSG00000236507.3	lncRNA	ENSMUSG00000102173.2	lncRNA	one-to-one	GENCODE.v47vsM3797
ENSG00000298585.1	lncRNA	ENSMUSG00000125795.1	lncRNA	one-to-one	GENCODE.v47vsM3798
ENSG00000287303.1	lncRNA	ENSMUSG00000137913.1	lncRNA	one-to-one	GENCODE.v47vsM3799
ENSG00000273143.3	lncRNA	ENSMUSG00000137452.1	lncRNA	one-to-many	GENCODE.v47vsM3800
ENSG00000229537.8	lncRNA	ENSMUSG00000103097.2	lncRNA	one-to-one	GENCODE.v47vsM3801
ENSG00000227888.5	lncRNA	ENSMUSG00000132127.1	lncRNA	many-to-many	GENCODE.v47vsM3802
ENSG00000306874.1	lncRNA	ENSMUSG00000129306.1	lncRNA	one-to-one	GENCODE.v47vsM3803
ENSG00000226197.5	lncRNA	ENSMUSG00000139013.1	lncRNA	one-to-many	GENCODE.v47vsM3804
ENSG00000234883.8	lncRNA	ENSMUSG00000097418.8	lncRNA	many-to-many	GENCODE.v47vsM3805
ENSG00000304155.1	lncRNA	ENSMUSG00000087575.9	lncRNA	one-to-many	GENCODE.v47vsM3806
ENSG00000299660.1	lncRNA	ENSMUSG00000113587.3	lncRNA	one-to-many	GENCODE.v47vsM3807
ENSG00000286257.3	lncRNA	ENSMUSG00000115398.4	lncRNA	many-to-many	GENCODE.v47vsM3808
ENSG00000251301.9	lncRNA	ENSMUSG00000143418.1	lncRNA	one-to-many	GENCODE.v47vsM3809
ENSG00000288074.1	lncRNA	ENSMUSG00000124446.1	lncRNA	one-to-one	GENCODE.v47vsM3810
ENSG00000286179.2	lncRNA	ENSMUSG00000085129.4	lncRNA	one-to-half	GENCODE.v47vsM3811
ENSG00000228013.2	lncRNA	ENSMUSG00000105941.2	lncRNA	one-to-one	GENCODE.v47vsM3812
ENSG00000272662.1	lncRNA	ENSMUSG00000120288.2	lncRNA	one-to-one	GENCODE.v47vsM3813
ENSG00000254057.1	lncRNA	ENSMUSG00000085614.4	lncRNA	one-to-many	GENCODE.v47vsM3814
ENSG00000233290.5	lncRNA	ENSMUSG00000103566.2	lncRNA	one-to-one	GENCODE.v47vsM3815
ENSG00000248008.5	lncRNA	ENSMUSG00000086368.5	lncRNA	one-to-many	GENCODE.v47vsM3816
ENSG00000250634.8	lncRNA	ENSMUSG00000122969.1	lncRNA	many-to-many	GENCODE.v47vsM3817
ENSG00000205181.9	lncRNA	ENSMUSG00000086379.9	lncRNA	one-to-many	GENCODE.v47vsM3818
ENSG00000254833.1	lncRNA	ENSMUSG00000111059.3	lncRNA	one-to-one	GENCODE.v47vsM3819
ENSG00000255520.1	lncRNA	ENSMUSG00000131301.1	lncRNA	one-to-one	GENCODE.v47vsM3820
ENSG00000300440.1	lncRNA	ENSMUSG00000120620.2	lncRNA	one-to-half	GENCODE.v47vsM3821
ENSG00000301871.1	lncRNA	ENSMUSG00000086248.3	lncRNA	one-to-many	GENCODE.v47vsM3822
ENSG00000301840.1	lncRNA	ENSMUSG00000120644.2	lncRNA	many-to-many	GENCODE.v47vsM3823
ENSG00000285219.5	lncRNA	ENSMUSG00000114841.3	lncRNA	one-to-many	GENCODE.v47vsM3824
ENSG00000298442.1	lncRNA	ENSMUSG00000085946.3	lncRNA	one-to-one	GENCODE.v47vsM3825
ENSG00000237863.4	lncRNA	ENSMUSG00000086426.3	lncRNA	one-to-one	GENCODE.v47vsM3826
ENSG00000231057.6	lncRNA	ENSMUSG00000102840.3	lncRNA	one-to-one	GENCODE.v47vsM3827
ENSG00000301321.1	lncRNA	ENSMUSG00000141264.1	lncRNA	one-to-one	GENCODE.v47vsM3828
ENSG00000236618.4	lncRNA	ENSMUSG00000123200.1	lncRNA	one-to-one	GENCODE.v47vsM3829
ENSG00000287100.4	lncRNA	ENSMUSG00000097069.3	lncRNA	one-to-one	GENCODE.v47vsM3830
ENSG00000286841.2	lncRNA	ENSMUSG00000143145.1	lncRNA	many-to-many	GENCODE.v47vsM3831
ENSG00000299936.1	lncRNA	ENSMUSG00000121868.2	lncRNA	many-to-many	GENCODE.v47vsM3832
ENSG00000297336.1	lncRNA	ENSMUSG00000142878.1	lncRNA	one-to-one	GENCODE.v47vsM3833
ENSG00000235319.1	lncRNA	ENSMUSG00000041878.4	lncRNA	one-to-one	GENCODE.v47vsM3834
ENSG00000265408.1	lncRNA	ENSMUSG00000121424.2	lncRNA	many-to-many	GENCODE.v47vsM3835
ENSG00000259293.1	lncRNA	ENSMUSG00000111631.2	lncRNA	one-to-one	GENCODE.v47vsM3836
ENSG00000235166.9	lncRNA	ENSMUSG00000142677.1	lncRNA	one-to-many	GENCODE.v47vsM3837
ENSG00000259347.10	lncRNA	ENSMUSG00000126105.1	lncRNA	many-to-many	GENCODE.v47vsM3838
ENSG00000231652.3	lncRNA	ENSMUSG00000139197.1	lncRNA	one-to-one	GENCODE.v47vsM3839
ENSG00000310333.1	lncRNA	ENSMUSG00000112249.4	lncRNA	one-to-one	GENCODE.v47vsM3840
ENSG00000295876.1	lncRNA	ENSMUSG00000123711.1	lncRNA	one-to-many	GENCODE.v47vsM3841
ENSG00000248752.4	lncRNA	ENSMUSG00000136425.1	lncRNA	one-to-many	GENCODE.v47vsM3842
ENSG00000294956.1	lncRNA	ENSMUSG00000105284.2	lncRNA	one-to-many	GENCODE.v47vsM3843
ENSG00000289462.2	lncRNA	ENSMUSG00000127984.1	lncRNA	one-to-many	GENCODE.v47vsM3844
ENSG00000305299.1	lncRNA	ENSMUSG00000138953.1	lncRNA	one-to-one	GENCODE.v47vsM3845
ENSG00000223891.8	lncRNA	ENSMUSG00000099632.4	lncRNA	one-to-one	GENCODE.v47vsM3846
ENSG00000226197.5	lncRNA	ENSMUSG00000136286.1	lncRNA	one-to-many	GENCODE.v47vsM3847
ENSG00000298785.1	lncRNA	ENSMUSG00000118314.3	lncRNA	one-to-one	GENCODE.v47vsM3848
ENSG00000256717.2	lncRNA	ENSMUSG00000109844.4	lncRNA	many-to-many	GENCODE.v47vsM3849
ENSG00000299166.1	lncRNA	ENSMUSG00000117222.3	lncRNA	many-to-many	GENCODE.v47vsM3850
ENSG00000298898.1	lncRNA	ENSMUSG00000104615.2	lncRNA	one-to-one	GENCODE.v47vsM3851
ENSG00000229108.5	lncRNA	ENSMUSG00000101067.4	lncRNA	one-to-one	GENCODE.v47vsM3852
ENSG00000309656.1	lncRNA	ENSMUSG00000127658.1	lncRNA	one-to-many	GENCODE.v47vsM3853
ENSG00000256022.7	lncRNA	ENSMUSG00000106644.3	lncRNA	one-to-many	GENCODE.v47vsM3854
ENSG00000290758.3	lncRNA	ENSMUSG00000139720.1	lncRNA	many-to-many	GENCODE.v47vsM3855
ENSG00000294228.1	lncRNA	ENSMUSG00000118008.3	lncRNA	one-to-many	GENCODE.v47vsM3856
ENSG00000294950.1	lncRNA	ENSMUSG00000137892.1	lncRNA	one-to-one	GENCODE.v47vsM3857
ENSG00000289128.2	lncRNA	ENSMUSG00000108616.4	lncRNA	one-to-many	GENCODE.v47vsM3858
ENSG00000273162.2	lncRNA	ENSMUSG00000120787.2	lncRNA	one-to-one	GENCODE.v47vsM3859
ENSG00000204682.10	lncRNA	ENSMUSG00000054057.4	lncRNA	one-to-many	GENCODE.v47vsM3860
ENSG00000274265.6	lncRNA	ENSMUSG00000130084.1	lncRNA	many-to-many	GENCODE.v47vsM3861
ENSG00000296577.1	lncRNA	ENSMUSG00000056061.5	lncRNA	one-to-many	GENCODE.v47vsM3862
ENSG00000293964.1	lncRNA	ENSMUSG00000123126.1	lncRNA	one-to-one	GENCODE.v47vsM3863
ENSG00000224977.3	lncRNA	ENSMUSG00000123947.1	lncRNA	one-to-one	GENCODE.v47vsM3864
ENSG00000248587.9	lncRNA	ENSMUSG00000103142.2	lncRNA	one-to-many	GENCODE.v47vsM3865
ENSG00000295707.1	lncRNA	ENSMUSG00000120508.2	lncRNA	one-to-many	GENCODE.v47vsM3866
ENSG00000277767.2	lncRNA	ENSMUSG00000109810.2	lncRNA	one-to-one	GENCODE.v47vsM3867
ENSG00000308080.1	lncRNA	ENSMUSG00000129418.1	lncRNA	one-to-many	GENCODE.v47vsM3868
ENSG00000297898.1	lncRNA	ENSMUSG00000127335.1	lncRNA	one-to-many	GENCODE.v47vsM3869
ENSG00000293508.2	lncRNA	ENSMUSG00000142169.1	lncRNA	many-to-many	GENCODE.v47vsM3870
ENSG00000239513.7	lncRNA	ENSMUSG00000110929.3	lncRNA	one-to-one	GENCODE.v47vsM3871
ENSG00000231769.5	lncRNA	ENSMUSG00000120221.2	lncRNA	one-to-one	GENCODE.v47vsM3872
ENSG00000234396.3	lncRNA	ENSMUSG00000141479.1	lncRNA	one-to-one	GENCODE.v47vsM3873
ENSG00000267080.9	lncRNA	ENSMUSG00000134908.1	lncRNA	one-to-one	GENCODE.v47vsM3874
ENSG00000236144.10	lncRNA	ENSMUSG00000109224.3	lncRNA	many-to-many	GENCODE.v47vsM3875
ENSG00000258474.2	lncRNA	ENSMUSG00000120607.2	lncRNA	one-to-one	GENCODE.v47vsM3876
ENSG00000310345.1	lncRNA	ENSMUSG00000110530.3	lncRNA	one-to-one	GENCODE.v47vsM3877
ENSG00000298179.1	lncRNA	ENSMUSG00000133260.1	lncRNA	one-to-one	GENCODE.v47vsM3878
ENSG00000304359.1	lncRNA	ENSMUSG00000123215.1	lncRNA	one-to-one	GENCODE.v47vsM3879
ENSG00000253519.2	lncRNA	ENSMUSG00000126453.1	lncRNA	one-to-one	GENCODE.v47vsM3880
ENSG00000301363.1	lncRNA	ENSMUSG00000112376.3	lncRNA	one-to-many	GENCODE.v47vsM3881
ENSG00000250392.3	lncRNA	ENSMUSG00000102679.3	lncRNA	many-to-many	GENCODE.v47vsM3882
ENSG00000233360.5	lncRNA	ENSMUSG00000084864.3	lncRNA	one-to-one	GENCODE.v47vsM3883
ENSG00000295918.1	lncRNA	ENSMUSG00000123870.1	lncRNA	one-to-one	GENCODE.v47vsM3884
ENSG00000236536.3	lncRNA	ENSMUSG00000140194.1	lncRNA	one-to-one	GENCODE.v47vsM3885
ENSG00000300630.1	lncRNA	ENSMUSG00000114525.3	lncRNA	one-to-one	GENCODE.v47vsM3886
ENSG00000299750.1	lncRNA	ENSMUSG00000122304.1	lncRNA	one-to-many	GENCODE.v47vsM3887
ENSG00000203875.14	lncRNA	ENSMUSG00000131208.1	lncRNA	many-to-many	GENCODE.v47vsM3888
ENSG00000304955.1	lncRNA	ENSMUSG00000128340.1	lncRNA	one-to-many	GENCODE.v47vsM3889
ENSG00000296975.1	lncRNA	ENSMUSG00000124249.1	lncRNA	one-to-one	GENCODE.v47vsM3890
ENSG00000301990.1	lncRNA	ENSMUSG00000098519.3	lncRNA	one-to-one	GENCODE.v47vsM3891
ENSG00000305006.1	lncRNA	ENSMUSG00000137847.1	lncRNA	one-to-one	GENCODE.v47vsM3892
ENSG00000303906.1	lncRNA	ENSMUSG00000120197.2	lncRNA	one-to-one	GENCODE.v47vsM3893
ENSG00000302534.1	lncRNA	ENSMUSG00000141968.1	lncRNA	one-to-one	GENCODE.v47vsM3894
ENSG00000260239.3	lncRNA	ENSMUSG00000114838.2	lncRNA	one-to-one	GENCODE.v47vsM3895
ENSG00000291203.2	lncRNA	ENSMUSG00000106583.3	lncRNA	many-to-many	GENCODE.v47vsM3896
ENSG00000309327.1	lncRNA	ENSMUSG00000131339.1	lncRNA	one-to-one	GENCODE.v47vsM3897
ENSG00000287166.2	lncRNA	ENSMUSG00000097511.4	lncRNA	many-to-many	GENCODE.v47vsM3898
ENSG00000237879.3	lncRNA	ENSMUSG00000107271.5	lncRNA	many-to-many	GENCODE.v47vsM3899
ENSG00000223884.8	lncRNA	ENSMUSG00000113115.3	lncRNA	one-to-one	GENCODE.v47vsM3900
ENSG00000253641.6	lncRNA	ENSMUSG00000091686.3	lncRNA	one-to-many	GENCODE.v47vsM3901
ENSG00000296467.1	lncRNA	ENSMUSG00000136325.1	lncRNA	one-to-one	GENCODE.v47vsM3902
ENSG00000229043.4	lncRNA	ENSMUSG00000121177.2	lncRNA	one-to-one	GENCODE.v47vsM3903
ENSG00000302824.1	lncRNA	ENSMUSG00000113757.3	lncRNA	one-to-many	GENCODE.v47vsM3904
ENSG00000302628.1	lncRNA	ENSMUSG00000086035.4	lncRNA	many-to-many	GENCODE.v47vsM3905
ENSG00000228436.5	lncRNA	ENSMUSG00000085875.5	lncRNA	one-to-one	GENCODE.v47vsM3906
ENSG00000233521.9	lncRNA	ENSMUSG00000105376.7	lncRNA	one-to-one	GENCODE.v47vsM3907
ENSG00000234215.4	lncRNA	ENSMUSG00000105809.2	lncRNA	one-to-many	GENCODE.v47vsM3908
ENSG00000232310.11	lncRNA	ENSMUSG00000120421.2	lncRNA	one-to-many	GENCODE.v47vsM3909
ENSG00000301711.1	lncRNA	ENSMUSG00000135157.1	lncRNA	one-to-one	GENCODE.v47vsM3910
ENSG00000300577.1	lncRNA	ENSMUSG00000143905.1	lncRNA	one-to-one	GENCODE.v47vsM3911
ENSG00000293025.2	lncRNA	ENSMUSG00000140257.1	lncRNA	many-to-many	GENCODE.v47vsM3912
ENSG00000230408.4	lncRNA	ENSMUSG00000142916.1	lncRNA	one-to-many	GENCODE.v47vsM3913
ENSG00000258561.3	lncRNA	ENSMUSG00000112302.2	lncRNA	one-to-one	GENCODE.v47vsM3914
ENSG00000302876.1	lncRNA	ENSMUSG00000121122.2	lncRNA	one-to-many	GENCODE.v47vsM3915
ENSG00000279726.2	lncRNA	ENSMUSG00000103384.2	lncRNA	one-to-one	GENCODE.v47vsM3916
ENSG00000303567.1	lncRNA	ENSMUSG00000123930.1	lncRNA	one-to-many	GENCODE.v47vsM3917
ENSG00000236653.4	lncRNA	ENSMUSG00000102491.2	lncRNA	one-to-one	GENCODE.v47vsM3918
ENSG00000302903.1	lncRNA	ENSMUSG00000138976.1	lncRNA	one-to-many	GENCODE.v47vsM3919
ENSG00000261514.3	lncRNA	ENSMUSG00000120019.2	lncRNA	many-to-many	GENCODE.v47vsM3920
ENSG00000224612.2	lncRNA	ENSMUSG00000129589.1	lncRNA	one-to-one	GENCODE.v47vsM3921
ENSG00000258476.9	lncRNA	ENSMUSG00000100670.2	lncRNA	one-to-many	GENCODE.v47vsM3922
ENSG00000273080.3	lncRNA	ENSMUSG00000108466.2	lncRNA	one-to-many	GENCODE.v47vsM3923
ENSG00000304053.1	lncRNA	ENSMUSG00000095385.6	lncRNA	one-to-many	GENCODE.v47vsM3924
ENSG00000298041.1	lncRNA	ENSMUSG00000085409.3	lncRNA	one-to-half	GENCODE.v47vsM3925
ENSG00000289513.3	lncRNA	ENSMUSG00000134330.1	lncRNA	one-to-one	GENCODE.v47vsM3926
ENSG00000175611.15	lncRNA	ENSMUSG00000121054.2	lncRNA	one-to-one	GENCODE.v47vsM3927
ENSG00000288578.2	lncRNA	ENSMUSG00000127187.1	lncRNA	one-to-one	GENCODE.v47vsM3928
ENSG00000299872.1	lncRNA	ENSMUSG00000133164.1	lncRNA	one-to-many	GENCODE.v47vsM3929
ENSG00000234663.8	lncRNA	ENSMUSG00000143256.1	lncRNA	one-to-many	GENCODE.v47vsM3930
ENSG00000303950.1	lncRNA	ENSMUSG00000109880.3	lncRNA	one-to-one	GENCODE.v47vsM3931
ENSG00000272702.2	lncRNA	ENSMUSG00000141180.1	lncRNA	one-to-one	GENCODE.v47vsM3932
ENSG00000286458.2	lncRNA	ENSMUSG00000130577.1	lncRNA	one-to-half	GENCODE.v47vsM3933
ENSG00000249833.8	lncRNA	ENSMUSG00000140848.1	lncRNA	one-to-one	GENCODE.v47vsM3934
ENSG00000240777.2	lncRNA	ENSMUSG00000135137.1	lncRNA	one-to-one	GENCODE.v47vsM3935
ENSG00000251279.4	lncRNA	ENSMUSG00000121053.2	lncRNA	one-to-one	GENCODE.v47vsM3936
ENSG00000300806.1	lncRNA	ENSMUSG00000097121.4	lncRNA	many-to-many	GENCODE.v47vsM3937
ENSG00000224023.11	lncRNA	ENSMUSG00000101546.3	lncRNA	one-to-many	GENCODE.v47vsM3938
ENSG00000296415.1	lncRNA	ENSMUSG00000139882.1	lncRNA	one-to-one	GENCODE.v47vsM3939
ENSG00000296622.1	lncRNA	ENSMUSG00000137843.1	lncRNA	one-to-one	GENCODE.v47vsM3940
ENSG00000296617.1	lncRNA	ENSMUSG00000120274.2	lncRNA	one-to-one	GENCODE.v47vsM3941
ENSG00000237949.4	lncRNA	ENSMUSG00000143039.1	lncRNA	one-to-one	GENCODE.v47vsM3942
ENSG00000308589.1	lncRNA	ENSMUSG00000140727.1	lncRNA	one-to-one	GENCODE.v47vsM3943
ENSG00000301012.1	lncRNA	ENSMUSG00000143229.1	lncRNA	one-to-many	GENCODE.v47vsM3944
ENSG00000233871.3	lncRNA	ENSMUSG00000097447.9	lncRNA	one-to-many	GENCODE.v47vsM3945
ENSG00000310399.1	lncRNA	ENSMUSG00000138269.1	lncRNA	many-to-many	GENCODE.v47vsM3946
ENSG00000297617.1	lncRNA	ENSMUSG00000120838.2	lncRNA	one-to-one	GENCODE.v47vsM3947
ENSG00000231764.12	lncRNA	ENSMUSG00000094868.2	lncRNA	many-to-many	GENCODE.v47vsM3948
ENSG00000287281.3	lncRNA	ENSMUSG00000118024.4	lncRNA	one-to-one	GENCODE.v47vsM3949
ENSG00000300046.1	lncRNA	ENSMUSG00000129123.1	lncRNA	one-to-many	GENCODE.v47vsM3950
ENSG00000224613.8	lncRNA	ENSMUSG00000121018.2	lncRNA	one-to-many	GENCODE.v47vsM3951
ENSG00000302574.1	lncRNA	ENSMUSG00000120367.2	lncRNA	one-to-one	GENCODE.v47vsM3952
ENSG00000224535.3	lncRNA	ENSMUSG00000073478.9	lncRNA	one-to-many	GENCODE.v47vsM3953
ENSG00000277283.2	lncRNA	ENSMUSG00000107121.4	lncRNA	one-to-one	GENCODE.v47vsM3954
ENSG00000257283.2	lncRNA	ENSMUSG00000123494.1	lncRNA	one-to-one	GENCODE.v47vsM3955
ENSG00000293497.2	lncRNA	ENSMUSG00000142128.1	lncRNA	many-to-many	GENCODE.v47vsM3956
ENSG00000310380.1	lncRNA	ENSMUSG00000134892.1	lncRNA	one-to-one	GENCODE.v47vsM3957
ENSG00000307815.1	lncRNA	ENSMUSG00000106230.3	lncRNA	many-to-many	GENCODE.v47vsM3958
ENSG00000290569.2	lncRNA	ENSMUSG00000130084.1	lncRNA	many-to-many	GENCODE.v47vsM3959
ENSG00000264207.1	lncRNA	ENSMUSG00000050936.7	lncRNA	many-to-many	GENCODE.v47vsM3960
ENSG00000257265.1	lncRNA	ENSMUSG00000136260.1	lncRNA	one-to-many	GENCODE.v47vsM3961
ENSG00000309913.1	lncRNA	ENSMUSG00000074385.5	lncRNA	one-to-one	GENCODE.v47vsM3962
ENSG00000281880.2	lncRNA	ENSMUSG00000086029.9	lncRNA	many-to-many	GENCODE.v47vsM3963
ENSG00000287993.2	lncRNA	ENSMUSG00000118200.4	lncRNA	one-to-many	GENCODE.v47vsM3964
ENSG00000301156.1	lncRNA	ENSMUSG00000114828.3	lncRNA	one-to-one	GENCODE.v47vsM3965
ENSG00000245651.4	lncRNA	ENSMUSG00000120565.2	lncRNA	one-to-one	GENCODE.v47vsM3966
ENSG00000290885.2	lncRNA	ENSMUSG00000140231.1	lncRNA	many-to-many	GENCODE.v47vsM3967
ENSG00000197085.12	lncRNA	ENSMUSG00000085969.3	lncRNA	one-to-one	GENCODE.v47vsM3968
ENSG00000245552.10	lncRNA	ENSMUSG00000130567.1	lncRNA	one-to-many	GENCODE.v47vsM3969
ENSG00000296692.1	lncRNA	ENSMUSG00000109657.3	lncRNA	many-to-many	GENCODE.v47vsM3970
ENSG00000253161.8	lncRNA	ENSMUSG00000100335.4	lncRNA	one-to-many	GENCODE.v47vsM3971
ENSG00000259245.3	lncRNA	ENSMUSG00000099802.2	lncRNA	one-to-one	GENCODE.v47vsM3972
ENSG00000306101.1	lncRNA	ENSMUSG00000135704.1	lncRNA	one-to-many	GENCODE.v47vsM3973
ENSG00000301100.1	lncRNA	ENSMUSG00000138550.1	lncRNA	one-to-one	GENCODE.v47vsM3974
ENSG00000286757.5	lncRNA	ENSMUSG00000115263.3	lncRNA	one-to-one	GENCODE.v47vsM3975
ENSG00000295948.1	lncRNA	ENSMUSG00000132127.1	lncRNA	many-to-many	GENCODE.v47vsM3976
ENSG00000295218.1	lncRNA	ENSMUSG00000136187.1	lncRNA	one-to-one	GENCODE.v47vsM3977
ENSG00000235415.2	lncRNA	ENSMUSG00000136614.1	lncRNA	many-to-many	GENCODE.v47vsM3978
ENSG00000289570.2	lncRNA	ENSMUSG00000125635.1	lncRNA	one-to-one	GENCODE.v47vsM3979
ENSG00000272525.3	lncRNA	ENSMUSG00000048603.11	lncRNA	one-to-many	GENCODE.v47vsM3980
ENSG00000302484.1	lncRNA	ENSMUSG00000143301.1	lncRNA	one-to-one	GENCODE.v47vsM3981
ENSG00000250303.7	lncRNA	ENSMUSG00000124638.1	lncRNA	one-to-one	GENCODE.v47vsM3982
ENSG00000301667.1	lncRNA	ENSMUSG00000112390.4	lncRNA	one-to-many	GENCODE.v47vsM3983
ENSG00000297757.1	lncRNA	ENSMUSG00000102297.2	lncRNA	many-to-many	GENCODE.v47vsM3984
ENSG00000251642.2	lncRNA	ENSMUSG00000105730.3	lncRNA	one-to-many	GENCODE.v47vsM3985
ENSG00000274937.2	lncRNA	ENSMUSG00000128395.1	lncRNA	one-to-half	GENCODE.v47vsM3986
ENSG00000215386.16	lncRNA	ENSMUSG00000102854.2	lncRNA	many-to-many	GENCODE.v47vsM3987
ENSG00000205913.8	lncRNA	ENSMUSG00000140115.1	lncRNA	one-to-one	GENCODE.v47vsM3988
ENSG00000244926.8	lncRNA	ENSMUSG00000027196.14	lncRNA	one-to-one	GENCODE.v47vsM3989
ENSG00000303034.1	lncRNA	ENSMUSG00000111102.2	lncRNA	one-to-one	GENCODE.v47vsM3990
ENSG00000297800.1	lncRNA	ENSMUSG00000097915.5	lncRNA	one-to-one	GENCODE.v47vsM3991
ENSG00000270066.4	lncRNA	ENSMUSG00000130617.1	lncRNA	many-to-many	GENCODE.v47vsM3992
ENSG00000227252.3	lncRNA	ENSMUSG00000133814.1	lncRNA	one-to-one	GENCODE.v47vsM3993
ENSG00000231999.9	lncRNA	ENSMUSG00000133270.1	lncRNA	one-to-many	GENCODE.v47vsM3994
ENSG00000302067.1	lncRNA	ENSMUSG00000102196.3	lncRNA	one-to-one	GENCODE.v47vsM3995
ENSG00000249082.3	lncRNA	ENSMUSG00000100096.2	lncRNA	many-to-many	GENCODE.v47vsM3996
ENSG00000300065.1	lncRNA	ENSMUSG00000085958.2	lncRNA	one-to-one	GENCODE.v47vsM3997
ENSG00000302922.1	lncRNA	ENSMUSG00000121426.1	lncRNA	many-to-many	GENCODE.v47vsM3998
ENSG00000267686.2	lncRNA	ENSMUSG00000117737.3	lncRNA	one-to-one	GENCODE.v47vsM3999
ENSG00000224397.10	lncRNA	ENSMUSG00000087624.3	lncRNA	many-to-many	GENCODE.v47vsM4000
ENSG00000308334.1	lncRNA	ENSMUSG00000122068.1	lncRNA	one-to-many	GENCODE.v47vsM4001
ENSG00000249588.2	lncRNA	ENSMUSG00000103437.2	lncRNA	one-to-one	GENCODE.v47vsM4002
ENSG00000264745.2	lncRNA	ENSMUSG00000117418.3	lncRNA	one-to-one	GENCODE.v47vsM4003
ENSG00000308793.1	lncRNA	ENSMUSG00000120055.2	lncRNA	one-to-many	GENCODE.v47vsM4004
ENSG00000254968.9	lncRNA	ENSMUSG00000111359.3	lncRNA	one-to-many	GENCODE.v47vsM4005
ENSG00000293304.1	lncRNA	ENSMUSG00000106483.3	lncRNA	many-to-many	GENCODE.v47vsM4006
ENSG00000300533.1	lncRNA	ENSMUSG00000127456.2	lncRNA	one-to-many	GENCODE.v47vsM4007
ENSG00000271192.2	lncRNA	ENSMUSG00000097736.10	lncRNA	many-to-many	GENCODE.v47vsM4008
ENSG00000286041.2	lncRNA	ENSMUSG00000044997.5	lncRNA	one-to-one	GENCODE.v47vsM4009
ENSG00000286753.4	lncRNA	ENSMUSG00000113334.3	lncRNA	one-to-one	GENCODE.v47vsM4010
ENSG00000291089.2	lncRNA	ENSMUSG00000121377.2	lncRNA	many-to-many	GENCODE.v47vsM4011
ENSG00000231999.9	lncRNA	ENSMUSG00000126110.1	lncRNA	one-to-many	GENCODE.v47vsM4012
ENSG00000301647.1	lncRNA	ENSMUSG00000115441.3	lncRNA	one-to-one	GENCODE.v47vsM4013
ENSG00000286974.1	lncRNA	ENSMUSG00000125542.1	lncRNA	one-to-many	GENCODE.v47vsM4014
ENSG00000305369.1	lncRNA	ENSMUSG00000135328.1	lncRNA	one-to-one	GENCODE.v47vsM4015
ENSG00000303157.1	lncRNA	ENSMUSG00000140895.1	lncRNA	one-to-many	GENCODE.v47vsM4016
ENSG00000230402.3	lncRNA	ENSMUSG00000140563.1	lncRNA	one-to-one	GENCODE.v47vsM4017
ENSG00000301394.1	lncRNA	ENSMUSG00000143805.1	lncRNA	one-to-one	GENCODE.v47vsM4018
ENSG00000251574.9	lncRNA	ENSMUSG00000101606.2	lncRNA	one-to-one	GENCODE.v47vsM4019
ENSG00000304134.1	lncRNA	ENSMUSG00000103705.2	lncRNA	one-to-one	GENCODE.v47vsM4020
ENSG00000303734.1	lncRNA	ENSMUSG00000099869.8	lncRNA	many-to-many	GENCODE.v47vsM4021
ENSG00000297119.1	lncRNA	ENSMUSG00000138263.1	lncRNA	one-to-many	GENCODE.v47vsM4022
ENSG00000277268.3	lncRNA	ENSMUSG00000087211.10	lncRNA	one-to-many	GENCODE.v47vsM4023
ENSG00000303482.1	lncRNA	ENSMUSG00000131317.1	lncRNA	one-to-one	GENCODE.v47vsM4024
ENSG00000225767.2	lncRNA	ENSMUSG00000085256.4	lncRNA	one-to-one	GENCODE.v47vsM4025
ENSG00000234377.9	lncRNA	ENSMUSG00000139403.1	lncRNA	one-to-many	GENCODE.v47vsM4026
ENSG00000278893.1	lncRNA	ENSMUSG00000110084.2	lncRNA	many-to-many	GENCODE.v47vsM4027
ENSG00000295966.1	lncRNA	ENSMUSG00000125010.1	lncRNA	one-to-one	GENCODE.v47vsM4028
ENSG00000233718.10	lncRNA	ENSMUSG00000124527.1	lncRNA	one-to-one	GENCODE.v47vsM4029
ENSG00000272195.2	lncRNA	ENSMUSG00000138911.1	lncRNA	one-to-one	GENCODE.v47vsM4030
ENSG00000225214.2	lncRNA	ENSMUSG00000140556.1	lncRNA	one-to-one	GENCODE.v47vsM4031
ENSG00000303898.1	lncRNA	ENSMUSG00000045746.5	lncRNA	one-to-one	GENCODE.v47vsM4032
ENSG00000286115.2	lncRNA	ENSMUSG00000097025.3	lncRNA	one-to-one	GENCODE.v47vsM4033
ENSG00000260830.3	lncRNA	ENSMUSG00000097533.4	lncRNA	one-to-one	GENCODE.v47vsM4034
ENSG00000235126.2	lncRNA	ENSMUSG00000116762.3	lncRNA	one-to-one	GENCODE.v47vsM4035
ENSG00000231073.2	lncRNA	ENSMUSG00000093424.6	lncRNA	one-to-many	GENCODE.v47vsM4036
ENSG00000266560.5	lncRNA	ENSMUSG00000121394.1	lncRNA	many-to-many	GENCODE.v47vsM4037
ENSG00000310312.1	lncRNA	ENSMUSG00000112482.3	lncRNA	one-to-one	GENCODE.v47vsM4038
ENSG00000254602.3	lncRNA	ENSMUSG00000097187.3	lncRNA	one-to-one	GENCODE.v47vsM4039
ENSG00000229425.6	lncRNA	ENSMUSG00000109333.3	lncRNA	many-to-many	GENCODE.v47vsM4040
ENSG00000309740.1	lncRNA	ENSMUSG00000114680.3	lncRNA	one-to-one	GENCODE.v47vsM4041
ENSG00000235434.2	lncRNA	ENSMUSG00000140657.1	lncRNA	one-to-one	GENCODE.v47vsM4042
ENSG00000259676.2	lncRNA	ENSMUSG00000097441.3	lncRNA	one-to-one	GENCODE.v47vsM4043
ENSG00000308222.1	lncRNA	ENSMUSG00000097812.3	lncRNA	one-to-many	GENCODE.v47vsM4044
ENSG00000310384.1	lncRNA	ENSMUSG00000131289.1	lncRNA	one-to-many	GENCODE.v47vsM4045
ENSG00000239922.3	lncRNA	ENSMUSG00000137040.1	lncRNA	one-to-many	GENCODE.v47vsM4046
ENSG00000255314.5	lncRNA	ENSMUSG00000132970.1	lncRNA	one-to-one	GENCODE.v47vsM4047
ENSG00000247134.9	lncRNA	ENSMUSG00000142075.1	lncRNA	one-to-many	GENCODE.v47vsM4048
ENSG00000233098.11	lncRNA	ENSMUSG00000133119.1	lncRNA	many-to-many	GENCODE.v47vsM4049
ENSG00000226828.3	lncRNA	ENSMUSG00000126692.1	lncRNA	one-to-many	GENCODE.v47vsM4050
ENSG00000223989.1	lncRNA	ENSMUSG00000086949.2	lncRNA	one-to-one	GENCODE.v47vsM4051
ENSG00000229388.2	lncRNA	ENSMUSG00000120711.2	lncRNA	many-to-many	GENCODE.v47vsM4052
ENSG00000264000.2	lncRNA	ENSMUSG00000135855.1	lncRNA	one-to-one	GENCODE.v47vsM4053
ENSG00000271855.2	lncRNA	ENSMUSG00000116819.3	lncRNA	one-to-one	GENCODE.v47vsM4054
ENSG00000293801.1	lncRNA	ENSMUSG00000120368.2	lncRNA	one-to-one	GENCODE.v47vsM4055
ENSG00000289254.2	lncRNA	ENSMUSG00000085779.3	lncRNA	one-to-one	GENCODE.v47vsM4056
ENSG00000224177.9	lncRNA	ENSMUSG00000114018.4	lncRNA	many-to-many	GENCODE.v47vsM4057
ENSG00000298527.1	lncRNA	ENSMUSG00000136969.1	lncRNA	one-to-one	GENCODE.v47vsM4058
ENSG00000287980.2	lncRNA	ENSMUSG00000141697.1	lncRNA	one-to-one	GENCODE.v47vsM4059
ENSG00000296567.1	lncRNA	ENSMUSG00000127080.1	lncRNA	one-to-one	GENCODE.v47vsM4060
ENSG00000226519.5	lncRNA	ENSMUSG00000115596.3	lncRNA	many-to-many	GENCODE.v47vsM4061
ENSG00000305295.1	lncRNA	ENSMUSG00000131196.1	lncRNA	one-to-many	GENCODE.v47vsM4062
ENSG00000234261.7	lncRNA	ENSMUSG00000113689.3	lncRNA	many-to-many	GENCODE.v47vsM4063
ENSG00000307845.1	lncRNA	ENSMUSG00000119969.2	lncRNA	one-to-one	GENCODE.v47vsM4064
ENSG00000303517.1	lncRNA	ENSMUSG00000118134.4	lncRNA	one-to-many	GENCODE.v47vsM4065
ENSG00000287220.1	lncRNA	ENSMUSG00000129772.1	lncRNA	one-to-one	GENCODE.v47vsM4066
ENSG00000243276.7	lncRNA	ENSMUSG00000116573.2	lncRNA	one-to-one	GENCODE.v47vsM4067
ENSG00000236423.9	lncRNA	ENSMUSG00000127216.1	lncRNA	one-to-many	GENCODE.v47vsM4068
ENSG00000254905.1	lncRNA	ENSMUSG00000110774.2	lncRNA	one-to-one	GENCODE.v47vsM4069
ENSG00000293616.2	lncRNA	ENSMUSG00000097048.10	lncRNA	one-to-many	GENCODE.v47vsM4070
ENSG00000299332.1	lncRNA	ENSMUSG00000129475.1	lncRNA	one-to-one	GENCODE.v47vsM4071
ENSG00000286419.2	lncRNA	ENSMUSG00000097592.4	lncRNA	one-to-one	GENCODE.v47vsM4072
ENSG00000234275.5	lncRNA	ENSMUSG00000130918.1	lncRNA	one-to-one	GENCODE.v47vsM4073
ENSG00000255458.10	lncRNA	ENSMUSG00000107195.2	lncRNA	one-to-one	GENCODE.v47vsM4074
ENSG00000232940.9	lncRNA	ENSMUSG00000125497.1	lncRNA	one-to-half	GENCODE.v47vsM4075
ENSG00000260394.3	lncRNA	ENSMUSG00000120308.2	lncRNA	one-to-one	GENCODE.v47vsM4076
ENSG00000253799.2	lncRNA	ENSMUSG00000142401.1	lncRNA	one-to-one	GENCODE.v47vsM4077
ENSG00000286739.3	lncRNA	ENSMUSG00000100291.8	lncRNA	one-to-many	GENCODE.v47vsM4078
ENSG00000289926.2	lncRNA	ENSMUSG00000124971.1	lncRNA	one-to-one	GENCODE.v47vsM4079
ENSG00000258537.7	lncRNA	ENSMUSG00000113900.2	lncRNA	one-to-one	GENCODE.v47vsM4080
ENSG00000286557.2	lncRNA	ENSMUSG00000131891.1	lncRNA	one-to-one	GENCODE.v47vsM4081
ENSG00000235597.4	lncRNA	ENSMUSG00000101299.5	lncRNA	one-to-many	GENCODE.v47vsM4082
ENSG00000232956.11	lncRNA	ENSMUSG00000085156.11	lncRNA	many-to-many	GENCODE.v47vsM4083
ENSG00000299795.1	lncRNA	ENSMUSG00000124940.1	lncRNA	one-to-half	GENCODE.v47vsM4084
ENSG00000255136.4	lncRNA	ENSMUSG00000085095.4	lncRNA	many-to-many	GENCODE.v47vsM4085
ENSG00000233101.11	lncRNA	ENSMUSG00000085645.4	lncRNA	many-to-many	GENCODE.v47vsM4086
ENSG00000225675.3	lncRNA	ENSMUSG00000087200.3	lncRNA	one-to-one	GENCODE.v47vsM4087
ENSG00000264449.6	lncRNA	ENSMUSG00000117004.3	lncRNA	one-to-many	GENCODE.v47vsM4088
ENSG00000267546.3	lncRNA	ENSMUSG00000138327.1	lncRNA	one-to-one	GENCODE.v47vsM4089
ENSG00000302536.1	lncRNA	ENSMUSG00000132024.1	lncRNA	many-to-many	GENCODE.v47vsM4090
ENSG00000254872.4	lncRNA	ENSMUSG00000134648.1	lncRNA	one-to-one	GENCODE.v47vsM4091
ENSG00000295331.1	lncRNA	ENSMUSG00000100658.4	lncRNA	one-to-one	GENCODE.v47vsM4092
ENSG00000299861.1	lncRNA	ENSMUSG00000140260.1	lncRNA	one-to-one	GENCODE.v47vsM4093
ENSG00000227292.2	lncRNA	ENSMUSG00000103091.2	lncRNA	one-to-many	GENCODE.v47vsM4094
ENSG00000240006.3	lncRNA	ENSMUSG00000141848.1	lncRNA	one-to-one	GENCODE.v47vsM4095
ENSG00000306849.1	lncRNA	ENSMUSG00000113358.3	lncRNA	one-to-one	GENCODE.v47vsM4096
ENSG00000273702.2	lncRNA	ENSMUSG00000120202.2	lncRNA	one-to-one	GENCODE.v47vsM4097
ENSG00000309659.1	lncRNA	ENSMUSG00000133003.1	lncRNA	one-to-one	GENCODE.v47vsM4098
ENSG00000246560.4	lncRNA	ENSMUSG00000097207.10	lncRNA	many-to-many	GENCODE.v47vsM4099
ENSG00000240405.8	lncRNA	ENSMUSG00000121018.2	lncRNA	many-to-many	GENCODE.v47vsM4100
ENSG00000232581.2	lncRNA	ENSMUSG00000105609.2	lncRNA	one-to-one	GENCODE.v47vsM4101
ENSG00000227016.5	lncRNA	ENSMUSG00000085084.10	lncRNA	one-to-many	GENCODE.v47vsM4102
ENSG00000231902.3	lncRNA	ENSMUSG00000130336.1	lncRNA	one-to-one	GENCODE.v47vsM4103
ENSG00000233824.3	lncRNA	ENSMUSG00000141818.1	lncRNA	one-to-many	GENCODE.v47vsM4104
ENSG00000258633.2	lncRNA	ENSMUSG00000133296.1	lncRNA	one-to-one	GENCODE.v47vsM4105
ENSG00000237436.2	lncRNA	ENSMUSG00000120016.2	lncRNA	one-to-one	GENCODE.v47vsM4106
ENSG00000260577.2	lncRNA	ENSMUSG00000130764.1	lncRNA	one-to-one	GENCODE.v47vsM4107
ENSG00000287497.4	lncRNA	ENSMUSG00000114573.3	lncRNA	one-to-many	GENCODE.v47vsM4108
ENSG00000295941.1	lncRNA	ENSMUSG00000123327.1	lncRNA	one-to-half	GENCODE.v47vsM4109
ENSG00000125804.15	lncRNA	ENSMUSG00000072673.3	lncRNA	many-to-many	GENCODE.v47vsM4110
ENSG00000227258.8	lncRNA	ENSMUSG00000126913.1	lncRNA	one-to-one	GENCODE.v47vsM4111
ENSG00000227741.2	lncRNA	ENSMUSG00000092085.3	lncRNA	one-to-one	GENCODE.v47vsM4112
ENSG00000293977.1	lncRNA	ENSMUSG00000112189.3	lncRNA	one-to-one	GENCODE.v47vsM4113
ENSG00000274565.2	lncRNA	ENSMUSG00000123421.1	lncRNA	one-to-one	GENCODE.v47vsM4114
ENSG00000256196.3	lncRNA	ENSMUSG00000139856.1	lncRNA	one-to-one	GENCODE.v47vsM4115
ENSG00000242516.5	lncRNA	ENSMUSG00000097073.9	lncRNA	one-to-many	GENCODE.v47vsM4116
ENSG00000307624.1	lncRNA	ENSMUSG00000118175.3	lncRNA	one-to-one	GENCODE.v47vsM4117
ENSG00000301622.1	lncRNA	ENSMUSG00000097729.5	lncRNA	one-to-many	GENCODE.v47vsM4118
ENSG00000295551.1	lncRNA	ENSMUSG00000141582.1	lncRNA	one-to-one	GENCODE.v47vsM4119
ENSG00000298078.1	lncRNA	ENSMUSG00000138591.1	lncRNA	one-to-one	GENCODE.v47vsM4120
ENSG00000163081.4	lncRNA	ENSMUSG00000120041.2	lncRNA	one-to-one	GENCODE.v47vsM4121
ENSG00000271874.2	lncRNA	ENSMUSG00000096971.5	lncRNA	one-to-one	GENCODE.v47vsM4122
ENSG00000293264.2	lncRNA	ENSMUSG00000141779.1	lncRNA	many-to-many	GENCODE.v47vsM4123
ENSG00000293471.2	lncRNA	ENSMUSG00000138037.1	lncRNA	many-to-many	GENCODE.v47vsM4124
ENSG00000291177.2	lncRNA	ENSMUSG00000121815.1	lncRNA	many-to-many	GENCODE.v47vsM4125
ENSG00000296672.1	lncRNA	ENSMUSG00000141576.1	lncRNA	many-to-many	GENCODE.v47vsM4126
ENSG00000272717.1	lncRNA	ENSMUSG00000097885.9	lncRNA	one-to-many	GENCODE.v47vsM4127
ENSG00000304093.1	lncRNA	ENSMUSG00000123187.1	lncRNA	many-to-many	GENCODE.v47vsM4128
ENSG00000290803.2	lncRNA	ENSMUSG00000122536.1	lncRNA	many-to-many	GENCODE.v47vsM4129
ENSG00000307714.1	lncRNA	ENSMUSG00000120979.2	lncRNA	one-to-one	GENCODE.v47vsM4130
ENSG00000258676.6	lncRNA	ENSMUSG00000108548.2	lncRNA	one-to-many	GENCODE.v47vsM4131
ENSG00000249776.6	lncRNA	ENSMUSG00000101416.2	lncRNA	one-to-one	GENCODE.v47vsM4132
ENSG00000283078.2	lncRNA	ENSMUSG00000085704.4	lncRNA	one-to-one	GENCODE.v47vsM4133
ENSG00000270117.3	lncRNA	ENSMUSG00000131117.1	lncRNA	one-to-many	GENCODE.v47vsM4134
ENSG00000248107.3	lncRNA	ENSMUSG00000135004.1	lncRNA	one-to-one	GENCODE.v47vsM4135
ENSG00000226320.7	lncRNA	ENSMUSG00000111235.2	lncRNA	one-to-one	GENCODE.v47vsM4136
ENSG00000289041.2	lncRNA	ENSMUSG00000080727.5	lncRNA	one-to-many	GENCODE.v47vsM4137
ENSG00000289931.2	lncRNA	ENSMUSG00000086127.3	lncRNA	many-to-many	GENCODE.v47vsM4138
ENSG00000298994.1	lncRNA	ENSMUSG00000107737.3	lncRNA	one-to-many	GENCODE.v47vsM4139
ENSG00000295262.1	lncRNA	ENSMUSG00000089671.3	lncRNA	one-to-one	GENCODE.v47vsM4140
ENSG00000177369.12	lncRNA	ENSMUSG00000129991.1	lncRNA	many-to-many	GENCODE.v47vsM4141
ENSG00000186960.15	lncRNA	ENSMUSG00000104861.3	lncRNA	many-to-many	GENCODE.v47vsM4142
ENSG00000285090.2	lncRNA	ENSMUSG00000102946.3	lncRNA	one-to-many	GENCODE.v47vsM4143
ENSG00000293398.2	lncRNA	ENSMUSG00000097689.3	lncRNA	many-to-many	GENCODE.v47vsM4144
ENSG00000304331.1	lncRNA	ENSMUSG00000137800.1	lncRNA	one-to-one	GENCODE.v47vsM4145
ENSG00000309036.1	lncRNA	ENSMUSG00000087305.11	lncRNA	one-to-many	GENCODE.v47vsM4146
ENSG00000229770.3	lncRNA	ENSMUSG00000098027.2	lncRNA	one-to-one	GENCODE.v47vsM4147
ENSG00000238062.7	lncRNA	ENSMUSG00000122063.1	lncRNA	one-to-many	GENCODE.v47vsM4148
ENSG00000253641.6	lncRNA	ENSMUSG00000090785.2	lncRNA	one-to-many	GENCODE.v47vsM4149
ENSG00000302260.1	lncRNA	ENSMUSG00000143782.1	lncRNA	one-to-one	GENCODE.v47vsM4150
ENSG00000227210.3	lncRNA	ENSMUSG00000142309.1	lncRNA	one-to-many	GENCODE.v47vsM4151
ENSG00000307869.1	lncRNA	ENSMUSG00000124334.1	lncRNA	one-to-one	GENCODE.v47vsM4152
ENSG00000285755.3	lncRNA	ENSMUSG00000122422.1	lncRNA	one-to-one	GENCODE.v47vsM4153
ENSG00000272970.6	lncRNA	ENSMUSG00000122447.1	lncRNA	many-to-many	GENCODE.v47vsM4154
ENSG00000268403.4	lncRNA	ENSMUSG00000073867.3	lncRNA	one-to-many	GENCODE.v47vsM4155
ENSG00000235042.2	lncRNA	ENSMUSG00000138291.1	lncRNA	one-to-one	GENCODE.v47vsM4156
ENSG00000300882.1	lncRNA	ENSMUSG00000141885.1	lncRNA	one-to-one	GENCODE.v47vsM4157
ENSG00000247081.9	lncRNA	ENSMUSG00000136918.1	lncRNA	one-to-many	GENCODE.v47vsM4158
ENSG00000240476.3	lncRNA	ENSMUSG00000126563.1	lncRNA	one-to-many	GENCODE.v47vsM4159
ENSG00000272243.7	lncRNA	ENSMUSG00000111633.2	lncRNA	many-to-many	GENCODE.v47vsM4160
ENSG00000230286.1	lncRNA	ENSMUSG00000087258.3	lncRNA	one-to-one	GENCODE.v47vsM4161
ENSG00000287378.2	lncRNA	ENSMUSG00000116877.3	lncRNA	one-to-one	GENCODE.v47vsM4162
ENSG00000260526.1	lncRNA	ENSMUSG00000105550.3	lncRNA	one-to-one	GENCODE.v47vsM4163
ENSG00000290923.2	lncRNA	ENSMUSG00000139670.1	lncRNA	many-to-many	GENCODE.v47vsM4164
ENSG00000295463.1	lncRNA	ENSMUSG00000113689.3	lncRNA	one-to-many	GENCODE.v47vsM4165
ENSG00000251171.1	lncRNA	ENSMUSG00000129917.1	lncRNA	one-to-many	GENCODE.v47vsM4166
ENSG00000230918.4	lncRNA	ENSMUSG00000138961.1	lncRNA	one-to-one	GENCODE.v47vsM4167
ENSG00000290199.2	lncRNA	ENSMUSG00000086381.2	lncRNA	many-to-many	GENCODE.v47vsM4168
ENSG00000224918.2	lncRNA	ENSMUSG00000143229.1	lncRNA	one-to-many	GENCODE.v47vsM4169
ENSG00000303036.1	lncRNA	ENSMUSG00000142160.1	lncRNA	one-to-one	GENCODE.v47vsM4170
ENSG00000229327.1	lncRNA	ENSMUSG00000101320.2	lncRNA	one-to-many	GENCODE.v47vsM4171
ENSG00000228862.6	lncRNA	ENSMUSG00000131933.1	lncRNA	one-to-one	GENCODE.v47vsM4172
ENSG00000308232.1	lncRNA	ENSMUSG00000120694.2	lncRNA	one-to-one	GENCODE.v47vsM4173
ENSG00000232229.9	lncRNA	ENSMUSG00000117865.2	lncRNA	one-to-one	GENCODE.v47vsM4174
ENSG00000241505.1	lncRNA	ENSMUSG00000099964.8	lncRNA	one-to-many	GENCODE.v47vsM4175
ENSG00000253438.6	lncRNA	ENSMUSG00000097493.4	lncRNA	one-to-many	GENCODE.v47vsM4176
ENSG00000306514.1	lncRNA	ENSMUSG00000087549.3	lncRNA	one-to-one	GENCODE.v47vsM4177
ENSG00000285513.1	lncRNA	ENSMUSG00000074373.8	lncRNA	one-to-one	GENCODE.v47vsM4178
ENSG00000280739.7	lncRNA	ENSMUSG00000111828.3	lncRNA	one-to-half	GENCODE.v47vsM4179
ENSG00000237463.8	lncRNA	ENSMUSG00000142769.1	lncRNA	many-to-many	GENCODE.v47vsM4180
ENSG00000279446.1	lncRNA	ENSMUSG00000119992.2	lncRNA	one-to-many	GENCODE.v47vsM4181
ENSG00000298321.1	lncRNA	ENSMUSG00000143072.1	lncRNA	one-to-one	GENCODE.v47vsM4182
ENSG00000232907.10	lncRNA	ENSMUSG00000087179.11	lncRNA	one-to-many	GENCODE.v47vsM4183
ENSG00000243150.7	lncRNA	ENSMUSG00000130414.1	lncRNA	one-to-one	GENCODE.v47vsM4184
ENSG00000231890.11	lncRNA	ENSMUSG00000141506.1	lncRNA	one-to-one	GENCODE.v47vsM4185
ENSG00000267607.2	lncRNA	ENSMUSG00000110790.3	lncRNA	one-to-many	GENCODE.v47vsM4186
ENSG00000287581.1	lncRNA	ENSMUSG00000133671.1	lncRNA	one-to-many	GENCODE.v47vsM4187
ENSG00000272537.2	lncRNA	ENSMUSG00000091007.2	lncRNA	one-to-one	GENCODE.v47vsM4188
ENSG00000306911.1	lncRNA	ENSMUSG00000120039.2	lncRNA	one-to-many	GENCODE.v47vsM4189
ENSG00000253633.3	lncRNA	ENSMUSG00000128411.1	lncRNA	one-to-one	GENCODE.v47vsM4190
ENSG00000296943.1	lncRNA	ENSMUSG00000120586.2	lncRNA	one-to-one	GENCODE.v47vsM4191
ENSG00000286619.1	lncRNA	ENSMUSG00000137993.1	lncRNA	many-to-many	GENCODE.v47vsM4192
ENSG00000204685.10	lncRNA	ENSMUSG00000103957.2	lncRNA	one-to-one	GENCODE.v47vsM4193
ENSG00000228956.10	lncRNA	ENSMUSG00000102600.2	lncRNA	one-to-many	GENCODE.v47vsM4194
ENSG00000228639.9	lncRNA	ENSMUSG00000135840.1	lncRNA	many-to-many	GENCODE.v47vsM4195
ENSG00000288777.1	lncRNA	ENSMUSG00000140696.1	lncRNA	one-to-one	GENCODE.v47vsM4196
ENSG00000228839.6	lncRNA	ENSMUSG00000053263.5	lncRNA	one-to-one	GENCODE.v47vsM4197
ENSG00000272086.3	lncRNA	ENSMUSG00000120063.2	lncRNA	one-to-many	GENCODE.v47vsM4198
ENSG00000296647.1	lncRNA	ENSMUSG00000109412.2	lncRNA	one-to-many	GENCODE.v47vsM4199
ENSG00000292997.1	lncRNA	ENSMUSG00000121818.2	lncRNA	many-to-many	GENCODE.v47vsM4200
ENSG00000271889.2	lncRNA	ENSMUSG00000086459.5	lncRNA	many-to-many	GENCODE.v47vsM4201
ENSG00000294596.1	lncRNA	ENSMUSG00000085289.3	lncRNA	one-to-one	GENCODE.v47vsM4202
ENSG00000214922.10	lncRNA	ENSMUSG00000079505.4	lncRNA	many-to-many	GENCODE.v47vsM4203
ENSG00000237057.4	lncRNA	ENSMUSG00000137929.1	lncRNA	many-to-many	GENCODE.v47vsM4204
ENSG00000303842.1	lncRNA	ENSMUSG00000141361.1	lncRNA	one-to-half	GENCODE.v47vsM4205
ENSG00000302057.1	lncRNA	ENSMUSG00000129861.1	lncRNA	one-to-one	GENCODE.v47vsM4206
ENSG00000307151.1	lncRNA	ENSMUSG00000141887.1	lncRNA	one-to-one	GENCODE.v47vsM4207
ENSG00000261082.2	lncRNA	ENSMUSG00000139131.1	lncRNA	one-to-one	GENCODE.v47vsM4208
ENSG00000234350.8	lncRNA	ENSMUSG00000087264.3	lncRNA	one-to-many	GENCODE.v47vsM4209
ENSG00000306278.1	lncRNA	ENSMUSG00000120365.2	lncRNA	one-to-one	GENCODE.v47vsM4210
ENSG00000271860.10	lncRNA	ENSMUSG00000100395.2	lncRNA	many-to-many	GENCODE.v47vsM4211
ENSG00000294134.1	lncRNA	ENSMUSG00000123614.1	lncRNA	one-to-many	GENCODE.v47vsM4212
ENSG00000302180.1	lncRNA	ENSMUSG00000133055.1	lncRNA	one-to-one	GENCODE.v47vsM4213
ENSG00000287218.1	lncRNA	ENSMUSG00000142000.1	lncRNA	one-to-many	GENCODE.v47vsM4214
ENSG00000218537.1	lncRNA	ENSMUSG00000122183.1	lncRNA	many-to-many	GENCODE.v47vsM4215
ENSG00000264107.2	lncRNA	ENSMUSG00000133520.1	lncRNA	many-to-many	GENCODE.v47vsM4216
ENSG00000287553.2	lncRNA	ENSMUSG00000085609.4	lncRNA	one-to-many	GENCODE.v47vsM4217
ENSG00000293618.1	lncRNA	ENSMUSG00000101153.3	lncRNA	one-to-many	GENCODE.v47vsM4218
ENSG00000225806.9	lncRNA	ENSMUSG00000132887.1	lncRNA	one-to-many	GENCODE.v47vsM4219
ENSG00000294915.1	lncRNA	ENSMUSG00000115627.3	lncRNA	one-to-one	GENCODE.v47vsM4220
ENSG00000213904.12	lncRNA	ENSMUSG00000074232.4	lncRNA	many-to-many	GENCODE.v47vsM4221
ENSG00000238057.11	lncRNA	ENSMUSG00000052248.19	lncRNA	many-to-many	GENCODE.v47vsM4222
ENSG00000226877.10	lncRNA	ENSMUSG00000097399.9	lncRNA	one-to-many	GENCODE.v47vsM4223
ENSG00000231304.3	lncRNA	ENSMUSG00000126270.1	lncRNA	one-to-many	GENCODE.v47vsM4224
ENSG00000290110.2	lncRNA	ENSMUSG00000137095.1	lncRNA	one-to-one	GENCODE.v47vsM4225
ENSG00000308742.1	lncRNA	ENSMUSG00000141699.1	lncRNA	one-to-many	GENCODE.v47vsM4226
ENSG00000289166.2	lncRNA	ENSMUSG00000126062.1	lncRNA	one-to-half	GENCODE.v47vsM4227
ENSG00000289924.1	lncRNA	ENSMUSG00000130683.1	lncRNA	one-to-one	GENCODE.v47vsM4228
ENSG00000260351.1	lncRNA	ENSMUSG00000120034.2	lncRNA	one-to-one	GENCODE.v47vsM4229
ENSG00000303496.1	lncRNA	ENSMUSG00000087196.4	lncRNA	one-to-many	GENCODE.v47vsM4230
ENSG00000301045.1	lncRNA	ENSMUSG00000084873.4	lncRNA	one-to-one	GENCODE.v47vsM4231
ENSG00000263342.2	lncRNA	ENSMUSG00000129224.1	lncRNA	one-to-one	GENCODE.v47vsM4232
ENSG00000291208.2	lncRNA	ENSMUSG00000136814.1	lncRNA	many-to-many	GENCODE.v47vsM4233
ENSG00000304791.1	lncRNA	ENSMUSG00000114898.4	lncRNA	one-to-many	GENCODE.v47vsM4234
ENSG00000303654.1	lncRNA	ENSMUSG00000140630.1	lncRNA	one-to-one	GENCODE.v47vsM4235
ENSG00000157306.15	lncRNA	ENSMUSG00000093452.6	lncRNA	many-to-many	GENCODE.v47vsM4236
ENSG00000293414.2	lncRNA	ENSMUSG00000121308.2	lncRNA	many-to-many	GENCODE.v47vsM4237
ENSG00000229807.14	lncRNA	ENSMUSG00000086503.6	lncRNA	many-to-many	GENCODE.v47vsM4238
ENSG00000245164.11	lncRNA	ENSMUSG00000115681.4	lncRNA	one-to-one	GENCODE.v47vsM4239
ENSG00000271434.3	lncRNA	ENSMUSG00000087657.9	lncRNA	one-to-one	GENCODE.v47vsM4240
ENSG00000237361.6	lncRNA	ENSMUSG00000115092.4	lncRNA	one-to-one	GENCODE.v47vsM4241
ENSG00000246090.10	lncRNA	ENSMUSG00000128375.1	lncRNA	one-to-many	GENCODE.v47vsM4242
ENSG00000237125.14	lncRNA	ENSMUSG00000121988.1	lncRNA	many-to-many	GENCODE.v47vsM4243
ENSG00000282556.6	lncRNA	ENSMUSG00000124079.1	lncRNA	one-to-many	GENCODE.v47vsM4244
ENSG00000286874.2	lncRNA	ENSMUSG00000120342.2	lncRNA	one-to-half	GENCODE.v47vsM4245
ENSG00000303755.1	lncRNA	ENSMUSG00000142628.1	lncRNA	one-to-many	GENCODE.v47vsM4246
ENSG00000245213.8	lncRNA	ENSMUSG00000110419.4	lncRNA	one-to-one	GENCODE.v47vsM4247
ENSG00000284237.2	lncRNA	ENSMUSG00000097325.4	lncRNA	one-to-many	GENCODE.v47vsM4248
ENSG00000287951.2	lncRNA	ENSMUSG00000140250.1	lncRNA	one-to-one	GENCODE.v47vsM4249
ENSG00000303057.1	lncRNA	ENSMUSG00000131830.1	lncRNA	one-to-one	GENCODE.v47vsM4250
ENSG00000270112.6	lncRNA	ENSMUSG00000073532.4	lncRNA	one-to-many	GENCODE.v47vsM4251
ENSG00000224149.1	lncRNA	ENSMUSG00000093738.4	lncRNA	one-to-many	GENCODE.v47vsM4252
ENSG00000229847.10	lncRNA	ENSMUSG00000087095.5	lncRNA	one-to-many	GENCODE.v47vsM4253
ENSG00000288029.2	lncRNA	ENSMUSG00000114774.3	lncRNA	one-to-one	GENCODE.v47vsM4254
ENSG00000273061.4	lncRNA	ENSMUSG00000123630.1	lncRNA	one-to-one	GENCODE.v47vsM4255
ENSG00000309737.1	lncRNA	ENSMUSG00000087351.2	lncRNA	one-to-many	GENCODE.v47vsM4256
ENSG00000285533.5	lncRNA	ENSMUSG00000120141.2	lncRNA	one-to-one	GENCODE.v47vsM4257
ENSG00000249738.11	lncRNA	ENSMUSG00000138424.1	lncRNA	one-to-many	GENCODE.v47vsM4258
ENSG00000247311.4	lncRNA	ENSMUSG00000140148.1	lncRNA	one-to-many	GENCODE.v47vsM4259
ENSG00000258099.2	lncRNA	ENSMUSG00000120053.2	lncRNA	one-to-one	GENCODE.v47vsM4260
ENSG00000303320.1	lncRNA	ENSMUSG00000140427.1	lncRNA	one-to-many	GENCODE.v47vsM4261
ENSG00000224177.9	lncRNA	ENSMUSG00000131018.1	lncRNA	many-to-many	GENCODE.v47vsM4262
ENSG00000303847.1	lncRNA	ENSMUSG00000085733.3	lncRNA	one-to-many	GENCODE.v47vsM4263
ENSG00000227502.5	lncRNA	ENSMUSG00000103299.2	lncRNA	one-to-one	GENCODE.v47vsM4264
ENSG00000276627.4	lncRNA	ENSMUSG00000121996.1	lncRNA	one-to-one	GENCODE.v47vsM4265
ENSG00000286928.1	lncRNA	ENSMUSG00000128369.1	lncRNA	one-to-one	GENCODE.v47vsM4266
ENSG00000301582.1	lncRNA	ENSMUSG00000136814.1	lncRNA	one-to-many	GENCODE.v47vsM4267
ENSG00000308860.1	lncRNA	ENSMUSG00000142252.1	lncRNA	one-to-one	GENCODE.v47vsM4268
ENSG00000296245.1	lncRNA	ENSMUSG00000127473.1	lncRNA	one-to-one	GENCODE.v47vsM4269
ENSG00000223617.4	lncRNA	ENSMUSG00000139508.1	lncRNA	one-to-half	GENCODE.v47vsM4270
ENSG00000264066.8	lncRNA	ENSMUSG00000129710.1	lncRNA	many-to-many	GENCODE.v47vsM4271
ENSG00000226674.12	lncRNA	ENSMUSG00000120385.2	lncRNA	many-to-many	GENCODE.v47vsM4272
ENSG00000255250.3	lncRNA	ENSMUSG00000092071.2	lncRNA	one-to-one	GENCODE.v47vsM4273
ENSG00000235140.3	lncRNA	ENSMUSG00000139339.1	lncRNA	one-to-many	GENCODE.v47vsM4274
ENSG00000259642.3	lncRNA	ENSMUSG00000052154.6	lncRNA	one-to-many	GENCODE.v47vsM4275
ENSG00000228288.10	lncRNA	ENSMUSG00000120829.2	lncRNA	many-to-many	GENCODE.v47vsM4276
ENSG00000233262.1	lncRNA	ENSMUSG00000132110.1	lncRNA	one-to-one	GENCODE.v47vsM4277
ENSG00000227716.2	lncRNA	ENSMUSG00000118057.2	lncRNA	one-to-half	GENCODE.v47vsM4278
ENSG00000239381.8	lncRNA	ENSMUSG00000106525.3	lncRNA	one-to-one	GENCODE.v47vsM4279
ENSG00000308510.1	lncRNA	ENSMUSG00000131614.1	lncRNA	one-to-one	GENCODE.v47vsM4280
ENSG00000279174.1	lncRNA	ENSMUSG00000132346.1	lncRNA	one-to-many	GENCODE.v47vsM4281
ENSG00000275441.3	lncRNA	ENSMUSG00000066175.5	lncRNA	one-to-one	GENCODE.v47vsM4282
ENSG00000259672.3	lncRNA	ENSMUSG00000138426.1	lncRNA	one-to-one	GENCODE.v47vsM4283
ENSG00000265702.3	lncRNA	ENSMUSG00000086487.3	lncRNA	one-to-one	GENCODE.v47vsM4284
ENSG00000308299.1	lncRNA	ENSMUSG00000136368.1	lncRNA	one-to-one	GENCODE.v47vsM4285
ENSG00000232465.1	lncRNA	ENSMUSG00000132057.1	lncRNA	one-to-one	GENCODE.v47vsM4286
ENSG00000257746.3	lncRNA	ENSMUSG00000112771.3	lncRNA	one-to-one	GENCODE.v47vsM4287
ENSG00000246430.10	lncRNA	ENSMUSG00000130082.1	lncRNA	one-to-one	GENCODE.v47vsM4288
ENSG00000247151.8	lncRNA	ENSMUSG00000136802.1	lncRNA	many-to-many	GENCODE.v47vsM4289
ENSG00000248932.9	lncRNA	ENSMUSG00000141779.1	lncRNA	many-to-many	GENCODE.v47vsM4290
ENSG00000286272.2	lncRNA	ENSMUSG00000100534.2	lncRNA	one-to-one	GENCODE.v47vsM4291
ENSG00000283573.2	lncRNA	ENSMUSG00000143158.1	lncRNA	one-to-one	GENCODE.v47vsM4292
ENSG00000293273.1	lncRNA	ENSMUSG00000123769.1	lncRNA	many-to-many	GENCODE.v47vsM4293
ENSG00000289938.2	lncRNA	ENSMUSG00000144139.1	lncRNA	one-to-one	GENCODE.v47vsM4294
ENSG00000258740.2	lncRNA	ENSMUSG00000120553.1	lncRNA	one-to-one	GENCODE.v47vsM4295
ENSG00000307375.1	lncRNA	ENSMUSG00000131438.1	lncRNA	one-to-one	GENCODE.v47vsM4296
ENSG00000291200.2	lncRNA	ENSMUSG00000137115.1	lncRNA	many-to-many	GENCODE.v47vsM4297
ENSG00000279249.5	lncRNA	ENSMUSG00000098295.3	lncRNA	one-to-one	GENCODE.v47vsM4298
ENSG00000231881.3	lncRNA	ENSMUSG00000135857.1	lncRNA	one-to-many	GENCODE.v47vsM4299
ENSG00000224349.3	lncRNA	ENSMUSG00000102398.2	lncRNA	one-to-many	GENCODE.v47vsM4300
ENSG00000236790.8	lncRNA	ENSMUSG00000127584.1	lncRNA	many-to-many	GENCODE.v47vsM4301
ENSG00000293254.2	lncRNA	ENSMUSG00000120150.2	lncRNA	many-to-many	GENCODE.v47vsM4302
ENSG00000280424.1	lncRNA	ENSMUSG00000135529.1	lncRNA	one-to-one	GENCODE.v47vsM4303
ENSG00000285051.3	lncRNA	ENSMUSG00000085953.4	lncRNA	one-to-one	GENCODE.v47vsM4304
ENSG00000278484.2	lncRNA	ENSMUSG00000127631.1	lncRNA	one-to-one	GENCODE.v47vsM4305
ENSG00000232685.6	lncRNA	ENSMUSG00000085292.3	lncRNA	many-to-many	GENCODE.v47vsM4306
ENSG00000257891.2	lncRNA	ENSMUSG00000135651.1	lncRNA	one-to-many	GENCODE.v47vsM4307
ENSG00000263327.7	lncRNA	ENSMUSG00000104784.3	lncRNA	one-to-many	GENCODE.v47vsM4308
ENSG00000301641.1	lncRNA	ENSMUSG00000138370.1	lncRNA	one-to-one	GENCODE.v47vsM4309
ENSG00000226237.5	lncRNA	ENSMUSG00000050765.4	lncRNA	many-to-many	GENCODE.v47vsM4310
ENSG00000302282.1	lncRNA	ENSMUSG00000135547.1	lncRNA	one-to-one	GENCODE.v47vsM4311
ENSG00000290768.2	lncRNA	ENSMUSG00000142529.1	lncRNA	many-to-many	GENCODE.v47vsM4312
ENSG00000301041.1	lncRNA	ENSMUSG00000124496.1	lncRNA	many-to-many	GENCODE.v47vsM4313
ENSG00000296499.1	lncRNA	ENSMUSG00000097125.5	lncRNA	one-to-many	GENCODE.v47vsM4314
ENSG00000273132.2	lncRNA	ENSMUSG00000134855.1	lncRNA	one-to-one	GENCODE.v47vsM4315
ENSG00000305028.1	lncRNA	ENSMUSG00000142812.1	lncRNA	one-to-one	GENCODE.v47vsM4316
ENSG00000261448.2	lncRNA	ENSMUSG00000122126.1	lncRNA	one-to-one	GENCODE.v47vsM4317
ENSG00000241135.9	lncRNA	ENSMUSG00000104189.2	lncRNA	one-to-many	GENCODE.v47vsM4318
ENSG00000306397.1	lncRNA	ENSMUSG00000114503.2	lncRNA	one-to-one	GENCODE.v47vsM4319
ENSG00000247151.8	lncRNA	ENSMUSG00000127992.1	lncRNA	many-to-many	GENCODE.v47vsM4320
ENSG00000229337.3	lncRNA	ENSMUSG00000120684.2	lncRNA	many-to-many	GENCODE.v47vsM4321
ENSG00000288109.2	lncRNA	ENSMUSG00000126194.1	lncRNA	one-to-one	GENCODE.v47vsM4322
ENSG00000254854.2	lncRNA	ENSMUSG00000111334.3	lncRNA	one-to-many	GENCODE.v47vsM4323
ENSG00000290600.1	lncRNA	ENSMUSG00000121486.2	lncRNA	many-to-many	GENCODE.v47vsM4324
ENSG00000225963.9	lncRNA	ENSMUSG00000142292.1	lncRNA	many-to-many	GENCODE.v47vsM4325
ENSG00000273270.2	lncRNA	ENSMUSG00000099681.3	lncRNA	many-to-many	GENCODE.v47vsM4326
ENSG00000310114.1	lncRNA	ENSMUSG00000132237.1	lncRNA	one-to-one	GENCODE.v47vsM4327
ENSG00000261978.2	lncRNA	ENSMUSG00000087404.3	lncRNA	one-to-one	GENCODE.v47vsM4328
ENSG00000306593.1	lncRNA	ENSMUSG00000086481.4	lncRNA	one-to-many	GENCODE.v47vsM4329
ENSG00000286489.2	lncRNA	ENSMUSG00000140995.1	lncRNA	one-to-one	GENCODE.v47vsM4330
ENSG00000278905.1	lncRNA	ENSMUSG00000114401.4	lncRNA	one-to-many	GENCODE.v47vsM4331
ENSG00000301738.1	lncRNA	ENSMUSG00000132458.1	lncRNA	one-to-one	GENCODE.v47vsM4332
ENSG00000246560.4	lncRNA	ENSMUSG00000105437.3	lncRNA	many-to-many	GENCODE.v47vsM4333
ENSG00000287632.2	lncRNA	ENSMUSG00000105283.4	lncRNA	one-to-many	GENCODE.v47vsM4334
ENSG00000302225.1	lncRNA	ENSMUSG00000097910.5	lncRNA	one-to-many	GENCODE.v47vsM4335
ENSG00000299240.1	lncRNA	ENSMUSG00000126481.1	lncRNA	one-to-one	GENCODE.v47vsM4336
ENSG00000309276.1	lncRNA	ENSMUSG00000130648.1	lncRNA	one-to-one	GENCODE.v47vsM4337
ENSG00000240423.4	lncRNA	ENSMUSG00000120085.2	lncRNA	one-to-many	GENCODE.v47vsM4338
ENSG00000296692.1	lncRNA	ENSMUSG00000136040.1	lncRNA	many-to-many	GENCODE.v47vsM4339
ENSG00000261453.2	lncRNA	ENSMUSG00000131226.1	lncRNA	one-to-one	GENCODE.v47vsM4340
ENSG00000230530.3	lncRNA	ENSMUSG00000120906.1	lncRNA	one-to-one	GENCODE.v47vsM4341
ENSG00000300103.1	lncRNA	ENSMUSG00000122775.1	lncRNA	one-to-one	GENCODE.v47vsM4342
ENSG00000289285.2	lncRNA	ENSMUSG00000131396.1	lncRNA	one-to-one	GENCODE.v47vsM4343
ENSG00000273796.2	lncRNA	ENSMUSG00000140886.1	lncRNA	one-to-one	GENCODE.v47vsM4344
ENSG00000234362.7	lncRNA	ENSMUSG00000117509.3	lncRNA	one-to-many	GENCODE.v47vsM4345
ENSG00000234546.6	lncRNA	ENSMUSG00000133190.1	lncRNA	one-to-one	GENCODE.v47vsM4346
ENSG00000230074.6	lncRNA	ENSMUSG00000102504.2	lncRNA	many-to-many	GENCODE.v47vsM4347
ENSG00000232930.3	lncRNA	ENSMUSG00000126260.1	lncRNA	one-to-half	GENCODE.v47vsM4348
ENSG00000275888.1	lncRNA	ENSMUSG00000100629.2	lncRNA	one-to-one	GENCODE.v47vsM4349
ENSG00000249476.2	lncRNA	ENSMUSG00000125400.1	lncRNA	one-to-one	GENCODE.v47vsM4350
ENSG00000248859.3	lncRNA	ENSMUSG00000125967.1	lncRNA	one-to-many	GENCODE.v47vsM4351
ENSG00000308003.1	lncRNA	ENSMUSG00000103655.3	lncRNA	one-to-one	GENCODE.v47vsM4352
ENSG00000287502.1	lncRNA	ENSMUSG00000096052.4	lncRNA	one-to-one	GENCODE.v47vsM4353
ENSG00000287076.2	lncRNA	ENSMUSG00000120527.2	lncRNA	one-to-many	GENCODE.v47vsM4354
ENSG00000226917.7	lncRNA	ENSMUSG00000134961.1	lncRNA	one-to-many	GENCODE.v47vsM4355
ENSG00000300611.1	lncRNA	ENSMUSG00000135963.1	lncRNA	one-to-one	GENCODE.v47vsM4356
ENSG00000249307.9	lncRNA	ENSMUSG00000104736.3	lncRNA	one-to-many	GENCODE.v47vsM4357
ENSG00000307090.1	lncRNA	ENSMUSG00000104117.7	lncRNA	one-to-many	GENCODE.v47vsM4358
ENSG00000259989.2	lncRNA	ENSMUSG00000090174.2	lncRNA	one-to-one	GENCODE.v47vsM4359
ENSG00000227908.6	lncRNA	ENSMUSG00000120018.2	lncRNA	one-to-one	GENCODE.v47vsM4360
ENSG00000298529.1	lncRNA	ENSMUSG00000121233.2	lncRNA	many-to-many	GENCODE.v47vsM4361
ENSG00000278385.1	lncRNA	ENSMUSG00000127417.1	lncRNA	one-to-one	GENCODE.v47vsM4362
ENSG00000293650.1	lncRNA	ENSMUSG00000120155.2	lncRNA	one-to-many	GENCODE.v47vsM4363
ENSG00000293692.1	lncRNA	ENSMUSG00000120421.2	lncRNA	one-to-many	GENCODE.v47vsM4364
ENSG00000223373.1	lncRNA	ENSMUSG00000099804.3	lncRNA	one-to-one	GENCODE.v47vsM4365
ENSG00000293339.1	lncRNA	ENSMUSG00000124214.1	lncRNA	many-to-many	GENCODE.v47vsM4366
ENSG00000285632.2	lncRNA	ENSMUSG00000091514.5	lncRNA	one-to-one	GENCODE.v47vsM4367
ENSG00000225206.13	lncRNA	ENSMUSG00000104178.2	lncRNA	many-to-many	GENCODE.v47vsM4368
ENSG00000259319.3	lncRNA	ENSMUSG00000113165.3	lncRNA	one-to-one	GENCODE.v47vsM4369
ENSG00000257612.3	lncRNA	ENSMUSG00000104308.2	lncRNA	one-to-one	GENCODE.v47vsM4370
ENSG00000197099.9	lncRNA	ENSMUSG00000120550.2	lncRNA	one-to-many	GENCODE.v47vsM4371
ENSG00000231312.9	lncRNA	ENSMUSG00000141875.1	lncRNA	many-to-many	GENCODE.v47vsM4372
ENSG00000230798.8	lncRNA	ENSMUSG00000086096.4	lncRNA	many-to-many	GENCODE.v47vsM4373
ENSG00000310060.1	lncRNA	ENSMUSG00000113654.4	lncRNA	one-to-many	GENCODE.v47vsM4374
ENSG00000268078.2	lncRNA	ENSMUSG00000135614.1	lncRNA	one-to-one	GENCODE.v47vsM4375
ENSG00000261617.3	lncRNA	ENSMUSG00000116469.3	lncRNA	one-to-many	GENCODE.v47vsM4376
ENSG00000223944.4	lncRNA	ENSMUSG00000120223.2	lncRNA	one-to-many	GENCODE.v47vsM4377
ENSG00000234758.1	lncRNA	ENSMUSG00000085888.10	lncRNA	one-to-one	GENCODE.v47vsM4378
ENSG00000298093.1	lncRNA	ENSMUSG00000117221.3	lncRNA	one-to-many	GENCODE.v47vsM4379
ENSG00000306252.1	lncRNA	ENSMUSG00000133000.1	lncRNA	one-to-many	GENCODE.v47vsM4380
ENSG00000228606.5	lncRNA	ENSMUSG00000126885.1	lncRNA	many-to-many	GENCODE.v47vsM4381
ENSG00000308590.1	lncRNA	ENSMUSG00000086490.3	lncRNA	one-to-one	GENCODE.v47vsM4382
ENSG00000306206.1	lncRNA	ENSMUSG00000135826.1	lncRNA	many-to-many	GENCODE.v47vsM4383
ENSG00000236858.2	lncRNA	ENSMUSG00000128317.1	lncRNA	one-to-one	GENCODE.v47vsM4384
ENSG00000307934.1	lncRNA	ENSMUSG00000125256.1	lncRNA	one-to-one	GENCODE.v47vsM4385
ENSG00000290023.2	lncRNA	ENSMUSG00000113621.4	lncRNA	one-to-many	GENCODE.v47vsM4386
ENSG00000297470.1	lncRNA	ENSMUSG00000136063.1	lncRNA	one-to-one	GENCODE.v47vsM4387
ENSG00000302934.1	lncRNA	ENSMUSG00000114553.4	lncRNA	one-to-one	GENCODE.v47vsM4388
ENSG00000288902.3	lncRNA	ENSMUSG00000135918.1	lncRNA	one-to-many	GENCODE.v47vsM4389
ENSG00000255355.2	lncRNA	ENSMUSG00000144117.1	lncRNA	one-to-one	GENCODE.v47vsM4390
ENSG00000302422.1	lncRNA	ENSMUSG00000129659.1	lncRNA	one-to-one	GENCODE.v47vsM4391
ENSG00000293630.1	lncRNA	ENSMUSG00000134655.1	lncRNA	many-to-many	GENCODE.v47vsM4392
ENSG00000298498.1	lncRNA	ENSMUSG00000110110.3	lncRNA	one-to-many	GENCODE.v47vsM4393
ENSG00000294759.1	lncRNA	ENSMUSG00000085298.3	lncRNA	one-to-one	GENCODE.v47vsM4394
ENSG00000251189.1	lncRNA	ENSMUSG00000142144.1	lncRNA	one-to-one	GENCODE.v47vsM4395
ENSG00000306752.1	lncRNA	ENSMUSG00000142067.1	lncRNA	one-to-one	GENCODE.v47vsM4396
ENSG00000310041.1	lncRNA	ENSMUSG00000139376.1	lncRNA	one-to-one	GENCODE.v47vsM4397
ENSG00000293917.1	lncRNA	ENSMUSG00000127492.1	lncRNA	one-to-one	GENCODE.v47vsM4398
ENSG00000304616.1	lncRNA	ENSMUSG00000103292.2	lncRNA	many-to-many	GENCODE.v47vsM4399
ENSG00000257359.1	lncRNA	ENSMUSG00000097368.4	lncRNA	one-to-one	GENCODE.v47vsM4400
ENSG00000238062.7	lncRNA	ENSMUSG00000122101.1	lncRNA	one-to-many	GENCODE.v47vsM4401
ENSG00000308871.1	lncRNA	ENSMUSG00000073415.6	lncRNA	one-to-one	GENCODE.v47vsM4402
ENSG00000296318.1	lncRNA	ENSMUSG00000121153.2	lncRNA	one-to-one	GENCODE.v47vsM4403
ENSG00000175061.21	lncRNA	ENSMUSG00000086841.4	lncRNA	many-to-many	GENCODE.v47vsM4404
ENSG00000233429.9	lncRNA	ENSMUSG00000087658.4	lncRNA	many-to-many	GENCODE.v47vsM4405
ENSG00000289595.2	lncRNA	ENSMUSG00000097620.9	lncRNA	one-to-half	GENCODE.v47vsM4406
ENSG00000255335.3	lncRNA	ENSMUSG00000109962.3	lncRNA	one-to-one	GENCODE.v47vsM4407
ENSG00000300556.1	lncRNA	ENSMUSG00000121890.1	lncRNA	one-to-one	GENCODE.v47vsM4408
ENSG00000308311.1	lncRNA	ENSMUSG00000140224.1	lncRNA	one-to-many	GENCODE.v47vsM4409
ENSG00000309687.1	lncRNA	ENSMUSG00000113338.2	lncRNA	one-to-one	GENCODE.v47vsM4410
ENSG00000256654.5	lncRNA	ENSMUSG00000110390.3	lncRNA	many-to-many	GENCODE.v47vsM4411
ENSG00000229051.2	lncRNA	ENSMUSG00000132548.1	lncRNA	one-to-one	GENCODE.v47vsM4412
ENSG00000250007.10	lncRNA	ENSMUSG00000087694.9	lncRNA	one-to-many	GENCODE.v47vsM4413
ENSG00000285648.2	lncRNA	ENSMUSG00000132800.1	lncRNA	many-to-many	GENCODE.v47vsM4414
ENSG00000272549.2	lncRNA	ENSMUSG00000117042.3	lncRNA	one-to-one	GENCODE.v47vsM4415
ENSG00000250132.7	lncRNA	ENSMUSG00000110491.3	lncRNA	many-to-many	GENCODE.v47vsM4416
ENSG00000235092.8	lncRNA	ENSMUSG00000122281.1	lncRNA	many-to-many	GENCODE.v47vsM4417
ENSG00000307861.1	lncRNA	ENSMUSG00000141326.1	lncRNA	one-to-many	GENCODE.v47vsM4418
ENSG00000196668.5	lncRNA	ENSMUSG00000141024.1	lncRNA	one-to-one	GENCODE.v47vsM4419
ENSG00000294692.1	lncRNA	ENSMUSG00000123679.1	lncRNA	one-to-many	GENCODE.v47vsM4420
ENSG00000247151.8	lncRNA	ENSMUSG00000121122.2	lncRNA	many-to-many	GENCODE.v47vsM4421
ENSG00000235091.3	lncRNA	ENSMUSG00000137143.1	lncRNA	many-to-many	GENCODE.v47vsM4422
ENSG00000258101.3	lncRNA	ENSMUSG00000133989.1	lncRNA	one-to-one	GENCODE.v47vsM4423
ENSG00000245552.10	lncRNA	ENSMUSG00000111097.3	lncRNA	one-to-many	GENCODE.v47vsM4424
ENSG00000227198.1	lncRNA	ENSMUSG00000092241.3	lncRNA	one-to-one	GENCODE.v47vsM4425
ENSG00000225316.4	lncRNA	ENSMUSG00000086913.3	lncRNA	one-to-many	GENCODE.v47vsM4426
ENSG00000224961.4	lncRNA	ENSMUSG00000099683.2	lncRNA	one-to-one	GENCODE.v47vsM4427
ENSG00000286822.2	lncRNA	ENSMUSG00000132912.1	lncRNA	one-to-one	GENCODE.v47vsM4428
ENSG00000235530.8	lncRNA	ENSMUSG00000120997.2	lncRNA	one-to-one	GENCODE.v47vsM4429
ENSG00000286122.2	lncRNA	ENSMUSG00000139306.1	lncRNA	one-to-many	GENCODE.v47vsM4430
ENSG00000285758.3	lncRNA	ENSMUSG00000122921.1	lncRNA	one-to-one	GENCODE.v47vsM4431
ENSG00000203709.15	lncRNA	ENSMUSG00000103867.2	lncRNA	many-to-many	GENCODE.v47vsM4432
ENSG00000302764.1	lncRNA	ENSMUSG00000102215.3	lncRNA	one-to-one	GENCODE.v47vsM4433
ENSG00000260077.2	lncRNA	ENSMUSG00000143530.1	lncRNA	one-to-many	GENCODE.v47vsM4434
ENSG00000285803.2	lncRNA	ENSMUSG00000087213.5	lncRNA	one-to-many	GENCODE.v47vsM4435
ENSG00000278876.1	lncRNA	ENSMUSG00000120443.2	lncRNA	one-to-many	GENCODE.v47vsM4436
ENSG00000205488.10	lncRNA	ENSMUSG00000127246.1	lncRNA	one-to-one	GENCODE.v47vsM4437
ENSG00000298836.1	lncRNA	ENSMUSG00000133658.1	lncRNA	one-to-one	GENCODE.v47vsM4438
ENSG00000290727.2	lncRNA	ENSMUSG00000134474.1	lncRNA	many-to-many	GENCODE.v47vsM4439
ENSG00000293508.2	lncRNA	ENSMUSG00000129282.1	lncRNA	many-to-many	GENCODE.v47vsM4440
ENSG00000304534.1	lncRNA	ENSMUSG00000123452.1	lncRNA	one-to-many	GENCODE.v47vsM4441
ENSG00000280155.1	lncRNA	ENSMUSG00000086148.3	lncRNA	one-to-many	GENCODE.v47vsM4442
ENSG00000306739.1	lncRNA	ENSMUSG00000139751.1	lncRNA	one-to-one	GENCODE.v47vsM4443
ENSG00000261231.7	lncRNA	ENSMUSG00000127294.1	lncRNA	one-to-one	GENCODE.v47vsM4444
ENSG00000226367.6	lncRNA	ENSMUSG00000137867.1	lncRNA	one-to-many	GENCODE.v47vsM4445
ENSG00000308707.1	lncRNA	ENSMUSG00000129531.1	lncRNA	one-to-one	GENCODE.v47vsM4446
ENSG00000261156.7	lncRNA	ENSMUSG00000109297.3	lncRNA	one-to-one	GENCODE.v47vsM4447
ENSG00000309242.1	lncRNA	ENSMUSG00000135923.1	lncRNA	many-to-many	GENCODE.v47vsM4448
ENSG00000278768.5	lncRNA	ENSMUSG00000089810.2	lncRNA	one-to-many	GENCODE.v47vsM4449
ENSG00000273015.3	lncRNA	ENSMUSG00000097536.4	lncRNA	many-to-many	GENCODE.v47vsM4450
ENSG00000299522.1	lncRNA	ENSMUSG00000122716.1	lncRNA	one-to-one	GENCODE.v47vsM4451
ENSG00000250602.7	lncRNA	ENSMUSG00000122432.1	lncRNA	one-to-many	GENCODE.v47vsM4452
ENSG00000230269.8	lncRNA	ENSMUSG00000113591.3	lncRNA	one-to-many	GENCODE.v47vsM4453
ENSG00000258017.4	lncRNA	ENSMUSG00000141841.1	lncRNA	one-to-many	GENCODE.v47vsM4454
ENSG00000300283.1	lncRNA	ENSMUSG00000120905.2	lncRNA	one-to-one	GENCODE.v47vsM4455
ENSG00000248511.2	lncRNA	ENSMUSG00000108242.2	lncRNA	one-to-one	GENCODE.v47vsM4456
ENSG00000302421.1	lncRNA	ENSMUSG00000127537.1	lncRNA	one-to-one	GENCODE.v47vsM4457
ENSG00000307285.1	lncRNA	ENSMUSG00000141490.1	lncRNA	one-to-one	GENCODE.v47vsM4458
ENSG00000305175.1	lncRNA	ENSMUSG00000140081.1	lncRNA	one-to-one	GENCODE.v47vsM4459
ENSG00000258763.6	lncRNA	ENSMUSG00000097691.3	lncRNA	many-to-many	GENCODE.v47vsM4460
ENSG00000125462.21	lncRNA	ENSMUSG00000097156.10	lncRNA	many-to-many	GENCODE.v47vsM4461
ENSG00000251459.3	lncRNA	ENSMUSG00000129651.1	lncRNA	many-to-many	GENCODE.v47vsM4462
ENSG00000230432.2	lncRNA	ENSMUSG00000101840.3	lncRNA	one-to-one	GENCODE.v47vsM4463
ENSG00000302929.1	lncRNA	ENSMUSG00000135110.1	lncRNA	one-to-one	GENCODE.v47vsM4464
ENSG00000273805.2	lncRNA	ENSMUSG00000128673.1	lncRNA	one-to-one	GENCODE.v47vsM4465
ENSG00000257989.1	lncRNA	ENSMUSG00000128935.1	lncRNA	one-to-half	GENCODE.v47vsM4466
ENSG00000288696.4	lncRNA	ENSMUSG00000117227.3	lncRNA	one-to-many	GENCODE.v47vsM4467
ENSG00000290537.2	lncRNA	ENSMUSG00000124511.1	lncRNA	many-to-many	GENCODE.v47vsM4468
ENSG00000294572.1	lncRNA	ENSMUSG00000097652.5	lncRNA	one-to-many	GENCODE.v47vsM4469
ENSG00000294824.1	lncRNA	ENSMUSG00000120596.2	lncRNA	one-to-many	GENCODE.v47vsM4470
ENSG00000289340.3	lncRNA	ENSMUSG00000139018.1	lncRNA	one-to-one	GENCODE.v47vsM4471
ENSG00000288061.4	lncRNA	ENSMUSG00000120980.2	lncRNA	one-to-many	GENCODE.v47vsM4472
ENSG00000259341.3	lncRNA	ENSMUSG00000127914.1	lncRNA	many-to-many	GENCODE.v47vsM4473
ENSG00000268230.5	lncRNA	ENSMUSG00000121298.2	lncRNA	many-to-many	GENCODE.v47vsM4474
ENSG00000301820.1	lncRNA	ENSMUSG00000139813.1	lncRNA	many-to-many	GENCODE.v47vsM4475
ENSG00000294042.1	lncRNA	ENSMUSG00000121041.2	lncRNA	one-to-one	GENCODE.v47vsM4476
ENSG00000309720.1	lncRNA	ENSMUSG00000143585.1	lncRNA	one-to-one	GENCODE.v47vsM4477
ENSG00000308759.1	lncRNA	ENSMUSG00000141382.1	lncRNA	one-to-one	GENCODE.v47vsM4478
ENSG00000306224.1	lncRNA	ENSMUSG00000085182.4	lncRNA	one-to-one	GENCODE.v47vsM4479
ENSG00000249618.7	lncRNA	ENSMUSG00000103426.2	lncRNA	one-to-one	GENCODE.v47vsM4480
ENSG00000260253.2	lncRNA	ENSMUSG00000120243.2	lncRNA	one-to-one	GENCODE.v47vsM4481
ENSG00000266970.4	lncRNA	ENSMUSG00000120851.2	lncRNA	many-to-many	GENCODE.v47vsM4482
ENSG00000175147.13	lncRNA	ENSMUSG00000073728.12	lncRNA	one-to-one	GENCODE.v47vsM4483
ENSG00000237187.10	lncRNA	ENSMUSG00000087143.12	lncRNA	one-to-many	GENCODE.v47vsM4484
ENSG00000230186.4	lncRNA	ENSMUSG00000093656.2	lncRNA	one-to-many	GENCODE.v47vsM4485
ENSG00000242553.3	lncRNA	ENSMUSG00000120258.2	lncRNA	one-to-one	GENCODE.v47vsM4486
ENSG00000253230.12	lncRNA	ENSMUSG00000120606.2	lncRNA	many-to-many	GENCODE.v47vsM4487
ENSG00000294749.1	lncRNA	ENSMUSG00000109141.3	lncRNA	one-to-many	GENCODE.v47vsM4488
ENSG00000232628.8	lncRNA	ENSMUSG00000121042.2	lncRNA	one-to-one	GENCODE.v47vsM4489
ENSG00000227407.1	lncRNA	ENSMUSG00000085886.2	lncRNA	one-to-many	GENCODE.v47vsM4490
ENSG00000249849.2	lncRNA	ENSMUSG00000133063.1	lncRNA	one-to-many	GENCODE.v47vsM4491
ENSG00000266844.2	lncRNA	ENSMUSG00000141378.1	lncRNA	one-to-one	GENCODE.v47vsM4492
ENSG00000229980.6	lncRNA	ENSMUSG00000124685.1	lncRNA	many-to-many	GENCODE.v47vsM4493
ENSG00000289576.3	lncRNA	ENSMUSG00000123359.1	lncRNA	many-to-many	GENCODE.v47vsM4494
ENSG00000258754.8	lncRNA	ENSMUSG00000103673.2	lncRNA	one-to-one	GENCODE.v47vsM4495
ENSG00000308138.1	lncRNA	ENSMUSG00000126230.1	lncRNA	one-to-half	GENCODE.v47vsM4496
ENSG00000233242.4	lncRNA	ENSMUSG00000140390.1	lncRNA	one-to-many	GENCODE.v47vsM4497
ENSG00000269176.2	lncRNA	ENSMUSG00000120814.2	lncRNA	one-to-one	GENCODE.v47vsM4498
ENSG00000305004.1	lncRNA	ENSMUSG00000084959.3	lncRNA	one-to-one	GENCODE.v47vsM4499
ENSG00000305939.1	lncRNA	ENSMUSG00000087526.4	lncRNA	one-to-one	GENCODE.v47vsM4500
ENSG00000228606.5	lncRNA	ENSMUSG00000144116.1	lncRNA	many-to-many	GENCODE.v47vsM4501
ENSG00000298182.1	lncRNA	ENSMUSG00000129628.1	lncRNA	one-to-one	GENCODE.v47vsM4502
ENSG00000302547.1	lncRNA	ENSMUSG00000128881.1	lncRNA	one-to-many	GENCODE.v47vsM4503
ENSG00000293613.1	lncRNA	ENSMUSG00000122671.1	lncRNA	many-to-many	GENCODE.v47vsM4504
ENSG00000303689.1	lncRNA	ENSMUSG00000140909.1	lncRNA	one-to-one	GENCODE.v47vsM4505
ENSG00000288642.1	lncRNA	ENSMUSG00000090546.3	lncRNA	one-to-half	GENCODE.v47vsM4506
ENSG00000287133.2	lncRNA	ENSMUSG00000097573.5	lncRNA	one-to-one	GENCODE.v47vsM4507
ENSG00000298609.1	lncRNA	ENSMUSG00000097613.3	lncRNA	one-to-many	GENCODE.v47vsM4508
ENSG00000296144.1	lncRNA	ENSMUSG00000103435.3	lncRNA	one-to-half	GENCODE.v47vsM4509
ENSG00000230030.2	lncRNA	ENSMUSG00000085020.3	lncRNA	one-to-one	GENCODE.v47vsM4510
ENSG00000308816.1	lncRNA	ENSMUSG00000139765.1	lncRNA	one-to-one	GENCODE.v47vsM4511
ENSG00000301915.1	lncRNA	ENSMUSG00000123049.1	lncRNA	one-to-one	GENCODE.v47vsM4512
ENSG00000226673.2	lncRNA	ENSMUSG00000123960.1	lncRNA	one-to-one	GENCODE.v47vsM4513
ENSG00000247081.9	lncRNA	ENSMUSG00000097875.3	lncRNA	one-to-many	GENCODE.v47vsM4514
ENSG00000289375.2	lncRNA	ENSMUSG00000090936.4	lncRNA	many-to-many	GENCODE.v47vsM4515
ENSG00000225096.4	lncRNA	ENSMUSG00000084917.4	lncRNA	one-to-half	GENCODE.v47vsM4516
ENSG00000237149.6	lncRNA	ENSMUSG00000122573.1	lncRNA	many-to-many	GENCODE.v47vsM4517
ENSG00000273084.3	lncRNA	ENSMUSG00000119945.2	lncRNA	one-to-many	GENCODE.v47vsM4518
ENSG00000236036.3	lncRNA	ENSMUSG00000134204.1	lncRNA	one-to-one	GENCODE.v47vsM4519
ENSG00000307422.1	lncRNA	ENSMUSG00000108532.3	lncRNA	one-to-many	GENCODE.v47vsM4520
ENSG00000291166.2	lncRNA	ENSMUSG00000121336.2	lncRNA	many-to-many	GENCODE.v47vsM4521
ENSG00000307708.1	lncRNA	ENSMUSG00000121813.2	lncRNA	one-to-many	GENCODE.v47vsM4522
ENSG00000235280.2	lncRNA	ENSMUSG00000086770.3	lncRNA	one-to-one	GENCODE.v47vsM4523
ENSG00000249854.4	lncRNA	ENSMUSG00000120310.2	lncRNA	one-to-many	GENCODE.v47vsM4524
ENSG00000293088.2	lncRNA	ENSMUSG00000140586.1	lncRNA	many-to-many	GENCODE.v47vsM4525
ENSG00000289231.2	lncRNA	ENSMUSG00000130974.1	lncRNA	one-to-one	GENCODE.v47vsM4526
ENSG00000291177.2	lncRNA	ENSMUSG00000114270.3	lncRNA	many-to-many	GENCODE.v47vsM4527
ENSG00000247728.3	lncRNA	ENSMUSG00000136663.1	lncRNA	many-to-many	GENCODE.v47vsM4528
ENSG00000300504.1	lncRNA	ENSMUSG00000120600.2	lncRNA	one-to-half	GENCODE.v47vsM4529
ENSG00000230107.2	lncRNA	ENSMUSG00000125600.1	lncRNA	one-to-one	GENCODE.v47vsM4530
ENSG00000300484.1	lncRNA	ENSMUSG00000104748.2	lncRNA	one-to-many	GENCODE.v47vsM4531
ENSG00000244036.4	lncRNA	ENSMUSG00000084861.3	lncRNA	one-to-many	GENCODE.v47vsM4532
ENSG00000176124.16	lncRNA	ENSMUSG00000133743.1	lncRNA	many-to-many	GENCODE.v47vsM4533
ENSG00000237773.9	lncRNA	ENSMUSG00000113741.3	lncRNA	one-to-one	GENCODE.v47vsM4534
ENSG00000226051.11	lncRNA	ENSMUSG00000104232.2	lncRNA	one-to-one	GENCODE.v47vsM4535
ENSG00000233308.3	lncRNA	ENSMUSG00000116530.2	lncRNA	one-to-one	GENCODE.v47vsM4536
ENSG00000233246.2	lncRNA	ENSMUSG00000128851.1	lncRNA	one-to-one	GENCODE.v47vsM4537
ENSG00000303589.3	lncRNA	ENSMUSG00000127413.1	lncRNA	one-to-one	GENCODE.v47vsM4538
ENSG00000250635.2	lncRNA	ENSMUSG00000100320.2	lncRNA	one-to-one	GENCODE.v47vsM4539
ENSG00000294489.1	lncRNA	ENSMUSG00000134242.1	lncRNA	many-to-many	GENCODE.v47vsM4540
ENSG00000235314.2	lncRNA	ENSMUSG00000086656.2	lncRNA	one-to-many	GENCODE.v47vsM4541
ENSG00000294091.1	lncRNA	ENSMUSG00000120775.2	lncRNA	one-to-one	GENCODE.v47vsM4542
ENSG00000293629.1	lncRNA	ENSMUSG00000101451.2	lncRNA	many-to-many	GENCODE.v47vsM4543
ENSG00000234688.4	lncRNA	ENSMUSG00000092375.3	lncRNA	one-to-one	GENCODE.v47vsM4544
ENSG00000283341.5	lncRNA	ENSMUSG00000075020.9	lncRNA	many-to-many	GENCODE.v47vsM4545
ENSG00000306538.1	lncRNA	ENSMUSG00000100583.8	lncRNA	one-to-one	GENCODE.v47vsM4546
ENSG00000233611.5	lncRNA	ENSMUSG00000092627.5	lncRNA	one-to-one	GENCODE.v47vsM4547
ENSG00000301917.1	lncRNA	ENSMUSG00000134405.1	lncRNA	many-to-many	GENCODE.v47vsM4548
ENSG00000293320.1	lncRNA	ENSMUSG00000143215.1	lncRNA	many-to-many	GENCODE.v47vsM4549
ENSG00000275552.1	lncRNA	ENSMUSG00000130616.1	lncRNA	one-to-one	GENCODE.v47vsM4550
ENSG00000299849.1	lncRNA	ENSMUSG00000137764.1	lncRNA	one-to-one	GENCODE.v47vsM4551
ENSG00000308818.1	lncRNA	ENSMUSG00000134273.1	lncRNA	one-to-one	GENCODE.v47vsM4552
ENSG00000163597.18	lncRNA	ENSMUSG00000020812.21	lncRNA	many-to-many	GENCODE.v47vsM4553
ENSG00000218018.5	lncRNA	ENSMUSG00000092596.2	lncRNA	one-to-one	GENCODE.v47vsM4554
ENSG00000234492.7	lncRNA	ENSMUSG00000140176.1	lncRNA	one-to-many	GENCODE.v47vsM4555
ENSG00000306652.1	lncRNA	ENSMUSG00000097917.4	lncRNA	one-to-many	GENCODE.v47vsM4556
ENSG00000295805.1	lncRNA	ENSMUSG00000085772.10	lncRNA	one-to-many	GENCODE.v47vsM4557
ENSG00000176593.9	lncRNA	ENSMUSG00000123016.1	lncRNA	one-to-one	GENCODE.v47vsM4558
ENSG00000251562.12	lncRNA	ENSMUSG00000092341.7	lncRNA	many-to-many	GENCODE.v47vsM4559
ENSG00000306670.1	lncRNA	ENSMUSG00000128652.1	lncRNA	one-to-one	GENCODE.v47vsM4560
ENSG00000308730.1	lncRNA	ENSMUSG00000127630.1	lncRNA	one-to-many	GENCODE.v47vsM4561
ENSG00000228919.5	lncRNA	ENSMUSG00000132036.1	lncRNA	one-to-one	GENCODE.v47vsM4562
ENSG00000177822.11	lncRNA	ENSMUSG00000100706.9	lncRNA	one-to-many	GENCODE.v47vsM4563
ENSG00000288935.2	lncRNA	ENSMUSG00000140308.1	lncRNA	one-to-one	GENCODE.v47vsM4564
ENSG00000284052.2	lncRNA	ENSMUSG00000100120.3	lncRNA	many-to-many	GENCODE.v47vsM4565
ENSG00000270076.1	lncRNA	ENSMUSG00000087652.3	lncRNA	one-to-one	GENCODE.v47vsM4566
ENSG00000308065.1	lncRNA	ENSMUSG00000086187.4	lncRNA	one-to-many	GENCODE.v47vsM4567
ENSG00000275198.2	lncRNA	ENSMUSG00000132737.1	lncRNA	one-to-many	GENCODE.v47vsM4568
ENSG00000306799.1	lncRNA	ENSMUSG00000108659.3	lncRNA	many-to-many	GENCODE.v47vsM4569
ENSG00000242808.13	lncRNA	ENSMUSG00000104901.2	lncRNA	many-to-many	GENCODE.v47vsM4570
ENSG00000277715.2	lncRNA	ENSMUSG00000133623.1	lncRNA	one-to-one	GENCODE.v47vsM4571
ENSG00000295036.1	lncRNA	ENSMUSG00000136994.1	lncRNA	one-to-many	GENCODE.v47vsM4572
ENSG00000308750.1	lncRNA	ENSMUSG00000120779.2	lncRNA	one-to-one	GENCODE.v47vsM4573
ENSG00000300244.1	lncRNA	ENSMUSG00000143537.1	lncRNA	many-to-many	GENCODE.v47vsM4574
ENSG00000223403.8	lncRNA	ENSMUSG00000097391.10	lncRNA	many-to-many	GENCODE.v47vsM4575
ENSG00000291137.2	lncRNA	ENSMUSG00000105692.2	lncRNA	many-to-many	GENCODE.v47vsM4576
ENSG00000285870.2	lncRNA	ENSMUSG00000128302.1	lncRNA	one-to-many	GENCODE.v47vsM4577
ENSG00000234423.3	lncRNA	ENSMUSG00000113387.2	lncRNA	one-to-many	GENCODE.v47vsM4578
ENSG00000289390.1	lncRNA	ENSMUSG00000123339.1	lncRNA	one-to-one	GENCODE.v47vsM4579
ENSG00000289450.3	lncRNA	ENSMUSG00000142263.1	lncRNA	one-to-one	GENCODE.v47vsM4580
ENSG00000293043.2	lncRNA	ENSMUSG00000124210.1	lncRNA	one-to-many	GENCODE.v47vsM4581
ENSG00000248254.1	lncRNA	ENSMUSG00000142140.1	lncRNA	one-to-one	GENCODE.v47vsM4582
ENSG00000293273.1	lncRNA	ENSMUSG00000108613.2	lncRNA	many-to-many	GENCODE.v47vsM4583
ENSG00000278200.2	lncRNA	ENSMUSG00000126334.1	lncRNA	one-to-one	GENCODE.v47vsM4584
ENSG00000235903.12	lncRNA	ENSMUSG00000090054.2	lncRNA	one-to-many	GENCODE.v47vsM4585
ENSG00000289535.3	lncRNA	ENSMUSG00000131331.1	lncRNA	one-to-one	GENCODE.v47vsM4586
ENSG00000284391.2	lncRNA	ENSMUSG00000085314.2	lncRNA	one-to-one	GENCODE.v47vsM4587
ENSG00000266389.2	lncRNA	ENSMUSG00000120756.2	lncRNA	one-to-one	GENCODE.v47vsM4588
ENSG00000279539.1	lncRNA	ENSMUSG00000133484.1	lncRNA	one-to-one	GENCODE.v47vsM4589
ENSG00000307136.1	lncRNA	ENSMUSG00000137181.1	lncRNA	one-to-one	GENCODE.v47vsM4590
ENSG00000288082.2	lncRNA	ENSMUSG00000122655.1	lncRNA	one-to-one	GENCODE.v47vsM4591
ENSG00000238099.4	lncRNA	ENSMUSG00000129874.1	lncRNA	one-to-one	GENCODE.v47vsM4592
ENSG00000254777.6	lncRNA	ENSMUSG00000120700.2	lncRNA	one-to-one	GENCODE.v47vsM4593
ENSG00000287963.2	lncRNA	ENSMUSG00000123572.1	lncRNA	one-to-one	GENCODE.v47vsM4594
ENSG00000299994.1	lncRNA	ENSMUSG00000116581.4	lncRNA	one-to-one	GENCODE.v47vsM4595
ENSG00000297381.1	lncRNA	ENSMUSG00000046415.13	lncRNA	one-to-one	GENCODE.v47vsM4596
ENSG00000260630.10	lncRNA	ENSMUSG00000121107.1	lncRNA	one-to-half	GENCODE.v47vsM4597
ENSG00000237292.2	lncRNA	ENSMUSG00000140011.1	lncRNA	one-to-many	GENCODE.v47vsM4598
ENSG00000295775.1	lncRNA	ENSMUSG00000118056.3	lncRNA	one-to-one	GENCODE.v47vsM4599
ENSG00000298529.1	lncRNA	ENSMUSG00000141572.1	lncRNA	many-to-many	GENCODE.v47vsM4600
ENSG00000287601.1	lncRNA	ENSMUSG00000086350.4	lncRNA	one-to-many	GENCODE.v47vsM4601
ENSG00000261238.2	lncRNA	ENSMUSG00000120400.2	lncRNA	one-to-many	GENCODE.v47vsM4602
ENSG00000285649.2	lncRNA	ENSMUSG00000085278.3	lncRNA	one-to-one	GENCODE.v47vsM4603
ENSG00000237505.9	lncRNA	ENSMUSG00000104939.3	lncRNA	many-to-many	GENCODE.v47vsM4604
ENSG00000300285.1	lncRNA	ENSMUSG00000143690.1	lncRNA	one-to-one	GENCODE.v47vsM4605
ENSG00000228072.2	lncRNA	ENSMUSG00000121388.1	lncRNA	many-to-many	GENCODE.v47vsM4606
ENSG00000288818.2	lncRNA	ENSMUSG00000090031.5	lncRNA	one-to-many	GENCODE.v47vsM4607
ENSG00000253182.2	lncRNA	ENSMUSG00000109819.3	lncRNA	one-to-many	GENCODE.v47vsM4608
ENSG00000265944.2	lncRNA	ENSMUSG00000117193.3	lncRNA	one-to-one	GENCODE.v47vsM4609
ENSG00000304249.1	lncRNA	ENSMUSG00000118369.3	lncRNA	one-to-many	GENCODE.v47vsM4610
ENSG00000259054.2	lncRNA	ENSMUSG00000130769.1	lncRNA	one-to-many	GENCODE.v47vsM4611
ENSG00000228173.2	lncRNA	ENSMUSG00000139102.1	lncRNA	many-to-many	GENCODE.v47vsM4612
ENSG00000260495.1	lncRNA	ENSMUSG00000121084.2	lncRNA	one-to-many	GENCODE.v47vsM4613
ENSG00000301135.1	lncRNA	ENSMUSG00000140113.1	lncRNA	one-to-many	GENCODE.v47vsM4614
ENSG00000306206.1	lncRNA	ENSMUSG00000138136.1	lncRNA	many-to-many	GENCODE.v47vsM4615
ENSG00000253736.6	lncRNA	ENSMUSG00000120402.2	lncRNA	one-to-one	GENCODE.v47vsM4616
ENSG00000288782.2	lncRNA	ENSMUSG00000137289.1	lncRNA	one-to-one	GENCODE.v47vsM4617
ENSG00000308228.1	lncRNA	ENSMUSG00000129330.1	lncRNA	many-to-many	GENCODE.v47vsM4618
ENSG00000273433.1	lncRNA	ENSMUSG00000101298.2	lncRNA	many-to-many	GENCODE.v47vsM4619
ENSG00000232046.9	lncRNA	ENSMUSG00000102178.2	lncRNA	one-to-many	GENCODE.v47vsM4620
ENSG00000307921.1	lncRNA	ENSMUSG00000135575.1	lncRNA	one-to-one	GENCODE.v47vsM4621
ENSG00000237813.5	lncRNA	ENSMUSG00000085264.3	lncRNA	one-to-one	GENCODE.v47vsM4622
ENSG00000228506.5	lncRNA	ENSMUSG00000124409.1	lncRNA	one-to-one	GENCODE.v47vsM4623
ENSG00000269303.2	lncRNA	ENSMUSG00000097149.3	lncRNA	one-to-many	GENCODE.v47vsM4624
ENSG00000293504.2	lncRNA	ENSMUSG00000117919.4	lncRNA	many-to-many	GENCODE.v47vsM4625
ENSG00000229956.12	lncRNA	ENSMUSG00000105834.4	lncRNA	one-to-one	GENCODE.v47vsM4626
ENSG00000304955.1	lncRNA	ENSMUSG00000128376.1	lncRNA	one-to-many	GENCODE.v47vsM4627
ENSG00000250358.8	lncRNA	ENSMUSG00000139553.1	lncRNA	one-to-one	GENCODE.v47vsM4628
ENSG00000257585.2	lncRNA	ENSMUSG00000112164.3	lncRNA	one-to-one	GENCODE.v47vsM4629
ENSG00000287003.2	lncRNA	ENSMUSG00000086335.3	lncRNA	one-to-many	GENCODE.v47vsM4630
ENSG00000272477.1	lncRNA	ENSMUSG00000103216.2	lncRNA	one-to-one	GENCODE.v47vsM4631
ENSG00000215244.5	lncRNA	ENSMUSG00000141680.1	lncRNA	one-to-one	GENCODE.v47vsM4632
ENSG00000274204.1	lncRNA	ENSMUSG00000108912.2	lncRNA	one-to-one	GENCODE.v47vsM4633
ENSG00000258819.3	lncRNA	ENSMUSG00000140258.1	lncRNA	many-to-many	GENCODE.v47vsM4634
ENSG00000307595.1	lncRNA	ENSMUSG00000137509.1	lncRNA	one-to-one	GENCODE.v47vsM4635
ENSG00000250379.1	lncRNA	ENSMUSG00000087458.3	lncRNA	one-to-one	GENCODE.v47vsM4636
ENSG00000304204.1	lncRNA	ENSMUSG00000131541.1	lncRNA	one-to-one	GENCODE.v47vsM4637
ENSG00000260086.6	lncRNA	ENSMUSG00000098534.3	lncRNA	one-to-many	GENCODE.v47vsM4638
ENSG00000293514.2	lncRNA	ENSMUSG00000121258.2	lncRNA	many-to-many	GENCODE.v47vsM4639
ENSG00000255135.6	lncRNA	ENSMUSG00000120382.2	lncRNA	one-to-one	GENCODE.v47vsM4640
ENSG00000229188.3	lncRNA	ENSMUSG00000097602.4	lncRNA	one-to-one	GENCODE.v47vsM4641
ENSG00000230749.6	lncRNA	ENSMUSG00000087507.3	lncRNA	one-to-many	GENCODE.v47vsM4642
ENSG00000302683.1	lncRNA	ENSMUSG00000141750.1	lncRNA	one-to-one	GENCODE.v47vsM4643
ENSG00000228683.2	lncRNA	ENSMUSG00000114924.3	lncRNA	one-to-one	GENCODE.v47vsM4644
ENSG00000232162.3	lncRNA	ENSMUSG00000104845.3	lncRNA	one-to-many	GENCODE.v47vsM4645
ENSG00000255226.3	lncRNA	ENSMUSG00000085261.4	lncRNA	one-to-many	GENCODE.v47vsM4646
ENSG00000298974.1	lncRNA	ENSMUSG00000089957.4	lncRNA	one-to-many	GENCODE.v47vsM4647
ENSG00000233625.1	lncRNA	ENSMUSG00000074758.12	lncRNA	one-to-one	GENCODE.v47vsM4648
ENSG00000308265.1	lncRNA	ENSMUSG00000096153.3	lncRNA	many-to-many	GENCODE.v47vsM4649
ENSG00000218537.1	lncRNA	ENSMUSG00000121374.2	lncRNA	many-to-many	GENCODE.v47vsM4650
ENSG00000269439.8	lncRNA	ENSMUSG00000120970.1	lncRNA	one-to-half	GENCODE.v47vsM4651
ENSG00000277631.8	lncRNA	ENSMUSG00000137730.1	lncRNA	one-to-many	GENCODE.v47vsM4652
ENSG00000305266.1	lncRNA	ENSMUSG00000138827.1	lncRNA	one-to-one	GENCODE.v47vsM4653
ENSG00000261842.1	lncRNA	ENSMUSG00000123026.1	lncRNA	one-to-one	GENCODE.v47vsM4654
ENSG00000309461.1	lncRNA	ENSMUSG00000117792.3	lncRNA	many-to-many	GENCODE.v47vsM4655
ENSG00000242512.10	lncRNA	ENSMUSG00000114832.4	lncRNA	many-to-many	GENCODE.v47vsM4656
ENSG00000254860.8	lncRNA	ENSMUSG00000121788.2	lncRNA	one-to-one	GENCODE.v47vsM4657
ENSG00000230013.3	lncRNA	ENSMUSG00000087192.9	lncRNA	one-to-many	GENCODE.v47vsM4658
ENSG00000228775.8	lncRNA	ENSMUSG00000136849.1	lncRNA	one-to-one	GENCODE.v47vsM4659
ENSG00000284634.2	lncRNA	ENSMUSG00000121482.2	lncRNA	many-to-many	GENCODE.v47vsM4660
ENSG00000303604.1	lncRNA	ENSMUSG00000097575.4	lncRNA	one-to-one	GENCODE.v47vsM4661
ENSG00000249740.5	lncRNA	ENSMUSG00000104334.2	lncRNA	one-to-one	GENCODE.v47vsM4662
ENSG00000272692.3	lncRNA	ENSMUSG00000103160.2	lncRNA	many-to-many	GENCODE.v47vsM4663
ENSG00000290018.1	lncRNA	ENSMUSG00000136950.1	lncRNA	many-to-many	GENCODE.v47vsM4664
ENSG00000289104.2	lncRNA	ENSMUSG00000110110.3	lncRNA	one-to-many	GENCODE.v47vsM4665
ENSG00000277987.4	lncRNA	ENSMUSG00000108828.3	lncRNA	one-to-many	GENCODE.v47vsM4666
ENSG00000226349.2	lncRNA	ENSMUSG00000124245.1	lncRNA	one-to-one	GENCODE.v47vsM4667
ENSG00000284954.1	lncRNA	ENSMUSG00000120681.2	lncRNA	one-to-many	GENCODE.v47vsM4668
ENSG00000285773.2	lncRNA	ENSMUSG00000106951.2	lncRNA	many-to-many	GENCODE.v47vsM4669
ENSG00000285728.4	lncRNA	ENSMUSG00000132773.1	lncRNA	one-to-one	GENCODE.v47vsM4670
ENSG00000287402.2	lncRNA	ENSMUSG00000134309.1	lncRNA	one-to-half	GENCODE.v47vsM4671
ENSG00000224164.3	lncRNA	ENSMUSG00000122629.1	lncRNA	one-to-one	GENCODE.v47vsM4672
ENSG00000279152.1	lncRNA	ENSMUSG00000072809.4	lncRNA	one-to-many	GENCODE.v47vsM4673
ENSG00000254632.3	lncRNA	ENSMUSG00000129766.1	lncRNA	one-to-one	GENCODE.v47vsM4674
ENSG00000293610.1	lncRNA	ENSMUSG00000141482.1	lncRNA	one-to-one	GENCODE.v47vsM4675
ENSG00000260919.1	lncRNA	ENSMUSG00000140760.1	lncRNA	one-to-one	GENCODE.v47vsM4676
ENSG00000203930.15	lncRNA	ENSMUSG00000071753.16	lncRNA	many-to-many	GENCODE.v47vsM4677
ENSG00000253374.6	lncRNA	ENSMUSG00000118008.3	lncRNA	one-to-many	GENCODE.v47vsM4678
ENSG00000234377.9	lncRNA	ENSMUSG00000131582.1	lncRNA	one-to-many	GENCODE.v47vsM4679
ENSG00000293214.2	lncRNA	ENSMUSG00000139186.1	lncRNA	many-to-many	GENCODE.v47vsM4680
ENSG00000273062.1	lncRNA	ENSMUSG00000101905.3	lncRNA	one-to-one	GENCODE.v47vsM4681
ENSG00000227906.11	lncRNA	ENSMUSG00000136031.1	lncRNA	one-to-many	GENCODE.v47vsM4682
ENSG00000299580.1	lncRNA	ENSMUSG00000129920.1	lncRNA	one-to-one	GENCODE.v47vsM4683
ENSG00000213600.3	lncRNA	ENSMUSG00000102324.2	lncRNA	one-to-one	GENCODE.v47vsM4684
ENSG00000308990.1	lncRNA	ENSMUSG00000126511.1	lncRNA	one-to-one	GENCODE.v47vsM4685
ENSG00000223635.3	lncRNA	ENSMUSG00000110615.3	lncRNA	one-to-one	GENCODE.v47vsM4686
ENSG00000189223.16	lncRNA	ENSMUSG00000085057.9	lncRNA	one-to-many	GENCODE.v47vsM4687
ENSG00000259349.5	lncRNA	ENSMUSG00000085628.7	lncRNA	many-to-many	GENCODE.v47vsM4688
ENSG00000224505.5	lncRNA	ENSMUSG00000120826.2	lncRNA	one-to-many	GENCODE.v47vsM4689
ENSG00000233030.2	lncRNA	ENSMUSG00000050936.7	lncRNA	one-to-many	GENCODE.v47vsM4690
ENSG00000289866.2	lncRNA	ENSMUSG00000131826.1	lncRNA	one-to-one	GENCODE.v47vsM4691
ENSG00000248599.2	lncRNA	ENSMUSG00000115333.3	lncRNA	one-to-many	GENCODE.v47vsM4692
ENSG00000298035.1	lncRNA	ENSMUSG00000140585.1	lncRNA	one-to-one	GENCODE.v47vsM4693
ENSG00000287703.1	lncRNA	ENSMUSG00000087470.5	lncRNA	one-to-one	GENCODE.v47vsM4694
ENSG00000306210.1	lncRNA	ENSMUSG00000134210.1	lncRNA	one-to-one	GENCODE.v47vsM4695
ENSG00000290762.2	lncRNA	ENSMUSG00000120439.2	lncRNA	many-to-many	GENCODE.v47vsM4696
ENSG00000289912.2	lncRNA	ENSMUSG00000121039.2	lncRNA	one-to-one	GENCODE.v47vsM4697
ENSG00000299712.1	lncRNA	ENSMUSG00000093812.3	lncRNA	one-to-one	GENCODE.v47vsM4698
ENSG00000276651.1	lncRNA	ENSMUSG00000128324.1	lncRNA	one-to-one	GENCODE.v47vsM4699
ENSG00000231704.8	lncRNA	ENSMUSG00000137854.1	lncRNA	one-to-one	GENCODE.v47vsM4700
ENSG00000298665.1	lncRNA	ENSMUSG00000127605.1	lncRNA	one-to-one	GENCODE.v47vsM4701
ENSG00000265451.2	lncRNA	ENSMUSG00000107722.3	lncRNA	one-to-many	GENCODE.v47vsM4702
ENSG00000300627.1	lncRNA	ENSMUSG00000135146.1	lncRNA	one-to-one	GENCODE.v47vsM4703
ENSG00000249061.1	lncRNA	ENSMUSG00000103196.2	lncRNA	one-to-one	GENCODE.v47vsM4704
ENSG00000304951.1	lncRNA	ENSMUSG00000141942.1	lncRNA	one-to-one	GENCODE.v47vsM4705
ENSG00000237187.10	lncRNA	ENSMUSG00000114632.2	lncRNA	one-to-many	GENCODE.v47vsM4706
ENSG00000300220.1	lncRNA	ENSMUSG00000142642.1	lncRNA	one-to-one	GENCODE.v47vsM4707
ENSG00000260867.2	lncRNA	ENSMUSG00000110427.3	lncRNA	one-to-one	GENCODE.v47vsM4708
ENSG00000267165.1	lncRNA	ENSMUSG00000117757.2	lncRNA	one-to-one	GENCODE.v47vsM4709
ENSG00000185186.11	lncRNA	ENSMUSG00000120937.2	lncRNA	one-to-one	GENCODE.v47vsM4710
ENSG00000296846.1	lncRNA	ENSMUSG00000107954.2	lncRNA	one-to-half	GENCODE.v47vsM4711
ENSG00000293625.1	lncRNA	ENSMUSG00000089804.5	lncRNA	one-to-many	GENCODE.v47vsM4712
ENSG00000253123.5	lncRNA	ENSMUSG00000110351.2	lncRNA	one-to-one	GENCODE.v47vsM4713
ENSG00000215386.16	lncRNA	ENSMUSG00000132029.1	lncRNA	many-to-many	GENCODE.v47vsM4714
ENSG00000269293.6	lncRNA	ENSMUSG00000123880.1	lncRNA	one-to-one	GENCODE.v47vsM4715
ENSG00000309847.1	lncRNA	ENSMUSG00000121759.1	lncRNA	many-to-many	GENCODE.v47vsM4716
ENSG00000285856.1	lncRNA	ENSMUSG00000132784.1	lncRNA	one-to-one	GENCODE.v47vsM4717
ENSG00000293515.2	lncRNA	ENSMUSG00000139323.1	lncRNA	many-to-many	GENCODE.v47vsM4718
ENSG00000300573.1	lncRNA	ENSMUSG00000117979.4	lncRNA	one-to-one	GENCODE.v47vsM4719
ENSG00000234139.7	lncRNA	ENSMUSG00000139502.1	lncRNA	one-to-many	GENCODE.v47vsM4720
ENSG00000250447.7	lncRNA	ENSMUSG00000140734.1	lncRNA	one-to-many	GENCODE.v47vsM4721
ENSG00000287245.2	lncRNA	ENSMUSG00000128826.1	lncRNA	one-to-one	GENCODE.v47vsM4722
ENSG00000288752.3	lncRNA	ENSMUSG00000115685.2	lncRNA	one-to-many	GENCODE.v47vsM4723
ENSG00000248079.5	lncRNA	ENSMUSG00000099361.2	lncRNA	one-to-one	GENCODE.v47vsM4724
ENSG00000305264.1	lncRNA	ENSMUSG00000115422.3	lncRNA	many-to-many	GENCODE.v47vsM4725
ENSG00000287885.2	lncRNA	ENSMUSG00000046413.18	lncRNA	one-to-many	GENCODE.v47vsM4726
ENSG00000238120.3	lncRNA	ENSMUSG00000142768.1	lncRNA	one-to-one	GENCODE.v47vsM4727
ENSG00000309883.1	lncRNA	ENSMUSG00000085640.3	lncRNA	one-to-one	GENCODE.v47vsM4728
ENSG00000247287.4	lncRNA	ENSMUSG00000126487.1	lncRNA	one-to-one	GENCODE.v47vsM4729
ENSG00000228649.12	lncRNA	ENSMUSG00000105987.7	lncRNA	many-to-many	GENCODE.v47vsM4730
ENSG00000248455.9	lncRNA	ENSMUSG00000051237.9	lncRNA	many-to-many	GENCODE.v47vsM4731
ENSG00000285541.1	lncRNA	ENSMUSG00000125832.1	lncRNA	one-to-one	GENCODE.v47vsM4732
ENSG00000298794.1	lncRNA	ENSMUSG00000097683.5	lncRNA	one-to-one	GENCODE.v47vsM4733
ENSG00000248538.11	lncRNA	ENSMUSG00000143484.1	lncRNA	one-to-many	GENCODE.v47vsM4734
ENSG00000232396.3	lncRNA	ENSMUSG00000138153.1	lncRNA	one-to-one	GENCODE.v47vsM4735
ENSG00000228172.6	lncRNA	ENSMUSG00000124593.1	lncRNA	one-to-one	GENCODE.v47vsM4736
ENSG00000237525.8	lncRNA	ENSMUSG00000099707.9	lncRNA	one-to-one	GENCODE.v47vsM4737
ENSG00000236449.3	lncRNA	ENSMUSG00000086382.3	lncRNA	many-to-many	GENCODE.v47vsM4738
ENSG00000231133.9	lncRNA	ENSMUSG00000086166.3	lncRNA	one-to-many	GENCODE.v47vsM4739
ENSG00000224397.10	lncRNA	ENSMUSG00000006462.9	lncRNA	many-to-many	GENCODE.v47vsM4740
ENSG00000251141.7	lncRNA	ENSMUSG00000132924.1	lncRNA	one-to-many	GENCODE.v47vsM4741
ENSG00000277453.1	lncRNA	ENSMUSG00000134199.1	lncRNA	one-to-one	GENCODE.v47vsM4742
ENSG00000236769.4	lncRNA	ENSMUSG00000054488.17	lncRNA	one-to-one	GENCODE.v47vsM4743
ENSG00000289081.2	lncRNA	ENSMUSG00000137844.1	lncRNA	one-to-one	GENCODE.v47vsM4744
ENSG00000246695.10	lncRNA	ENSMUSG00000085658.3	lncRNA	one-to-one	GENCODE.v47vsM4745
ENSG00000224329.3	lncRNA	ENSMUSG00000130880.1	lncRNA	one-to-one	GENCODE.v47vsM4746
ENSG00000247345.3	lncRNA	ENSMUSG00000130287.1	lncRNA	one-to-many	GENCODE.v47vsM4747
ENSG00000296533.1	lncRNA	ENSMUSG00000122967.1	lncRNA	one-to-one	GENCODE.v47vsM4748
ENSG00000254302.3	lncRNA	ENSMUSG00000110223.2	lncRNA	one-to-many	GENCODE.v47vsM4749
ENSG00000099869.8	lncRNA	ENSMUSG00000086266.2	lncRNA	one-to-one	GENCODE.v47vsM4750
ENSG00000304706.1	lncRNA	ENSMUSG00000073073.6	lncRNA	one-to-one	GENCODE.v47vsM4751
ENSG00000256540.3	lncRNA	ENSMUSG00000139156.1	lncRNA	one-to-many	GENCODE.v47vsM4752
ENSG00000246422.2	lncRNA	ENSMUSG00000136940.1	lncRNA	one-to-one	GENCODE.v47vsM4753
ENSG00000254288.2	lncRNA	ENSMUSG00000142287.1	lncRNA	one-to-one	GENCODE.v47vsM4754
ENSG00000289018.3	lncRNA	ENSMUSG00000120832.2	lncRNA	one-to-many	GENCODE.v47vsM4755
ENSG00000287616.2	lncRNA	ENSMUSG00000110874.4	lncRNA	one-to-one	GENCODE.v47vsM4756
ENSG00000291089.2	lncRNA	ENSMUSG00000142571.1	lncRNA	many-to-many	GENCODE.v47vsM4757
ENSG00000272269.3	lncRNA	ENSMUSG00000120329.2	lncRNA	one-to-one	GENCODE.v47vsM4758
ENSG00000303527.1	lncRNA	ENSMUSG00000108532.3	lncRNA	one-to-many	GENCODE.v47vsM4759
ENSG00000204814.5	lncRNA	ENSMUSG00000102297.2	lncRNA	many-to-many	GENCODE.v47vsM4760
ENSG00000287294.2	lncRNA	ENSMUSG00000142381.1	lncRNA	many-to-many	GENCODE.v47vsM4761
ENSG00000260924.4	lncRNA	ENSMUSG00000103149.3	lncRNA	one-to-many	GENCODE.v47vsM4762
ENSG00000285637.3	lncRNA	ENSMUSG00000132147.1	lncRNA	many-to-many	GENCODE.v47vsM4763
ENSG00000289193.3	lncRNA	ENSMUSG00000133034.1	lncRNA	one-to-half	GENCODE.v47vsM4764
ENSG00000260942.2	lncRNA	ENSMUSG00000100632.2	lncRNA	one-to-one	GENCODE.v47vsM4765
ENSG00000258819.3	lncRNA	ENSMUSG00000120265.2	lncRNA	many-to-many	GENCODE.v47vsM4766
ENSG00000297722.1	lncRNA	ENSMUSG00000087521.4	lncRNA	one-to-many	GENCODE.v47vsM4767
ENSG00000226696.9	lncRNA	ENSMUSG00000085886.2	lncRNA	one-to-many	GENCODE.v47vsM4768
ENSG00000248489.5	lncRNA	ENSMUSG00000120176.2	lncRNA	one-to-one	GENCODE.v47vsM4769
ENSG00000254562.8	lncRNA	ENSMUSG00000101186.2	lncRNA	one-to-one	GENCODE.v47vsM4770
ENSG00000300708.1	lncRNA	ENSMUSG00000086148.3	lncRNA	one-to-many	GENCODE.v47vsM4771
ENSG00000224985.2	lncRNA	ENSMUSG00000090101.4	lncRNA	one-to-many	GENCODE.v47vsM4772
ENSG00000273018.8	lncRNA	ENSMUSG00000075395.13	lncRNA	many-to-many	GENCODE.v47vsM4773
ENSG00000236682.5	lncRNA	ENSMUSG00000131437.1	lncRNA	one-to-one	GENCODE.v47vsM4774
ENSG00000261215.1	lncRNA	ENSMUSG00000142613.1	lncRNA	many-to-many	GENCODE.v47vsM4775
ENSG00000226087.5	lncRNA	ENSMUSG00000141816.1	lncRNA	one-to-many	GENCODE.v47vsM4776
ENSG00000253355.2	lncRNA	ENSMUSG00000115333.3	lncRNA	one-to-many	GENCODE.v47vsM4777
ENSG00000299229.1	lncRNA	ENSMUSG00000101356.4	lncRNA	one-to-many	GENCODE.v47vsM4778
ENSG00000290099.2	lncRNA	ENSMUSG00000142244.1	lncRNA	one-to-one	GENCODE.v47vsM4779
ENSG00000214548.19	lncRNA	ENSMUSG00000097961.2	lncRNA	many-to-many	GENCODE.v47vsM4780
ENSG00000289911.2	lncRNA	ENSMUSG00000100910.3	lncRNA	many-to-many	GENCODE.v47vsM4781
ENSG00000308107.1	lncRNA	ENSMUSG00000125663.1	lncRNA	one-to-many	GENCODE.v47vsM4782
ENSG00000302185.1	lncRNA	ENSMUSG00000128819.1	lncRNA	one-to-one	GENCODE.v47vsM4783
ENSG00000223653.7	lncRNA	ENSMUSG00000125688.1	lncRNA	one-to-one	GENCODE.v47vsM4784
ENSG00000228417.1	lncRNA	ENSMUSG00000118369.3	lncRNA	one-to-many	GENCODE.v47vsM4785
ENSG00000233766.9	lncRNA	ENSMUSG00000101799.3	lncRNA	one-to-one	GENCODE.v47vsM4786
ENSG00000289326.3	lncRNA	ENSMUSG00000140004.1	lncRNA	many-to-many	GENCODE.v47vsM4787
ENSG00000304638.1	lncRNA	ENSMUSG00000120207.2	lncRNA	one-to-one	GENCODE.v47vsM4788
ENSG00000303153.1	lncRNA	ENSMUSG00000113158.3	lncRNA	one-to-many	GENCODE.v47vsM4789
ENSG00000259341.3	lncRNA	ENSMUSG00000134891.1	lncRNA	many-to-many	GENCODE.v47vsM4790
ENSG00000306839.1	lncRNA	ENSMUSG00000127940.1	lncRNA	one-to-one	GENCODE.v47vsM4791
ENSG00000259230.2	lncRNA	ENSMUSG00000137347.1	lncRNA	one-to-one	GENCODE.v47vsM4792
ENSG00000230163.1	lncRNA	ENSMUSG00000138913.1	lncRNA	one-to-one	GENCODE.v47vsM4793
ENSG00000287009.1	lncRNA	ENSMUSG00000120438.2	lncRNA	one-to-one	GENCODE.v47vsM4794
ENSG00000233593.13	lncRNA	ENSMUSG00000098302.2	lncRNA	many-to-many	GENCODE.v47vsM4795
ENSG00000247809.12	lncRNA	ENSMUSG00000109021.3	lncRNA	many-to-many	GENCODE.v47vsM4796
ENSG00000298338.1	lncRNA	ENSMUSG00000130573.1	lncRNA	one-to-many	GENCODE.v47vsM4797
ENSG00000251665.2	lncRNA	ENSMUSG00000131089.1	lncRNA	one-to-many	GENCODE.v47vsM4798
ENSG00000295454.1	lncRNA	ENSMUSG00000106938.3	lncRNA	one-to-one	GENCODE.v47vsM4799
ENSG00000297698.1	lncRNA	ENSMUSG00000135334.1	lncRNA	one-to-one	GENCODE.v47vsM4800
ENSG00000295170.1	lncRNA	ENSMUSG00000134535.1	lncRNA	one-to-one	GENCODE.v47vsM4801
ENSG00000241570.8	lncRNA	ENSMUSG00000128125.1	lncRNA	many-to-many	GENCODE.v47vsM4802
ENSG00000244953.1	lncRNA	ENSMUSG00000136629.1	lncRNA	one-to-one	GENCODE.v47vsM4803
ENSG00000225208.2	lncRNA	ENSMUSG00000102057.2	lncRNA	one-to-many	GENCODE.v47vsM4804
ENSG00000248538.11	lncRNA	ENSMUSG00000109688.3	lncRNA	one-to-many	GENCODE.v47vsM4805
ENSG00000299128.1	lncRNA	ENSMUSG00000133221.1	lncRNA	many-to-many	GENCODE.v47vsM4806
ENSG00000236432.8	lncRNA	ENSMUSG00000097564.4	lncRNA	one-to-one	GENCODE.v47vsM4807
ENSG00000271398.1	lncRNA	ENSMUSG00000127295.1	lncRNA	one-to-one	GENCODE.v47vsM4808
ENSG00000240687.5	lncRNA	ENSMUSG00000097055.4	lncRNA	one-to-one	GENCODE.v47vsM4809
ENSG00000310508.1	lncRNA	ENSMUSG00000038311.16	lncRNA	many-to-many	GENCODE.v47vsM4810
ENSG00000232200.3	lncRNA	ENSMUSG00000129431.1	lncRNA	one-to-one	GENCODE.v47vsM4811
ENSG00000285966.1	lncRNA	ENSMUSG00000120715.2	lncRNA	one-to-one	GENCODE.v47vsM4812
ENSG00000285587.2	lncRNA	ENSMUSG00000136259.1	lncRNA	one-to-one	GENCODE.v47vsM4813
ENSG00000299988.1	lncRNA	ENSMUSG00000128003.1	lncRNA	one-to-one	GENCODE.v47vsM4814
ENSG00000266824.2	lncRNA	ENSMUSG00000121012.1	lncRNA	one-to-one	GENCODE.v47vsM4815
ENSG00000288809.2	lncRNA	ENSMUSG00000097585.5	lncRNA	one-to-many	GENCODE.v47vsM4816
ENSG00000309498.1	lncRNA	ENSMUSG00000087213.5	lncRNA	one-to-many	GENCODE.v47vsM4817
ENSG00000305311.1	lncRNA	ENSMUSG00000127075.1	lncRNA	one-to-one	GENCODE.v47vsM4818
ENSG00000305338.1	lncRNA	ENSMUSG00000086390.10	lncRNA	one-to-one	GENCODE.v47vsM4819
ENSG00000298032.1	lncRNA	ENSMUSG00000120097.2	lncRNA	one-to-many	GENCODE.v47vsM4820
ENSG00000294591.1	lncRNA	ENSMUSG00000130570.1	lncRNA	one-to-one	GENCODE.v47vsM4821
ENSG00000237271.3	lncRNA	ENSMUSG00000100893.2	lncRNA	one-to-one	GENCODE.v47vsM4822
ENSG00000295589.1	lncRNA	ENSMUSG00000123248.1	lncRNA	one-to-one	GENCODE.v47vsM4823
ENSG00000243083.9	lncRNA	ENSMUSG00000125120.1	lncRNA	many-to-many	GENCODE.v47vsM4824
ENSG00000235140.3	lncRNA	ENSMUSG00000139296.1	lncRNA	one-to-many	GENCODE.v47vsM4825
ENSG00000300264.1	lncRNA	ENSMUSG00000140311.1	lncRNA	one-to-one	GENCODE.v47vsM4826
ENSG00000287224.2	lncRNA	ENSMUSG00000130434.1	lncRNA	one-to-many	GENCODE.v47vsM4827
ENSG00000291092.2	lncRNA	ENSMUSG00000089879.3	lncRNA	many-to-many	GENCODE.v47vsM4828
ENSG00000234072.2	lncRNA	ENSMUSG00000143424.1	lncRNA	one-to-one	GENCODE.v47vsM4829
ENSG00000290971.2	lncRNA	ENSMUSG00000121336.2	lncRNA	many-to-many	GENCODE.v47vsM4830
ENSG00000267219.2	lncRNA	ENSMUSG00000085105.4	lncRNA	one-to-one	GENCODE.v47vsM4831
ENSG00000301871.1	lncRNA	ENSMUSG00000086585.3	lncRNA	one-to-many	GENCODE.v47vsM4832
ENSG00000305516.1	lncRNA	ENSMUSG00000087168.3	lncRNA	one-to-many	GENCODE.v47vsM4833
ENSG00000289028.3	lncRNA	ENSMUSG00000141049.1	lncRNA	one-to-one	GENCODE.v47vsM4834
ENSG00000261092.2	lncRNA	ENSMUSG00000128924.1	lncRNA	one-to-one	GENCODE.v47vsM4835
ENSG00000297491.1	lncRNA	ENSMUSG00000087268.3	lncRNA	one-to-many	GENCODE.v47vsM4836
ENSG00000203875.14	lncRNA	ENSMUSG00000097073.9	lncRNA	many-to-many	GENCODE.v47vsM4837
ENSG00000267489.6	lncRNA	ENSMUSG00000137217.1	lncRNA	many-to-many	GENCODE.v47vsM4838
ENSG00000251361.2	lncRNA	ENSMUSG00000114522.3	lncRNA	one-to-one	GENCODE.v47vsM4839
ENSG00000228791.9	lncRNA	ENSMUSG00000133770.1	lncRNA	one-to-one	GENCODE.v47vsM4840
ENSG00000303826.1	lncRNA	ENSMUSG00000120621.2	lncRNA	many-to-many	GENCODE.v47vsM4841
ENSG00000228830.1	lncRNA	ENSMUSG00000141737.1	lncRNA	one-to-many	GENCODE.v47vsM4842
ENSG00000309325.1	lncRNA	ENSMUSG00000143801.1	lncRNA	one-to-many	GENCODE.v47vsM4843
ENSG00000306187.1	lncRNA	ENSMUSG00000115854.2	lncRNA	one-to-half	GENCODE.v47vsM4844
ENSG00000233175.3	lncRNA	ENSMUSG00000092371.3	lncRNA	one-to-one	GENCODE.v47vsM4845
ENSG00000286061.3	lncRNA	ENSMUSG00000139241.1	lncRNA	one-to-one	GENCODE.v47vsM4846
ENSG00000304549.1	lncRNA	ENSMUSG00000139703.1	lncRNA	one-to-many	GENCODE.v47vsM4847
ENSG00000223813.6	lncRNA	ENSMUSG00000073067.12	lncRNA	many-to-many	GENCODE.v47vsM4848
ENSG00000295828.1	lncRNA	ENSMUSG00000121644.1	lncRNA	many-to-many	GENCODE.v47vsM4849
ENSG00000240405.8	lncRNA	ENSMUSG00000128381.1	lncRNA	many-to-many	GENCODE.v47vsM4850
ENSG00000271727.3	lncRNA	ENSMUSG00000130519.1	lncRNA	one-to-many	GENCODE.v47vsM4851
ENSG00000227479.2	lncRNA	ENSMUSG00000100546.4	lncRNA	one-to-one	GENCODE.v47vsM4852
ENSG00000294583.1	lncRNA	ENSMUSG00000125056.1	lncRNA	many-to-many	GENCODE.v47vsM4853
ENSG00000306247.1	lncRNA	ENSMUSG00000120771.2	lncRNA	one-to-one	GENCODE.v47vsM4854
ENSG00000275322.2	lncRNA	ENSMUSG00000109364.2	lncRNA	one-to-one	GENCODE.v47vsM4855
ENSG00000233183.4	lncRNA	ENSMUSG00000116879.3	lncRNA	many-to-many	GENCODE.v47vsM4856
ENSG00000226571.3	lncRNA	ENSMUSG00000129992.1	lncRNA	one-to-many	GENCODE.v47vsM4857
ENSG00000308265.1	lncRNA	ENSMUSG00000141647.1	lncRNA	many-to-many	GENCODE.v47vsM4858
ENSG00000273129.4	lncRNA	ENSMUSG00000097028.4	lncRNA	one-to-one	GENCODE.v47vsM4859
ENSG00000302071.1	lncRNA	ENSMUSG00000097318.5	lncRNA	one-to-many	GENCODE.v47vsM4860
ENSG00000229839.7	lncRNA	ENSMUSG00000092626.4	lncRNA	many-to-many	GENCODE.v47vsM4861
ENSG00000284634.2	lncRNA	ENSMUSG00000123412.1	lncRNA	many-to-many	GENCODE.v47vsM4862
ENSG00000298658.1	lncRNA	ENSMUSG00000131260.1	lncRNA	one-to-one	GENCODE.v47vsM4863
ENSG00000235659.2	lncRNA	ENSMUSG00000102297.2	lncRNA	many-to-many	GENCODE.v47vsM4864
ENSG00000309251.1	lncRNA	ENSMUSG00000111243.4	lncRNA	one-to-one	GENCODE.v47vsM4865
ENSG00000301170.1	lncRNA	ENSMUSG00000138609.1	lncRNA	one-to-one	GENCODE.v47vsM4866
ENSG00000232539.2	lncRNA	ENSMUSG00000102958.2	lncRNA	one-to-one	GENCODE.v47vsM4867
ENSG00000305611.1	lncRNA	ENSMUSG00000108791.2	lncRNA	one-to-one	GENCODE.v47vsM4868
ENSG00000275202.1	lncRNA	ENSMUSG00000139472.1	lncRNA	one-to-one	GENCODE.v47vsM4869
ENSG00000300568.1	lncRNA	ENSMUSG00000137673.1	lncRNA	one-to-one	GENCODE.v47vsM4870
ENSG00000233407.1	lncRNA	ENSMUSG00000129211.1	lncRNA	one-to-many	GENCODE.v47vsM4871
ENSG00000293613.1	lncRNA	ENSMUSG00000086096.4	lncRNA	many-to-many	GENCODE.v47vsM4872
ENSG00000273445.2	lncRNA	ENSMUSG00000079053.5	lncRNA	one-to-half	GENCODE.v47vsM4873
ENSG00000178722.17	lncRNA	ENSMUSG00000114807.3	lncRNA	one-to-many	GENCODE.v47vsM4874
ENSG00000286837.2	lncRNA	ENSMUSG00000122955.1	lncRNA	one-to-one	GENCODE.v47vsM4875
ENSG00000225472.3	lncRNA	ENSMUSG00000087413.4	lncRNA	one-to-one	GENCODE.v47vsM4876
ENSG00000245385.2	lncRNA	ENSMUSG00000131990.1	lncRNA	one-to-many	GENCODE.v47vsM4877
ENSG00000250579.4	lncRNA	ENSMUSG00000113771.3	lncRNA	one-to-one	GENCODE.v47vsM4878
ENSG00000232448.3	lncRNA	ENSMUSG00000103066.2	lncRNA	one-to-one	GENCODE.v47vsM4879
ENSG00000230461.11	lncRNA	ENSMUSG00000079045.6	lncRNA	one-to-many	GENCODE.v47vsM4880
ENSG00000267519.7	lncRNA	ENSMUSG00000103593.2	lncRNA	many-to-many	GENCODE.v47vsM4881
ENSG00000295013.1	lncRNA	ENSMUSG00000140646.1	lncRNA	one-to-one	GENCODE.v47vsM4882
ENSG00000240476.3	lncRNA	ENSMUSG00000086827.4	lncRNA	one-to-many	GENCODE.v47vsM4883
ENSG00000259802.4	lncRNA	ENSMUSG00000141798.1	lncRNA	one-to-one	GENCODE.v47vsM4884
ENSG00000291010.2	lncRNA	ENSMUSG00000110129.2	lncRNA	many-to-many	GENCODE.v47vsM4885
ENSG00000249352.5	lncRNA	ENSMUSG00000104450.2	lncRNA	one-to-one	GENCODE.v47vsM4886
ENSG00000225233.3	lncRNA	ENSMUSG00000103510.3	lncRNA	one-to-many	GENCODE.v47vsM4887
ENSG00000232533.4	lncRNA	ENSMUSG00000108033.2	lncRNA	one-to-many	GENCODE.v47vsM4888
ENSG00000298052.1	lncRNA	ENSMUSG00000121331.1	lncRNA	many-to-many	GENCODE.v47vsM4889
ENSG00000226482.1	lncRNA	ENSMUSG00000122118.1	lncRNA	one-to-one	GENCODE.v47vsM4890
ENSG00000286021.4	lncRNA	ENSMUSG00000074776.6	lncRNA	one-to-one	GENCODE.v47vsM4891
ENSG00000305457.1	lncRNA	ENSMUSG00000073236.7	lncRNA	one-to-one	GENCODE.v47vsM4892
ENSG00000299154.1	lncRNA	ENSMUSG00000122773.1	lncRNA	one-to-one	GENCODE.v47vsM4893
ENSG00000287720.1	lncRNA	ENSMUSG00000107496.2	lncRNA	one-to-one	GENCODE.v47vsM4894
ENSG00000298486.1	lncRNA	ENSMUSG00000139944.1	lncRNA	one-to-one	GENCODE.v47vsM4895
ENSG00000296446.1	lncRNA	ENSMUSG00000143399.1	lncRNA	one-to-one	GENCODE.v47vsM4896
ENSG00000234535.2	lncRNA	ENSMUSG00000097321.8	lncRNA	one-to-many	GENCODE.v47vsM4897
ENSG00000238280.3	lncRNA	ENSMUSG00000112558.3	lncRNA	one-to-one	GENCODE.v47vsM4898
ENSG00000248600.3	lncRNA	ENSMUSG00000124787.1	lncRNA	one-to-one	GENCODE.v47vsM4899
ENSG00000289127.2	lncRNA	ENSMUSG00000130023.1	lncRNA	one-to-one	GENCODE.v47vsM4900
ENSG00000300592.1	lncRNA	ENSMUSG00000085035.3	lncRNA	one-to-one	GENCODE.v47vsM4901
ENSG00000226674.12	lncRNA	ENSMUSG00000086710.3	lncRNA	many-to-many	GENCODE.v47vsM4902
ENSG00000234492.7	lncRNA	ENSMUSG00000105789.3	lncRNA	one-to-many	GENCODE.v47vsM4903
ENSG00000225689.3	lncRNA	ENSMUSG00000141491.1	lncRNA	one-to-many	GENCODE.v47vsM4904
ENSG00000247934.4	lncRNA	ENSMUSG00000072660.8	lncRNA	one-to-one	GENCODE.v47vsM4905
ENSG00000298827.1	lncRNA	ENSMUSG00000128941.1	lncRNA	one-to-one	GENCODE.v47vsM4906
ENSG00000230303.7	lncRNA	ENSMUSG00000097399.9	lncRNA	one-to-many	GENCODE.v47vsM4907
ENSG00000234988.5	lncRNA	ENSMUSG00000135611.1	lncRNA	one-to-one	GENCODE.v47vsM4908
ENSG00000259675.5	lncRNA	ENSMUSG00000101345.2	lncRNA	one-to-one	GENCODE.v47vsM4909
ENSG00000233124.3	lncRNA	ENSMUSG00000115146.2	lncRNA	one-to-many	GENCODE.v47vsM4910
ENSG00000254968.9	lncRNA	ENSMUSG00000110916.3	lncRNA	one-to-many	GENCODE.v47vsM4911
ENSG00000228544.1	lncRNA	ENSMUSG00000121241.2	lncRNA	one-to-many	GENCODE.v47vsM4912
ENSG00000253554.8	lncRNA	ENSMUSG00000119974.2	lncRNA	one-to-one	GENCODE.v47vsM4913
ENSG00000237943.8	lncRNA	ENSMUSG00000123066.1	lncRNA	one-to-one	GENCODE.v47vsM4914
ENSG00000257741.7	lncRNA	ENSMUSG00000102934.2	lncRNA	one-to-one	GENCODE.v47vsM4915
ENSG00000253695.3	lncRNA	ENSMUSG00000120039.2	lncRNA	one-to-many	GENCODE.v47vsM4916
ENSG00000288887.3	lncRNA	ENSMUSG00000121648.2	lncRNA	many-to-many	GENCODE.v47vsM4917
ENSG00000278743.3	lncRNA	ENSMUSG00000131871.1	lncRNA	one-to-one	GENCODE.v47vsM4918
ENSG00000286958.2	lncRNA	ENSMUSG00000086358.5	lncRNA	one-to-many	GENCODE.v47vsM4919
ENSG00000253395.2	lncRNA	ENSMUSG00000115333.3	lncRNA	one-to-many	GENCODE.v47vsM4920
ENSG00000186594.17	lncRNA	ENSMUSG00000120712.2	lncRNA	many-to-many	GENCODE.v47vsM4921
ENSG00000259130.3	lncRNA	ENSMUSG00000115272.3	lncRNA	many-to-many	GENCODE.v47vsM4922
ENSG00000225386.3	lncRNA	ENSMUSG00000097547.10	lncRNA	one-to-one	GENCODE.v47vsM4923
ENSG00000274833.1	lncRNA	ENSMUSG00000128630.1	lncRNA	one-to-one	GENCODE.v47vsM4924
ENSG00000237945.10	lncRNA	ENSMUSG00000138256.1	lncRNA	one-to-many	GENCODE.v47vsM4925
ENSG00000294841.1	lncRNA	ENSMUSG00000124471.1	lncRNA	one-to-one	GENCODE.v47vsM4926
ENSG00000295570.1	lncRNA	ENSMUSG00000097100.3	lncRNA	one-to-many	GENCODE.v47vsM4927
ENSG00000306877.1	lncRNA	ENSMUSG00000140392.1	lncRNA	one-to-many	GENCODE.v47vsM4928
ENSG00000299895.1	lncRNA	ENSMUSG00000131861.1	lncRNA	one-to-one	GENCODE.v47vsM4929
ENSG00000263571.4	lncRNA	ENSMUSG00000084996.3	lncRNA	one-to-many	GENCODE.v47vsM4930
ENSG00000246662.7	lncRNA	ENSMUSG00000132686.1	lncRNA	one-to-many	GENCODE.v47vsM4931
ENSG00000239219.3	lncRNA	ENSMUSG00000097786.5	lncRNA	many-to-many	GENCODE.v47vsM4932
ENSG00000299971.1	lncRNA	ENSMUSG00000116262.2	lncRNA	one-to-one	GENCODE.v47vsM4933
ENSG00000289112.3	lncRNA	ENSMUSG00000134433.1	lncRNA	one-to-one	GENCODE.v47vsM4934
ENSG00000234721.4	lncRNA	ENSMUSG00000129624.1	lncRNA	one-to-one	GENCODE.v47vsM4935
ENSG00000308336.1	lncRNA	ENSMUSG00000120740.2	lncRNA	one-to-one	GENCODE.v47vsM4936
ENSG00000236289.5	lncRNA	ENSMUSG00000139412.1	lncRNA	one-to-one	GENCODE.v47vsM4937
ENSG00000125804.15	lncRNA	ENSMUSG00000121377.2	lncRNA	many-to-many	GENCODE.v47vsM4938
ENSG00000285652.1	lncRNA	ENSMUSG00000090087.2	lncRNA	one-to-one	GENCODE.v47vsM4939
ENSG00000292375.1	lncRNA	ENSMUSG00000135617.1	lncRNA	many-to-many	GENCODE.v47vsM4940
ENSG00000230690.3	lncRNA	ENSMUSG00000103106.2	lncRNA	one-to-many	GENCODE.v47vsM4941
ENSG00000248607.2	lncRNA	ENSMUSG00000089781.4	lncRNA	one-to-many	GENCODE.v47vsM4942
ENSG00000253479.7	lncRNA	ENSMUSG00000101314.3	lncRNA	one-to-one	GENCODE.v47vsM4943
ENSG00000309926.1	lncRNA	ENSMUSG00000138498.1	lncRNA	one-to-one	GENCODE.v47vsM4944
ENSG00000257913.5	lncRNA	ENSMUSG00000097414.4	lncRNA	one-to-one	GENCODE.v47vsM4945
ENSG00000304151.1	lncRNA	ENSMUSG00000135279.1	lncRNA	one-to-one	GENCODE.v47vsM4946
ENSG00000288746.3	lncRNA	ENSMUSG00000121109.2	lncRNA	one-to-one	GENCODE.v47vsM4947
ENSG00000307139.1	lncRNA	ENSMUSG00000097365.9	lncRNA	one-to-one	GENCODE.v47vsM4948
ENSG00000294749.1	lncRNA	ENSMUSG00000133821.1	lncRNA	one-to-many	GENCODE.v47vsM4949
ENSG00000251003.10	lncRNA	ENSMUSG00000130716.1	lncRNA	one-to-one	GENCODE.v47vsM4950
ENSG00000285717.1	lncRNA	ENSMUSG00000114249.3	lncRNA	one-to-one	GENCODE.v47vsM4951
ENSG00000281376.1	lncRNA	ENSMUSG00000128466.1	lncRNA	one-to-one	GENCODE.v47vsM4952
ENSG00000295122.1	lncRNA	ENSMUSG00000135473.1	lncRNA	one-to-one	GENCODE.v47vsM4953
ENSG00000254027.2	lncRNA	ENSMUSG00000134640.1	lncRNA	one-to-one	GENCODE.v47vsM4954
ENSG00000251301.9	lncRNA	ENSMUSG00000102896.2	lncRNA	one-to-many	GENCODE.v47vsM4955
ENSG00000225676.3	lncRNA	ENSMUSG00000085512.3	lncRNA	one-to-one	GENCODE.v47vsM4956
ENSG00000285570.2	lncRNA	ENSMUSG00000134824.1	lncRNA	one-to-one	GENCODE.v47vsM4957
ENSG00000293751.1	lncRNA	ENSMUSG00000120443.2	lncRNA	one-to-many	GENCODE.v47vsM4958
ENSG00000272568.7	lncRNA	ENSMUSG00000142952.1	lncRNA	one-to-many	GENCODE.v47vsM4959
ENSG00000236991.7	lncRNA	ENSMUSG00000101546.3	lncRNA	one-to-many	GENCODE.v47vsM4960
ENSG00000298118.1	lncRNA	ENSMUSG00000139123.1	lncRNA	one-to-one	GENCODE.v47vsM4961
ENSG00000279315.1	lncRNA	ENSMUSG00000126989.1	lncRNA	one-to-one	GENCODE.v47vsM4962
ENSG00000301505.1	lncRNA	ENSMUSG00000120543.2	lncRNA	one-to-many	GENCODE.v47vsM4963
ENSG00000272459.2	lncRNA	ENSMUSG00000129595.1	lncRNA	one-to-one	GENCODE.v47vsM4964
ENSG00000237753.3	lncRNA	ENSMUSG00000103532.2	lncRNA	one-to-many	GENCODE.v47vsM4965
ENSG00000298300.1	lncRNA	ENSMUSG00000120825.2	lncRNA	one-to-one	GENCODE.v47vsM4966
ENSG00000259203.5	lncRNA	ENSMUSG00000093662.3	lncRNA	many-to-many	GENCODE.v47vsM4967
ENSG00000307937.1	lncRNA	ENSMUSG00000090105.4	lncRNA	one-to-one	GENCODE.v47vsM4968
ENSG00000228824.9	lncRNA	ENSMUSG00000120285.2	lncRNA	one-to-one	GENCODE.v47vsM4969
ENSG00000228400.3	lncRNA	ENSMUSG00000121618.2	lncRNA	one-to-many	GENCODE.v47vsM4970
ENSG00000289277.2	lncRNA	ENSMUSG00000086913.3	lncRNA	one-to-many	GENCODE.v47vsM4971
ENSG00000203930.15	lncRNA	ENSMUSG00000118604.2	lncRNA	many-to-many	GENCODE.v47vsM4972
ENSG00000308776.1	lncRNA	ENSMUSG00000130156.1	lncRNA	one-to-one	GENCODE.v47vsM4973
ENSG00000286256.3	lncRNA	ENSMUSG00000137965.1	lncRNA	one-to-half	GENCODE.v47vsM4974
ENSG00000309968.1	lncRNA	ENSMUSG00000109819.3	lncRNA	one-to-many	GENCODE.v47vsM4975
ENSG00000300531.1	lncRNA	ENSMUSG00000129698.1	lncRNA	one-to-one	GENCODE.v47vsM4976
ENSG00000236116.1	lncRNA	ENSMUSG00000143058.1	lncRNA	one-to-one	GENCODE.v47vsM4977
ENSG00000296577.1	lncRNA	ENSMUSG00000140357.1	lncRNA	one-to-many	GENCODE.v47vsM4978
ENSG00000275709.1	lncRNA	ENSMUSG00000085633.4	lncRNA	one-to-one	GENCODE.v47vsM4979
ENSG00000301033.1	lncRNA	ENSMUSG00000121818.2	lncRNA	many-to-many	GENCODE.v47vsM4980
ENSG00000272145.3	lncRNA	ENSMUSG00000136479.1	lncRNA	one-to-one	GENCODE.v47vsM4981
ENSG00000295180.1	lncRNA	ENSMUSG00000087459.9	lncRNA	one-to-one	GENCODE.v47vsM4982
ENSG00000300889.1	lncRNA	ENSMUSG00000111002.2	lncRNA	one-to-one	GENCODE.v47vsM4983
ENSG00000307257.1	lncRNA	ENSMUSG00000120508.2	lncRNA	one-to-many	GENCODE.v47vsM4984
ENSG00000231507.5	lncRNA	ENSMUSG00000130322.1	lncRNA	one-to-many	GENCODE.v47vsM4985
ENSG00000233101.11	lncRNA	ENSMUSG00000084844.6	lncRNA	many-to-many	GENCODE.v47vsM4986
ENSG00000294740.1	lncRNA	ENSMUSG00000141213.1	lncRNA	one-to-many	GENCODE.v47vsM4987
ENSG00000300425.1	lncRNA	ENSMUSG00000103158.7	lncRNA	one-to-one	GENCODE.v47vsM4988
ENSG00000280241.5	lncRNA	ENSMUSG00000097250.4	lncRNA	one-to-many	GENCODE.v47vsM4989
ENSG00000269956.3	lncRNA	ENSMUSG00000142088.1	lncRNA	many-to-many	GENCODE.v47vsM4990
ENSG00000309801.1	lncRNA	ENSMUSG00000135316.1	lncRNA	one-to-one	GENCODE.v47vsM4991
ENSG00000228705.5	lncRNA	ENSMUSG00000143428.1	lncRNA	one-to-half	GENCODE.v47vsM4992
ENSG00000304111.1	lncRNA	ENSMUSG00000121790.2	lncRNA	one-to-many	GENCODE.v47vsM4993
ENSG00000224276.1	lncRNA	ENSMUSG00000134415.1	lncRNA	one-to-one	GENCODE.v47vsM4994
ENSG00000245750.12	lncRNA	ENSMUSG00000123226.1	lncRNA	one-to-many	GENCODE.v47vsM4995
ENSG00000274270.2	lncRNA	ENSMUSG00000120127.2	lncRNA	many-to-many	GENCODE.v47vsM4996
ENSG00000237633.4	lncRNA	ENSMUSG00000114136.3	lncRNA	one-to-one	GENCODE.v47vsM4997
ENSG00000297705.1	lncRNA	ENSMUSG00000142528.1	lncRNA	one-to-one	GENCODE.v47vsM4998
ENSG00000301764.1	lncRNA	ENSMUSG00000143296.1	lncRNA	one-to-many	GENCODE.v47vsM4999
ENSG00000274536.10	lncRNA	ENSMUSG00000078122.7	lncRNA	many-to-many	GENCODE.v47vsM5000
ENSG00000230831.2	lncRNA	ENSMUSG00000133631.1	lncRNA	one-to-one	GENCODE.v47vsM5001
ENSG00000258338.1	lncRNA	ENSMUSG00000103775.2	lncRNA	one-to-one	GENCODE.v47vsM5002
ENSG00000235166.9	lncRNA	ENSMUSG00000128691.1	lncRNA	one-to-many	GENCODE.v47vsM5003
ENSG00000264672.7	lncRNA	ENSMUSG00000120117.2	lncRNA	one-to-many	GENCODE.v47vsM5004
ENSG00000251259.2	lncRNA	ENSMUSG00000105085.3	lncRNA	one-to-one	GENCODE.v47vsM5005
ENSG00000306717.1	lncRNA	ENSMUSG00000140539.1	lncRNA	one-to-one	GENCODE.v47vsM5006
ENSG00000307679.1	lncRNA	ENSMUSG00000134952.1	lncRNA	one-to-one	GENCODE.v47vsM5007
ENSG00000294270.1	lncRNA	ENSMUSG00000127207.1	lncRNA	one-to-one	GENCODE.v47vsM5008
ENSG00000205740.3	lncRNA	ENSMUSG00000123537.1	lncRNA	one-to-half	GENCODE.v47vsM5009
ENSG00000267462.1	lncRNA	ENSMUSG00000140562.1	lncRNA	one-to-many	GENCODE.v47vsM5010
ENSG00000228242.6	lncRNA	ENSMUSG00000134487.1	lncRNA	one-to-many	GENCODE.v47vsM5011
ENSG00000298262.1	lncRNA	ENSMUSG00000132214.1	lncRNA	one-to-one	GENCODE.v47vsM5012
ENSG00000299116.1	lncRNA	ENSMUSG00000131360.1	lncRNA	many-to-many	GENCODE.v47vsM5013
ENSG00000303149.1	lncRNA	ENSMUSG00000135115.1	lncRNA	one-to-one	GENCODE.v47vsM5014
ENSG00000235100.7	lncRNA	ENSMUSG00000136321.1	lncRNA	one-to-one	GENCODE.v47vsM5015
ENSG00000288831.3	lncRNA	ENSMUSG00000085067.5	lncRNA	one-to-one	GENCODE.v47vsM5016
ENSG00000307010.1	lncRNA	ENSMUSG00000110321.3	lncRNA	one-to-one	GENCODE.v47vsM5017
ENSG00000295359.1	lncRNA	ENSMUSG00000097785.5	lncRNA	one-to-one	GENCODE.v47vsM5018
ENSG00000234877.3	lncRNA	ENSMUSG00000101720.2	lncRNA	one-to-many	GENCODE.v47vsM5019
ENSG00000296971.1	lncRNA	ENSMUSG00000116551.3	lncRNA	one-to-one	GENCODE.v47vsM5020
ENSG00000300518.1	lncRNA	ENSMUSG00000123921.1	lncRNA	one-to-many	GENCODE.v47vsM5021
ENSG00000302963.1	lncRNA	ENSMUSG00000120867.2	lncRNA	one-to-many	GENCODE.v47vsM5022
ENSG00000242791.3	lncRNA	ENSMUSG00000141588.1	lncRNA	one-to-one	GENCODE.v47vsM5023
ENSG00000309211.1	lncRNA	ENSMUSG00000120397.2	lncRNA	one-to-many	GENCODE.v47vsM5024
ENSG00000272478.1	lncRNA	ENSMUSG00000048603.11	lncRNA	one-to-many	GENCODE.v47vsM5025
ENSG00000302977.1	lncRNA	ENSMUSG00000087231.10	lncRNA	one-to-many	GENCODE.v47vsM5026
ENSG00000269400.1	lncRNA	ENSMUSG00000126953.1	lncRNA	one-to-many	GENCODE.v47vsM5027
ENSG00000238198.3	lncRNA	ENSMUSG00000132279.1	lncRNA	one-to-one	GENCODE.v47vsM5028
ENSG00000228350.2	lncRNA	ENSMUSG00000103785.4	lncRNA	one-to-one	GENCODE.v47vsM5029
ENSG00000256116.2	lncRNA	ENSMUSG00000138771.1	lncRNA	one-to-one	GENCODE.v47vsM5030
ENSG00000232832.2	lncRNA	ENSMUSG00000121336.2	lncRNA	many-to-many	GENCODE.v47vsM5031
ENSG00000309763.1	lncRNA	ENSMUSG00000099207.9	lncRNA	one-to-one	GENCODE.v47vsM5032
ENSG00000224511.3	lncRNA	ENSMUSG00000136245.1	lncRNA	one-to-one	GENCODE.v47vsM5033
ENSG00000286641.2	lncRNA	ENSMUSG00000128434.1	lncRNA	one-to-one	GENCODE.v47vsM5034
ENSG00000308142.1	lncRNA	ENSMUSG00000133387.1	lncRNA	one-to-one	GENCODE.v47vsM5035
ENSG00000250988.9	lncRNA	ENSMUSG00000097277.10	lncRNA	many-to-many	GENCODE.v47vsM5036
ENSG00000230658.3	lncRNA	ENSMUSG00000129097.1	lncRNA	one-to-one	GENCODE.v47vsM5037
ENSG00000307788.1	lncRNA	ENSMUSG00000126817.1	lncRNA	one-to-many	GENCODE.v47vsM5038
ENSG00000270175.2	lncRNA	ENSMUSG00000121046.1	lncRNA	one-to-one	GENCODE.v47vsM5039
ENSG00000246100.6	lncRNA	ENSMUSG00000139749.1	lncRNA	one-to-one	GENCODE.v47vsM5040
ENSG00000290835.2	lncRNA	ENSMUSG00000104633.2	lncRNA	many-to-many	GENCODE.v47vsM5041
ENSG00000259235.3	lncRNA	ENSMUSG00000087056.3	lncRNA	one-to-many	GENCODE.v47vsM5042
ENSG00000287131.2	lncRNA	ENSMUSG00000097548.3	lncRNA	one-to-one	GENCODE.v47vsM5043
ENSG00000261423.4	lncRNA	ENSMUSG00000120172.2	lncRNA	one-to-one	GENCODE.v47vsM5044
ENSG00000286992.4	lncRNA	ENSMUSG00000111829.2	lncRNA	one-to-one	GENCODE.v47vsM5045
ENSG00000299620.1	lncRNA	ENSMUSG00000129344.1	lncRNA	many-to-many	GENCODE.v47vsM5046
ENSG00000294230.1	lncRNA	ENSMUSG00000101801.8	lncRNA	one-to-one	GENCODE.v47vsM5047
ENSG00000257817.3	lncRNA	ENSMUSG00000087516.10	lncRNA	many-to-many	GENCODE.v47vsM5048
ENSG00000289844.2	lncRNA	ENSMUSG00000120232.2	lncRNA	one-to-one	GENCODE.v47vsM5049
ENSG00000293154.2	lncRNA	ENSMUSG00000134706.1	lncRNA	many-to-many	GENCODE.v47vsM5050
ENSG00000281473.1	lncRNA	ENSMUSG00000102458.2	lncRNA	many-to-many	GENCODE.v47vsM5051
ENSG00000237292.2	lncRNA	ENSMUSG00000096950.4	lncRNA	one-to-many	GENCODE.v47vsM5052
ENSG00000239569.6	lncRNA	ENSMUSG00000119996.2	lncRNA	one-to-many	GENCODE.v47vsM5053
ENSG00000274015.4	lncRNA	ENSMUSG00000120709.2	lncRNA	one-to-one	GENCODE.v47vsM5054
ENSG00000228526.9	lncRNA	ENSMUSG00000102813.2	lncRNA	many-to-many	GENCODE.v47vsM5055
ENSG00000290106.2	lncRNA	ENSMUSG00000131921.1	lncRNA	one-to-one	GENCODE.v47vsM5056
ENSG00000249700.10	lncRNA	ENSMUSG00000137209.1	lncRNA	one-to-one	GENCODE.v47vsM5057
ENSG00000238018.2	lncRNA	ENSMUSG00000101872.2	lncRNA	one-to-one	GENCODE.v47vsM5058
ENSG00000303516.1	lncRNA	ENSMUSG00000127239.1	lncRNA	one-to-one	GENCODE.v47vsM5059
ENSG00000233208.7	lncRNA	ENSMUSG00000113679.3	lncRNA	one-to-one	GENCODE.v47vsM5060
ENSG00000309767.1	lncRNA	ENSMUSG00000124097.1	lncRNA	one-to-one	GENCODE.v47vsM5061
ENSG00000297692.1	lncRNA	ENSMUSG00000128294.1	lncRNA	one-to-many	GENCODE.v47vsM5062
ENSG00000236076.2	lncRNA	ENSMUSG00000136769.1	lncRNA	one-to-half	GENCODE.v47vsM5063
ENSG00000228414.9	lncRNA	ENSMUSG00000127870.1	lncRNA	one-to-one	GENCODE.v47vsM5064
ENSG00000285667.2	lncRNA	ENSMUSG00000109008.4	lncRNA	one-to-one	GENCODE.v47vsM5065
ENSG00000225721.5	lncRNA	ENSMUSG00000104667.3	lncRNA	one-to-many	GENCODE.v47vsM5066
ENSG00000307812.1	lncRNA	ENSMUSG00000128747.1	lncRNA	one-to-one	GENCODE.v47vsM5067
ENSG00000291203.2	lncRNA	ENSMUSG00000097852.8	lncRNA	many-to-many	GENCODE.v47vsM5068
ENSG00000290768.2	lncRNA	ENSMUSG00000142830.1	lncRNA	many-to-many	GENCODE.v47vsM5069
ENSG00000238290.2	lncRNA	ENSMUSG00000078492.5	lncRNA	one-to-many	GENCODE.v47vsM5070
ENSG00000309792.1	lncRNA	ENSMUSG00000131242.1	lncRNA	one-to-one	GENCODE.v47vsM5071
ENSG00000227373.7	lncRNA	ENSMUSG00000102852.3	lncRNA	one-to-one	GENCODE.v47vsM5072
ENSG00000296649.1	lncRNA	ENSMUSG00000121419.2	lncRNA	many-to-many	GENCODE.v47vsM5073
ENSG00000289020.2	lncRNA	ENSMUSG00000128272.1	lncRNA	one-to-one	GENCODE.v47vsM5074
ENSG00000231010.1	lncRNA	ENSMUSG00000127157.1	lncRNA	one-to-one	GENCODE.v47vsM5075
ENSG00000237605.4	lncRNA	ENSMUSG00000126091.1	lncRNA	one-to-one	GENCODE.v47vsM5076
ENSG00000224853.4	lncRNA	ENSMUSG00000103188.2	lncRNA	one-to-one	GENCODE.v47vsM5077
ENSG00000295912.1	lncRNA	ENSMUSG00000121685.1	lncRNA	one-to-one	GENCODE.v47vsM5078
ENSG00000299876.1	lncRNA	ENSMUSG00000090427.3	lncRNA	one-to-one	GENCODE.v47vsM5079
ENSG00000295165.1	lncRNA	ENSMUSG00000137318.1	lncRNA	one-to-one	GENCODE.v47vsM5080
ENSG00000253308.3	lncRNA	ENSMUSG00000086126.3	lncRNA	one-to-many	GENCODE.v47vsM5081
ENSG00000297208.1	lncRNA	ENSMUSG00000138306.1	lncRNA	one-to-one	GENCODE.v47vsM5082
ENSG00000266313.3	lncRNA	ENSMUSG00000140796.1	lncRNA	one-to-one	GENCODE.v47vsM5083
ENSG00000258038.7	lncRNA	ENSMUSG00000104861.3	lncRNA	many-to-many	GENCODE.v47vsM5084
ENSG00000235056.1	lncRNA	ENSMUSG00000140703.1	lncRNA	one-to-many	GENCODE.v47vsM5085
ENSG00000306101.1	lncRNA	ENSMUSG00000120939.1	lncRNA	one-to-many	GENCODE.v47vsM5086
ENSG00000233086.9	lncRNA	ENSMUSG00000120068.2	lncRNA	one-to-many	GENCODE.v47vsM5087
ENSG00000265096.4	lncRNA	ENSMUSG00000135419.1	lncRNA	one-to-one	GENCODE.v47vsM5088
ENSG00000247271.10	lncRNA	ENSMUSG00000120671.2	lncRNA	one-to-many	GENCODE.v47vsM5089
ENSG00000301336.1	lncRNA	ENSMUSG00000110148.4	lncRNA	one-to-one	GENCODE.v47vsM5090
ENSG00000254854.2	lncRNA	ENSMUSG00000111129.2	lncRNA	one-to-many	GENCODE.v47vsM5091
ENSG00000308341.1	lncRNA	ENSMUSG00000106515.7	lncRNA	one-to-many	GENCODE.v47vsM5092
ENSG00000296527.1	lncRNA	ENSMUSG00000140606.1	lncRNA	one-to-many	GENCODE.v47vsM5093
ENSG00000237125.14	lncRNA	ENSMUSG00000100510.10	lncRNA	many-to-many	GENCODE.v47vsM5094
ENSG00000253315.2	lncRNA	ENSMUSG00000139692.1	lncRNA	many-to-many	GENCODE.v47vsM5095
ENSG00000300215.1	lncRNA	ENSMUSG00000128414.1	lncRNA	one-to-one	GENCODE.v47vsM5096
ENSG00000226990.2	lncRNA	ENSMUSG00000079603.5	lncRNA	one-to-one	GENCODE.v47vsM5097
ENSG00000255521.4	lncRNA	ENSMUSG00000121264.2	lncRNA	one-to-one	GENCODE.v47vsM5098
ENSG00000281398.4	lncRNA	ENSMUSG00000117869.2	lncRNA	many-to-many	GENCODE.v47vsM5099
ENSG00000176124.16	lncRNA	ENSMUSG00000122016.1	lncRNA	many-to-many	GENCODE.v47vsM5100
ENSG00000261441.2	lncRNA	ENSMUSG00000108599.2	lncRNA	one-to-one	GENCODE.v47vsM5101
ENSG00000232998.4	lncRNA	ENSMUSG00000124951.1	lncRNA	one-to-one	GENCODE.v47vsM5102
ENSG00000274767.2	lncRNA	ENSMUSG00000120024.2	lncRNA	many-to-many	GENCODE.v47vsM5103
ENSG00000287555.1	lncRNA	ENSMUSG00000139065.1	lncRNA	one-to-one	GENCODE.v47vsM5104
ENSG00000307007.1	lncRNA	ENSMUSG00000109455.2	lncRNA	many-to-many	GENCODE.v47vsM5105
ENSG00000305765.1	lncRNA	ENSMUSG00000134467.1	lncRNA	one-to-many	GENCODE.v47vsM5106
ENSG00000269956.3	lncRNA	ENSMUSG00000100081.2	lncRNA	many-to-many	GENCODE.v47vsM5107
ENSG00000288691.2	lncRNA	ENSMUSG00000105816.6	lncRNA	one-to-many	GENCODE.v47vsM5108
ENSG00000305474.1	lncRNA	ENSMUSG00000141515.1	lncRNA	one-to-one	GENCODE.v47vsM5109
ENSG00000226985.8	lncRNA	ENSMUSG00000135079.1	lncRNA	many-to-many	GENCODE.v47vsM5110
ENSG00000229943.1	lncRNA	ENSMUSG00000134450.1	lncRNA	one-to-one	GENCODE.v47vsM5111
ENSG00000294765.1	lncRNA	ENSMUSG00000097654.3	lncRNA	one-to-one	GENCODE.v47vsM5112
ENSG00000300281.1	lncRNA	ENSMUSG00000120598.2	lncRNA	one-to-one	GENCODE.v47vsM5113
ENSG00000249494.7	lncRNA	ENSMUSG00000100134.3	lncRNA	one-to-one	GENCODE.v47vsM5114
ENSG00000301789.1	lncRNA	ENSMUSG00000107143.3	lncRNA	one-to-half	GENCODE.v47vsM5115
ENSG00000204283.5	lncRNA	ENSMUSG00000123382.1	lncRNA	one-to-one	GENCODE.v47vsM5116
ENSG00000235512.1	lncRNA	ENSMUSG00000143944.1	lncRNA	one-to-one	GENCODE.v47vsM5117
ENSG00000273002.2	lncRNA	ENSMUSG00000093390.2	lncRNA	one-to-one	GENCODE.v47vsM5118
ENSG00000299929.1	lncRNA	ENSMUSG00000136685.1	lncRNA	one-to-one	GENCODE.v47vsM5119
ENSG00000288736.3	lncRNA	ENSMUSG00000105767.3	lncRNA	one-to-many	GENCODE.v47vsM5120
ENSG00000205334.5	lncRNA	ENSMUSG00000107355.4	lncRNA	one-to-one	GENCODE.v47vsM5121
ENSG00000303622.1	lncRNA	ENSMUSG00000124891.1	lncRNA	one-to-one	GENCODE.v47vsM5122
ENSG00000255362.2	lncRNA	ENSMUSG00000126754.1	lncRNA	one-to-one	GENCODE.v47vsM5123
ENSG00000300335.1	lncRNA	ENSMUSG00000143537.1	lncRNA	one-to-many	GENCODE.v47vsM5124
ENSG00000233919.2	lncRNA	ENSMUSG00000086365.4	lncRNA	one-to-one	GENCODE.v47vsM5125
ENSG00000215483.13	lncRNA	ENSMUSG00000126353.1	lncRNA	many-to-many	GENCODE.v47vsM5126
ENSG00000228395.4	lncRNA	ENSMUSG00000101483.4	lncRNA	many-to-many	GENCODE.v47vsM5127
ENSG00000227640.5	lncRNA	ENSMUSG00000090534.3	lncRNA	one-to-one	GENCODE.v47vsM5128
ENSG00000289386.3	lncRNA	ENSMUSG00000097043.3	lncRNA	one-to-many	GENCODE.v47vsM5129
ENSG00000267223.2	lncRNA	ENSMUSG00000137155.1	lncRNA	one-to-one	GENCODE.v47vsM5130
ENSG00000272562.3	lncRNA	ENSMUSG00000073485.5	lncRNA	one-to-one	GENCODE.v47vsM5131
ENSG00000255267.5	lncRNA	ENSMUSG00000086980.3	lncRNA	one-to-one	GENCODE.v47vsM5132
ENSG00000261359.3	lncRNA	ENSMUSG00000108353.2	lncRNA	one-to-half	GENCODE.v47vsM5133
ENSG00000243926.4	lncRNA	ENSMUSG00000138619.1	lncRNA	many-to-many	GENCODE.v47vsM5134
ENSG00000250195.2	lncRNA	ENSMUSG00000102067.3	lncRNA	one-to-one	GENCODE.v47vsM5135
ENSG00000231933.8	lncRNA	ENSMUSG00000098230.9	lncRNA	one-to-one	GENCODE.v47vsM5136
ENSG00000297079.1	lncRNA	ENSMUSG00000085763.3	lncRNA	many-to-many	GENCODE.v47vsM5137
ENSG00000293193.2	lncRNA	ENSMUSG00000140766.1	lncRNA	many-to-many	GENCODE.v47vsM5138
ENSG00000305286.1	lncRNA	ENSMUSG00000142916.1	lncRNA	one-to-many	GENCODE.v47vsM5139
ENSG00000302921.1	lncRNA	ENSMUSG00000141512.1	lncRNA	one-to-one	GENCODE.v47vsM5140
ENSG00000257523.4	lncRNA	ENSMUSG00000100844.3	lncRNA	one-to-many	GENCODE.v47vsM5141
ENSG00000291046.2	lncRNA	ENSMUSG00000114387.2	lncRNA	many-to-many	GENCODE.v47vsM5142
ENSG00000250432.6	lncRNA	ENSMUSG00000101356.4	lncRNA	one-to-many	GENCODE.v47vsM5143
ENSG00000300420.1	lncRNA	ENSMUSG00000140252.1	lncRNA	one-to-one	GENCODE.v47vsM5144
ENSG00000255545.9	lncRNA	ENSMUSG00000110901.3	lncRNA	one-to-one	GENCODE.v47vsM5145
ENSG00000250786.5	lncRNA	ENSMUSG00000096956.5	lncRNA	many-to-many	GENCODE.v47vsM5146
ENSG00000310235.1	lncRNA	ENSMUSG00000126844.1	lncRNA	many-to-many	GENCODE.v47vsM5147
ENSG00000224713.5	lncRNA	ENSMUSG00000120324.2	lncRNA	one-to-one	GENCODE.v47vsM5148
ENSG00000254041.1	lncRNA	ENSMUSG00000139549.1	lncRNA	one-to-one	GENCODE.v47vsM5149
ENSG00000287213.1	lncRNA	ENSMUSG00000137692.1	lncRNA	one-to-one	GENCODE.v47vsM5150
ENSG00000296690.1	lncRNA	ENSMUSG00000085860.4	lncRNA	one-to-one	GENCODE.v47vsM5151
ENSG00000242790.1	lncRNA	ENSMUSG00000102883.2	lncRNA	one-to-one	GENCODE.v47vsM5152
ENSG00000233220.4	lncRNA	ENSMUSG00000111246.2	lncRNA	one-to-one	GENCODE.v47vsM5153
ENSG00000271614.2	lncRNA	ENSMUSG00000123628.1	lncRNA	one-to-many	GENCODE.v47vsM5154
ENSG00000232453.8	lncRNA	ENSMUSG00000130059.1	lncRNA	one-to-many	GENCODE.v47vsM5155
ENSG00000295587.1	lncRNA	ENSMUSG00000126207.1	lncRNA	one-to-one	GENCODE.v47vsM5156
ENSG00000307694.1	lncRNA	ENSMUSG00000086481.4	lncRNA	one-to-many	GENCODE.v47vsM5157
ENSG00000304935.1	lncRNA	ENSMUSG00000117719.2	lncRNA	one-to-one	GENCODE.v47vsM5158
ENSG00000287061.1	lncRNA	ENSMUSG00000134769.1	lncRNA	one-to-one	GENCODE.v47vsM5159
ENSG00000300338.1	lncRNA	ENSMUSG00000130958.1	lncRNA	one-to-one	GENCODE.v47vsM5160
ENSG00000270069.5	lncRNA	ENSMUSG00000097497.4	lncRNA	many-to-many	GENCODE.v47vsM5161
ENSG00000299113.1	lncRNA	ENSMUSG00000097183.5	lncRNA	one-to-many	GENCODE.v47vsM5162
ENSG00000287207.2	lncRNA	ENSMUSG00000086324.11	lncRNA	one-to-one	GENCODE.v47vsM5163
ENSG00000297567.1	lncRNA	ENSMUSG00000134510.1	lncRNA	one-to-many	GENCODE.v47vsM5164
ENSG00000296677.1	lncRNA	ENSMUSG00000122330.1	lncRNA	one-to-many	GENCODE.v47vsM5165
ENSG00000293497.2	lncRNA	ENSMUSG00000142170.1	lncRNA	many-to-many	GENCODE.v47vsM5166
ENSG00000273117.2	lncRNA	ENSMUSG00000097673.4	lncRNA	one-to-many	GENCODE.v47vsM5167
ENSG00000301272.1	lncRNA	ENSMUSG00000085912.4	lncRNA	one-to-one	GENCODE.v47vsM5168
ENSG00000251209.12	lncRNA	ENSMUSG00000109524.4	lncRNA	one-to-many	GENCODE.v47vsM5169
ENSG00000290049.2	lncRNA	ENSMUSG00000130586.1	lncRNA	one-to-one	GENCODE.v47vsM5170
ENSG00000233891.9	lncRNA	ENSMUSG00000033015.19	lncRNA	many-to-many	GENCODE.v47vsM5171
ENSG00000306126.1	lncRNA	ENSMUSG00000134059.1	lncRNA	one-to-one	GENCODE.v47vsM5172
ENSG00000204706.15	lncRNA	ENSMUSG00000117837.3	lncRNA	one-to-many	GENCODE.v47vsM5173
ENSG00000263884.3	lncRNA	ENSMUSG00000125835.1	lncRNA	one-to-one	GENCODE.v47vsM5174
ENSG00000297361.1	lncRNA	ENSMUSG00000131360.1	lncRNA	many-to-many	GENCODE.v47vsM5175
ENSG00000301261.1	lncRNA	ENSMUSG00000087405.3	lncRNA	one-to-one	GENCODE.v47vsM5176
ENSG00000304148.1	lncRNA	ENSMUSG00000107132.3	lncRNA	one-to-many	GENCODE.v47vsM5177
ENSG00000229941.7	lncRNA	ENSMUSG00000129517.1	lncRNA	one-to-one	GENCODE.v47vsM5178
ENSG00000231324.2	lncRNA	ENSMUSG00000137399.1	lncRNA	one-to-one	GENCODE.v47vsM5179
ENSG00000236295.1	lncRNA	ENSMUSG00000133121.1	lncRNA	one-to-one	GENCODE.v47vsM5180
ENSG00000287967.1	lncRNA	ENSMUSG00000138116.1	lncRNA	one-to-one	GENCODE.v47vsM5181
ENSG00000296566.1	lncRNA	ENSMUSG00000087440.3	lncRNA	one-to-one	GENCODE.v47vsM5182
ENSG00000301531.1	lncRNA	ENSMUSG00000115858.3	lncRNA	one-to-half	GENCODE.v47vsM5183
ENSG00000309333.1	lncRNA	ENSMUSG00000138495.1	lncRNA	one-to-one	GENCODE.v47vsM5184
ENSG00000299324.1	lncRNA	ENSMUSG00000059027.17	lncRNA	one-to-one	GENCODE.v47vsM5185
ENSG00000248724.7	lncRNA	ENSMUSG00000099722.5	lncRNA	one-to-many	GENCODE.v47vsM5186
ENSG00000301758.1	lncRNA	ENSMUSG00000087452.4	lncRNA	one-to-many	GENCODE.v47vsM5187
ENSG00000289244.3	lncRNA	ENSMUSG00000084915.4	lncRNA	one-to-many	GENCODE.v47vsM5188
ENSG00000267252.7	lncRNA	ENSMUSG00000126274.1	lncRNA	one-to-one	GENCODE.v47vsM5189
ENSG00000294297.1	lncRNA	ENSMUSG00000087343.3	lncRNA	one-to-one	GENCODE.v47vsM5190
ENSG00000308808.1	lncRNA	ENSMUSG00000097974.4	lncRNA	one-to-many	GENCODE.v47vsM5191
ENSG00000298522.1	lncRNA	ENSMUSG00000085920.3	lncRNA	one-to-one	GENCODE.v47vsM5192
ENSG00000249252.6	lncRNA	ENSMUSG00000085720.10	lncRNA	one-to-many	GENCODE.v47vsM5193
ENSG00000288752.3	lncRNA	ENSMUSG00000143926.1	lncRNA	one-to-many	GENCODE.v47vsM5194
ENSG00000254532.3	lncRNA	ENSMUSG00000130255.1	lncRNA	one-to-one	GENCODE.v47vsM5195
ENSG00000295771.1	lncRNA	ENSMUSG00000128004.1	lncRNA	one-to-one	GENCODE.v47vsM5196
ENSG00000310168.1	lncRNA	ENSMUSG00000122935.1	lncRNA	one-to-many	GENCODE.v47vsM5197
ENSG00000205853.13	lncRNA	ENSMUSG00000050702.8	lncRNA	one-to-many	GENCODE.v47vsM5198
ENSG00000286459.1	lncRNA	ENSMUSG00000118263.4	lncRNA	one-to-one	GENCODE.v47vsM5199
ENSG00000297023.1	lncRNA	ENSMUSG00000129967.1	lncRNA	one-to-one	GENCODE.v47vsM5200
ENSG00000254226.7	lncRNA	ENSMUSG00000086020.3	lncRNA	one-to-one	GENCODE.v47vsM5201
ENSG00000298386.1	lncRNA	ENSMUSG00000127859.1	lncRNA	one-to-one	GENCODE.v47vsM5202
ENSG00000235257.12	lncRNA	ENSMUSG00000121689.2	lncRNA	many-to-many	GENCODE.v47vsM5203
ENSG00000259285.1	lncRNA	ENSMUSG00000124588.1	lncRNA	one-to-one	GENCODE.v47vsM5204
ENSG00000230623.9	lncRNA	ENSMUSG00000134744.1	lncRNA	many-to-many	GENCODE.v47vsM5205
ENSG00000307189.1	lncRNA	ENSMUSG00000124946.1	lncRNA	one-to-many	GENCODE.v47vsM5206
ENSG00000294473.1	lncRNA	ENSMUSG00000118120.3	lncRNA	one-to-half	GENCODE.v47vsM5207
ENSG00000239922.3	lncRNA	ENSMUSG00000099512.3	lncRNA	one-to-many	GENCODE.v47vsM5208
ENSG00000306672.1	lncRNA	ENSMUSG00000122074.1	lncRNA	many-to-many	GENCODE.v47vsM5209
ENSG00000302576.1	lncRNA	ENSMUSG00000029044.11	lncRNA	one-to-one	GENCODE.v47vsM5210
ENSG00000233086.9	lncRNA	ENSMUSG00000103488.2	lncRNA	one-to-many	GENCODE.v47vsM5211
ENSG00000255197.8	lncRNA	ENSMUSG00000120441.2	lncRNA	many-to-many	GENCODE.v47vsM5212
ENSG00000228630.8	lncRNA	ENSMUSG00000086903.7	lncRNA	one-to-many	GENCODE.v47vsM5213
ENSG00000287878.2	lncRNA	ENSMUSG00000138625.1	lncRNA	one-to-many	GENCODE.v47vsM5214
ENSG00000258422.7	lncRNA	ENSMUSG00000091947.4	lncRNA	many-to-many	GENCODE.v47vsM5215
ENSG00000276406.1	lncRNA	ENSMUSG00000129083.1	lncRNA	one-to-one	GENCODE.v47vsM5216
ENSG00000251680.7	lncRNA	ENSMUSG00000124253.1	lncRNA	one-to-many	GENCODE.v47vsM5217
ENSG00000291212.2	lncRNA	ENSMUSG00000136535.1	lncRNA	many-to-many	GENCODE.v47vsM5218
ENSG00000271533.1	lncRNA	ENSMUSG00000086370.12	lncRNA	one-to-many	GENCODE.v47vsM5219
ENSG00000302261.1	lncRNA	ENSMUSG00000087377.4	lncRNA	one-to-one	GENCODE.v47vsM5220
ENSG00000301043.1	lncRNA	ENSMUSG00000132734.1	lncRNA	one-to-one	GENCODE.v47vsM5221
ENSG00000270177.2	lncRNA	ENSMUSG00000120196.2	lncRNA	one-to-many	GENCODE.v47vsM5222
ENSG00000299282.1	lncRNA	ENSMUSG00000097280.3	lncRNA	one-to-many	GENCODE.v47vsM5223
ENSG00000298027.1	lncRNA	ENSMUSG00000144094.1	lncRNA	one-to-half	GENCODE.v47vsM5224
ENSG00000258096.2	lncRNA	ENSMUSG00000130301.1	lncRNA	one-to-many	GENCODE.v47vsM5225
ENSG00000297816.1	lncRNA	ENSMUSG00000133336.1	lncRNA	one-to-one	GENCODE.v47vsM5226
ENSG00000289589.3	lncRNA	ENSMUSG00000122848.1	lncRNA	one-to-one	GENCODE.v47vsM5227
ENSG00000272323.2	lncRNA	ENSMUSG00000133669.1	lncRNA	one-to-one	GENCODE.v47vsM5228
ENSG00000267073.2	lncRNA	ENSMUSG00000124563.1	lncRNA	one-to-one	GENCODE.v47vsM5229
ENSG00000293008.1	lncRNA	ENSMUSG00000123637.1	lncRNA	many-to-many	GENCODE.v47vsM5230
ENSG00000203711.17	lncRNA	ENSMUSG00000123281.1	lncRNA	one-to-half	GENCODE.v47vsM5231
ENSG00000305820.1	lncRNA	ENSMUSG00000130143.1	lncRNA	many-to-many	GENCODE.v47vsM5232
ENSG00000303405.1	lncRNA	ENSMUSG00000067577.11	lncRNA	one-to-one	GENCODE.v47vsM5233
ENSG00000236423.9	lncRNA	ENSMUSG00000086272.4	lncRNA	one-to-many	GENCODE.v47vsM5234
ENSG00000203876.11	lncRNA	ENSMUSG00000133604.1	lncRNA	one-to-one	GENCODE.v47vsM5235
ENSG00000290718.2	lncRNA	ENSMUSG00000121336.2	lncRNA	many-to-many	GENCODE.v47vsM5236
ENSG00000271888.1	lncRNA	ENSMUSG00000127572.1	lncRNA	one-to-one	GENCODE.v47vsM5237
ENSG00000294377.1	lncRNA	ENSMUSG00000120725.2	lncRNA	one-to-one	GENCODE.v47vsM5238
ENSG00000271848.3	lncRNA	ENSMUSG00000130066.1	lncRNA	one-to-one	GENCODE.v47vsM5239
ENSG00000305208.1	lncRNA	ENSMUSG00000135358.1	lncRNA	one-to-one	GENCODE.v47vsM5240
ENSG00000228541.4	lncRNA	ENSMUSG00000125145.1	lncRNA	many-to-many	GENCODE.v47vsM5241
ENSG00000309205.1	lncRNA	ENSMUSG00000134742.1	lncRNA	many-to-many	GENCODE.v47vsM5242
ENSG00000178722.17	lncRNA	ENSMUSG00000127553.1	lncRNA	one-to-many	GENCODE.v47vsM5243
ENSG00000257060.10	lncRNA	ENSMUSG00000101843.2	lncRNA	one-to-many	GENCODE.v47vsM5244
ENSG00000267582.1	lncRNA	ENSMUSG00000120710.2	lncRNA	one-to-one	GENCODE.v47vsM5245
ENSG00000262732.2	lncRNA	ENSMUSG00000133642.1	lncRNA	one-to-one	GENCODE.v47vsM5246
ENSG00000203605.3	lncRNA	ENSMUSG00000103575.2	lncRNA	one-to-one	GENCODE.v47vsM5247
ENSG00000298823.1	lncRNA	ENSMUSG00000135961.1	lncRNA	one-to-one	GENCODE.v47vsM5248
ENSG00000294762.1	lncRNA	ENSMUSG00000143950.1	lncRNA	one-to-one	GENCODE.v47vsM5249
ENSG00000204934.11	lncRNA	ENSMUSG00000097716.3	lncRNA	many-to-many	GENCODE.v47vsM5250
ENSG00000260277.3	lncRNA	ENSMUSG00000108830.2	lncRNA	one-to-many	GENCODE.v47vsM5251
ENSG00000259345.8	lncRNA	ENSMUSG00000126309.1	lncRNA	many-to-many	GENCODE.v47vsM5252
ENSG00000306886.1	lncRNA	ENSMUSG00000131849.1	lncRNA	one-to-one	GENCODE.v47vsM5253
ENSG00000259362.2	lncRNA	ENSMUSG00000110821.2	lncRNA	one-to-one	GENCODE.v47vsM5254
ENSG00000310240.1	lncRNA	ENSMUSG00000120897.2	lncRNA	one-to-one	GENCODE.v47vsM5255
ENSG00000283914.2	lncRNA	ENSMUSG00000085434.3	lncRNA	one-to-many	GENCODE.v47vsM5256
ENSG00000297636.1	lncRNA	ENSMUSG00000109119.2	lncRNA	one-to-one	GENCODE.v47vsM5257
ENSG00000265359.2	lncRNA	ENSMUSG00000084890.4	lncRNA	one-to-one	GENCODE.v47vsM5258
ENSG00000303636.1	lncRNA	ENSMUSG00000143331.1	lncRNA	one-to-one	GENCODE.v47vsM5259
ENSG00000300979.1	lncRNA	ENSMUSG00000141021.1	lncRNA	one-to-one	GENCODE.v47vsM5260
ENSG00000299506.1	lncRNA	ENSMUSG00000133281.1	lncRNA	one-to-one	GENCODE.v47vsM5261
ENSG00000261227.3	lncRNA	ENSMUSG00000109868.4	lncRNA	one-to-one	GENCODE.v47vsM5262
ENSG00000293016.1	lncRNA	ENSMUSG00000134480.1	lncRNA	many-to-many	GENCODE.v47vsM5263
ENSG00000231754.4	lncRNA	ENSMUSG00000086363.10	lncRNA	one-to-many	GENCODE.v47vsM5264
ENSG00000303484.1	lncRNA	ENSMUSG00000120147.2	lncRNA	one-to-one	GENCODE.v47vsM5265
ENSG00000302215.1	lncRNA	ENSMUSG00000114752.2	lncRNA	one-to-one	GENCODE.v47vsM5266
ENSG00000288035.2	lncRNA	ENSMUSG00000123178.1	lncRNA	one-to-one	GENCODE.v47vsM5267
ENSG00000286383.3	lncRNA	ENSMUSG00000132769.1	lncRNA	one-to-one	GENCODE.v47vsM5268
ENSG00000223548.2	lncRNA	ENSMUSG00000124686.1	lncRNA	one-to-one	GENCODE.v47vsM5269
ENSG00000258982.2	lncRNA	ENSMUSG00000139479.1	lncRNA	one-to-many	GENCODE.v47vsM5270
ENSG00000203601.4	lncRNA	ENSMUSG00000097281.4	lncRNA	many-to-many	GENCODE.v47vsM5271
ENSG00000245526.14	lncRNA	ENSMUSG00000050334.15	lncRNA	many-to-many	GENCODE.v47vsM5272
ENSG00000287700.3	lncRNA	ENSMUSG00000136941.1	lncRNA	one-to-one	GENCODE.v47vsM5273
ENSG00000235519.4	lncRNA	ENSMUSG00000128549.1	lncRNA	one-to-many	GENCODE.v47vsM5274
ENSG00000306335.1	lncRNA	ENSMUSG00000120493.2	lncRNA	one-to-one	GENCODE.v47vsM5275
ENSG00000287098.1	lncRNA	ENSMUSG00000085438.4	lncRNA	one-to-many	GENCODE.v47vsM5276
ENSG00000293655.1	lncRNA	ENSMUSG00000086537.10	lncRNA	many-to-many	GENCODE.v47vsM5277
ENSG00000226808.4	lncRNA	ENSMUSG00000099869.8	lncRNA	one-to-many	GENCODE.v47vsM5278
ENSG00000223883.3	lncRNA	ENSMUSG00000131234.1	lncRNA	one-to-one	GENCODE.v47vsM5279
ENSG00000253926.2	lncRNA	ENSMUSG00000134252.1	lncRNA	one-to-one	GENCODE.v47vsM5280
ENSG00000289921.2	lncRNA	ENSMUSG00000086741.3	lncRNA	one-to-many	GENCODE.v47vsM5281
ENSG00000223695.2	lncRNA	ENSMUSG00000137311.1	lncRNA	one-to-one	GENCODE.v47vsM5282
ENSG00000232860.11	lncRNA	ENSMUSG00000139117.1	lncRNA	one-to-one	GENCODE.v47vsM5283
ENSG00000272381.3	lncRNA	ENSMUSG00000129683.1	lncRNA	one-to-one	GENCODE.v47vsM5284
ENSG00000225981.4	lncRNA	ENSMUSG00000144039.1	lncRNA	one-to-half	GENCODE.v47vsM5285
ENSG00000254083.6	lncRNA	ENSMUSG00000116294.3	lncRNA	one-to-many	GENCODE.v47vsM5286
ENSG00000270673.3	lncRNA	ENSMUSG00000123098.1	lncRNA	one-to-one	GENCODE.v47vsM5287
ENSG00000175779.6	lncRNA	ENSMUSG00000138372.1	lncRNA	many-to-many	GENCODE.v47vsM5288
ENSG00000305313.1	lncRNA	ENSMUSG00000138590.1	lncRNA	one-to-many	GENCODE.v47vsM5289
ENSG00000301279.1	lncRNA	ENSMUSG00000120918.2	lncRNA	one-to-many	GENCODE.v47vsM5290
ENSG00000259062.3	lncRNA	ENSMUSG00000112336.3	lncRNA	one-to-many	GENCODE.v47vsM5291
ENSG00000302353.1	lncRNA	ENSMUSG00000114208.3	lncRNA	one-to-one	GENCODE.v47vsM5292
ENSG00000265380.2	lncRNA	ENSMUSG00000143061.1	lncRNA	one-to-many	GENCODE.v47vsM5293
ENSG00000253775.3	lncRNA	ENSMUSG00000139453.1	lncRNA	one-to-half	GENCODE.v47vsM5294
ENSG00000229240.9	lncRNA	ENSMUSG00000103412.2	lncRNA	one-to-one	GENCODE.v47vsM5295
ENSG00000259804.2	lncRNA	ENSMUSG00000098120.3	lncRNA	many-to-many	GENCODE.v47vsM5296
ENSG00000304650.1	lncRNA	ENSMUSG00000123863.1	lncRNA	one-to-many	GENCODE.v47vsM5297
ENSG00000288946.2	lncRNA	ENSMUSG00000125851.1	lncRNA	one-to-one	GENCODE.v47vsM5298
ENSG00000231160.13	lncRNA	ENSMUSG00000097640.10	lncRNA	one-to-many	GENCODE.v47vsM5299
ENSG00000237707.2	lncRNA	ENSMUSG00000130949.1	lncRNA	one-to-one	GENCODE.v47vsM5300
ENSG00000309317.1	lncRNA	ENSMUSG00000141552.1	lncRNA	one-to-one	GENCODE.v47vsM5301
ENSG00000254863.3	lncRNA	ENSMUSG00000100836.2	lncRNA	one-to-one	GENCODE.v47vsM5302
ENSG00000273084.3	lncRNA	ENSMUSG00000119979.2	lncRNA	one-to-many	GENCODE.v47vsM5303
ENSG00000308206.1	lncRNA	ENSMUSG00000116569.2	lncRNA	one-to-one	GENCODE.v47vsM5304
ENSG00000293508.2	lncRNA	ENSMUSG00000125175.1	lncRNA	many-to-many	GENCODE.v47vsM5305
ENSG00000234921.2	lncRNA	ENSMUSG00000135174.1	lncRNA	one-to-one	GENCODE.v47vsM5306
ENSG00000287412.2	lncRNA	ENSMUSG00000122672.1	lncRNA	one-to-one	GENCODE.v47vsM5307
ENSG00000289100.2	lncRNA	ENSMUSG00000125064.1	lncRNA	one-to-many	GENCODE.v47vsM5308
ENSG00000307170.1	lncRNA	ENSMUSG00000127927.1	lncRNA	one-to-one	GENCODE.v47vsM5309
ENSG00000293188.2	lncRNA	ENSMUSG00000121769.1	lncRNA	many-to-many	GENCODE.v47vsM5310
ENSG00000299718.1	lncRNA	ENSMUSG00000124094.1	lncRNA	one-to-one	GENCODE.v47vsM5311
ENSG00000225815.3	lncRNA	ENSMUSG00000102585.2	lncRNA	one-to-one	GENCODE.v47vsM5312
ENSG00000299569.1	lncRNA	ENSMUSG00000104675.4	lncRNA	one-to-one	GENCODE.v47vsM5313
ENSG00000175170.17	lncRNA	ENSMUSG00000121377.2	lncRNA	many-to-many	GENCODE.v47vsM5314
ENSG00000247011.3	lncRNA	ENSMUSG00000086003.10	lncRNA	one-to-one	GENCODE.v47vsM5315
ENSG00000298052.1	lncRNA	ENSMUSG00000121651.2	lncRNA	many-to-many	GENCODE.v47vsM5316
ENSG00000293057.1	lncRNA	ENSMUSG00000124283.1	lncRNA	many-to-many	GENCODE.v47vsM5317
ENSG00000310142.1	lncRNA	ENSMUSG00000124807.1	lncRNA	one-to-one	GENCODE.v47vsM5318
ENSG00000256995.9	lncRNA	ENSMUSG00000072679.12	lncRNA	one-to-many	GENCODE.v47vsM5319
ENSG00000281692.4	lncRNA	ENSMUSG00000125876.1	lncRNA	one-to-one	GENCODE.v47vsM5320
ENSG00000241956.12	lncRNA	ENSMUSG00000132516.1	lncRNA	many-to-many	GENCODE.v47vsM5321
ENSG00000251396.10	lncRNA	ENSMUSG00000123256.1	lncRNA	one-to-one	GENCODE.v47vsM5322
ENSG00000264859.7	lncRNA	ENSMUSG00000085595.2	lncRNA	one-to-one	GENCODE.v47vsM5323
ENSG00000306042.1	lncRNA	ENSMUSG00000126189.1	lncRNA	one-to-one	GENCODE.v47vsM5324
ENSG00000282772.2	lncRNA	ENSMUSG00000120748.2	lncRNA	one-to-one	GENCODE.v47vsM5325
ENSG00000236859.9	lncRNA	ENSMUSG00000120092.2	lncRNA	one-to-one	GENCODE.v47vsM5326
ENSG00000309751.1	lncRNA	ENSMUSG00000124246.1	lncRNA	one-to-many	GENCODE.v47vsM5327
ENSG00000237457.7	lncRNA	ENSMUSG00000099964.8	lncRNA	one-to-many	GENCODE.v47vsM5328
ENSG00000307853.1	lncRNA	ENSMUSG00000115271.3	lncRNA	one-to-many	GENCODE.v47vsM5329
ENSG00000260192.4	lncRNA	ENSMUSG00000104521.2	lncRNA	one-to-many	GENCODE.v47vsM5330
ENSG00000293270.2	lncRNA	ENSMUSG00000085723.4	lncRNA	many-to-many	GENCODE.v47vsM5331
ENSG00000303720.1	lncRNA	ENSMUSG00000110125.3	lncRNA	one-to-one	GENCODE.v47vsM5332
ENSG00000293395.1	lncRNA	ENSMUSG00000056815.3	lncRNA	one-to-many	GENCODE.v47vsM5333
ENSG00000249085.3	lncRNA	ENSMUSG00000139345.1	lncRNA	one-to-many	GENCODE.v47vsM5334
ENSG00000230623.9	lncRNA	ENSMUSG00000104509.4	lncRNA	many-to-many	GENCODE.v47vsM5335
ENSG00000233069.2	lncRNA	ENSMUSG00000120622.2	lncRNA	one-to-one	GENCODE.v47vsM5336
ENSG00000227354.8	lncRNA	ENSMUSG00000120914.2	lncRNA	one-to-one	GENCODE.v47vsM5337
ENSG00000241324.2	lncRNA	ENSMUSG00000132256.1	lncRNA	one-to-many	GENCODE.v47vsM5338
ENSG00000287243.2	lncRNA	ENSMUSG00000128889.1	lncRNA	many-to-many	GENCODE.v47vsM5339
ENSG00000306291.1	lncRNA	ENSMUSG00000136496.1	lncRNA	one-to-one	GENCODE.v47vsM5340
ENSG00000256628.5	lncRNA	ENSMUSG00000102101.3	lncRNA	one-to-many	GENCODE.v47vsM5341
ENSG00000290199.2	lncRNA	ENSMUSG00000120396.2	lncRNA	many-to-many	GENCODE.v47vsM5342
ENSG00000305502.1	lncRNA	ENSMUSG00000123831.1	lncRNA	one-to-one	GENCODE.v47vsM5343
ENSG00000297557.1	lncRNA	ENSMUSG00000137994.1	lncRNA	one-to-one	GENCODE.v47vsM5344
ENSG00000308689.1	lncRNA	ENSMUSG00000129492.1	lncRNA	one-to-one	GENCODE.v47vsM5345
ENSG00000223715.4	lncRNA	ENSMUSG00000103607.2	lncRNA	one-to-many	GENCODE.v47vsM5346
ENSG00000249942.2	lncRNA	ENSMUSG00000107198.4	lncRNA	one-to-one	GENCODE.v47vsM5347
ENSG00000255775.2	lncRNA	ENSMUSG00000101162.5	lncRNA	one-to-one	GENCODE.v47vsM5348
ENSG00000295281.1	lncRNA	ENSMUSG00000138811.1	lncRNA	one-to-one	GENCODE.v47vsM5349
ENSG00000280241.5	lncRNA	ENSMUSG00000129879.1	lncRNA	one-to-many	GENCODE.v47vsM5350
ENSG00000205549.11	lncRNA	ENSMUSG00000131807.1	lncRNA	one-to-many	GENCODE.v47vsM5351
ENSG00000239569.6	lncRNA	ENSMUSG00000073147.6	lncRNA	one-to-many	GENCODE.v47vsM5352
ENSG00000253948.5	lncRNA	ENSMUSG00000115829.3	lncRNA	one-to-many	GENCODE.v47vsM5353
ENSG00000310431.1	lncRNA	ENSMUSG00000104328.3	lncRNA	one-to-many	GENCODE.v47vsM5354
ENSG00000303230.1	lncRNA	ENSMUSG00000134706.1	lncRNA	many-to-many	GENCODE.v47vsM5355
ENSG00000260372.8	lncRNA	ENSMUSG00000117613.4	lncRNA	many-to-many	GENCODE.v47vsM5356
ENSG00000259720.2	lncRNA	ENSMUSG00000135887.1	lncRNA	one-to-many	GENCODE.v47vsM5357
ENSG00000204055.5	lncRNA	ENSMUSG00000085275.3	lncRNA	one-to-one	GENCODE.v47vsM5358
ENSG00000293363.3	lncRNA	ENSMUSG00000121456.2	lncRNA	many-to-many	GENCODE.v47vsM5359
ENSG00000289015.2	lncRNA	ENSMUSG00000119946.2	lncRNA	one-to-half	GENCODE.v47vsM5360
ENSG00000297625.1	lncRNA	ENSMUSG00000099338.4	lncRNA	one-to-one	GENCODE.v47vsM5361
ENSG00000271474.2	lncRNA	ENSMUSG00000140903.1	lncRNA	one-to-many	GENCODE.v47vsM5362
ENSG00000232140.3	lncRNA	ENSMUSG00000140029.1	lncRNA	one-to-one	GENCODE.v47vsM5363
ENSG00000309681.1	lncRNA	ENSMUSG00000111950.4	lncRNA	one-to-one	GENCODE.v47vsM5364
ENSG00000242125.3	lncRNA	ENSMUSG00000085241.8	lncRNA	many-to-many	GENCODE.v47vsM5365
ENSG00000305976.1	lncRNA	ENSMUSG00000136355.1	lncRNA	one-to-one	GENCODE.v47vsM5366
ENSG00000304224.1	lncRNA	ENSMUSG00000121903.1	lncRNA	many-to-many	GENCODE.v47vsM5367
ENSG00000257261.8	lncRNA	ENSMUSG00000131410.1	lncRNA	many-to-many	GENCODE.v47vsM5368
ENSG00000305746.1	lncRNA	ENSMUSG00000134775.1	lncRNA	one-to-many	GENCODE.v47vsM5369
ENSG00000291082.2	lncRNA	ENSMUSG00000140541.1	lncRNA	many-to-many	GENCODE.v47vsM5370
ENSG00000258399.10	lncRNA	ENSMUSG00000021268.20	lncRNA	many-to-many	GENCODE.v47vsM5371
ENSG00000308339.1	lncRNA	ENSMUSG00000120392.2	lncRNA	one-to-many	GENCODE.v47vsM5372
ENSG00000259952.1	lncRNA	ENSMUSG00000108617.3	lncRNA	one-to-one	GENCODE.v47vsM5373
ENSG00000299704.1	lncRNA	ENSMUSG00000129380.1	lncRNA	one-to-one	GENCODE.v47vsM5374
ENSG00000298243.1	lncRNA	ENSMUSG00000120527.2	lncRNA	one-to-many	GENCODE.v47vsM5375
ENSG00000301126.1	lncRNA	ENSMUSG00000140814.1	lncRNA	one-to-one	GENCODE.v47vsM5376
ENSG00000303789.1	lncRNA	ENSMUSG00000133776.1	lncRNA	one-to-one	GENCODE.v47vsM5377
ENSG00000300721.1	lncRNA	ENSMUSG00000120830.2	lncRNA	one-to-one	GENCODE.v47vsM5378
ENSG00000299790.1	lncRNA	ENSMUSG00000138183.1	lncRNA	one-to-many	GENCODE.v47vsM5379
ENSG00000285634.4	lncRNA	ENSMUSG00000137268.1	lncRNA	one-to-many	GENCODE.v47vsM5380
ENSG00000289457.3	lncRNA	ENSMUSG00000120405.2	lncRNA	one-to-one	GENCODE.v47vsM5381
ENSG00000197536.12	lncRNA	ENSMUSG00000081769.11	lncRNA	many-to-many	GENCODE.v47vsM5382
ENSG00000253744.1	lncRNA	ENSMUSG00000120696.2	lncRNA	one-to-one	GENCODE.v47vsM5383
ENSG00000295018.1	lncRNA	ENSMUSG00000087441.3	lncRNA	one-to-one	GENCODE.v47vsM5384
ENSG00000299402.1	lncRNA	ENSMUSG00000066170.10	lncRNA	one-to-one	GENCODE.v47vsM5385
ENSG00000289555.2	lncRNA	ENSMUSG00000100927.3	lncRNA	one-to-one	GENCODE.v47vsM5386
ENSG00000267337.3	lncRNA	ENSMUSG00000121744.1	lncRNA	one-to-one	GENCODE.v47vsM5387
ENSG00000227145.3	lncRNA	ENSMUSG00000086517.2	lncRNA	one-to-many	GENCODE.v47vsM5388
ENSG00000269038.2	lncRNA	ENSMUSG00000079467.11	lncRNA	one-to-one	GENCODE.v47vsM5389
ENSG00000267394.3	lncRNA	ENSMUSG00000144185.1	lncRNA	many-to-many	GENCODE.v47vsM5390
ENSG00000231574.8	lncRNA	ENSMUSG00000101897.2	lncRNA	one-to-many	GENCODE.v47vsM5391
ENSG00000240498.10	lncRNA	ENSMUSG00000129789.1	lncRNA	many-to-many	GENCODE.v47vsM5392
ENSG00000228322.1	lncRNA	ENSMUSG00000097735.8	lncRNA	one-to-one	GENCODE.v47vsM5393
ENSG00000267658.2	lncRNA	ENSMUSG00000134766.1	lncRNA	one-to-one	GENCODE.v47vsM5394
ENSG00000257084.3	lncRNA	ENSMUSG00000099609.2	lncRNA	many-to-many	GENCODE.v47vsM5395
ENSG00000259534.2	lncRNA	ENSMUSG00000099387.2	lncRNA	many-to-many	GENCODE.v47vsM5396
ENSG00000300219.1	lncRNA	ENSMUSG00000114053.4	lncRNA	one-to-many	GENCODE.v47vsM5397
ENSG00000287531.1	lncRNA	ENSMUSG00000102885.3	lncRNA	one-to-one	GENCODE.v47vsM5398
ENSG00000288736.3	lncRNA	ENSMUSG00000122408.1	lncRNA	one-to-many	GENCODE.v47vsM5399
ENSG00000243349.3	lncRNA	ENSMUSG00000086358.5	lncRNA	many-to-many	GENCODE.v47vsM5400
ENSG00000247867.3	lncRNA	ENSMUSG00000123104.1	lncRNA	one-to-one	GENCODE.v47vsM5401
ENSG00000271584.3	lncRNA	ENSMUSG00000132717.1	lncRNA	one-to-one	GENCODE.v47vsM5402
ENSG00000205861.14	lncRNA	ENSMUSG00000084951.3	lncRNA	one-to-many	GENCODE.v47vsM5403
ENSG00000251191.9	lncRNA	ENSMUSG00000130822.1	lncRNA	one-to-many	GENCODE.v47vsM5404
ENSG00000302509.1	lncRNA	ENSMUSG00000142214.1	lncRNA	one-to-one	GENCODE.v47vsM5405
ENSG00000299547.1	lncRNA	ENSMUSG00000101356.4	lncRNA	one-to-many	GENCODE.v47vsM5406
ENSG00000309231.1	lncRNA	ENSMUSG00000129605.1	lncRNA	many-to-many	GENCODE.v47vsM5407
ENSG00000262801.7	lncRNA	ENSMUSG00000140920.1	lncRNA	one-to-one	GENCODE.v47vsM5408
ENSG00000309776.1	lncRNA	ENSMUSG00000125173.1	lncRNA	one-to-one	GENCODE.v47vsM5409
ENSG00000300971.1	lncRNA	ENSMUSG00000117508.3	lncRNA	one-to-one	GENCODE.v47vsM5410
ENSG00000285663.1	lncRNA	ENSMUSG00000108530.3	lncRNA	one-to-one	GENCODE.v47vsM5411
ENSG00000285016.2	lncRNA	ENSMUSG00000074813.17	lncRNA	one-to-many	GENCODE.v47vsM5412
ENSG00000251432.9	lncRNA	ENSMUSG00000123389.1	lncRNA	one-to-many	GENCODE.v47vsM5413
ENSG00000285908.1	lncRNA	ENSMUSG00000137277.1	lncRNA	one-to-one	GENCODE.v47vsM5414
ENSG00000279243.4	lncRNA	ENSMUSG00000120562.1	lncRNA	one-to-one	GENCODE.v47vsM5415
ENSG00000254531.4	lncRNA	ENSMUSG00000120358.2	lncRNA	one-to-one	GENCODE.v47vsM5416
ENSG00000300423.1	lncRNA	ENSMUSG00000085655.7	lncRNA	one-to-one	GENCODE.v47vsM5417
ENSG00000230185.8	lncRNA	ENSMUSG00000137677.1	lncRNA	one-to-one	GENCODE.v47vsM5418
ENSG00000298859.1	lncRNA	ENSMUSG00000120225.2	lncRNA	one-to-one	GENCODE.v47vsM5419
ENSG00000245750.12	lncRNA	ENSMUSG00000127604.1	lncRNA	one-to-many	GENCODE.v47vsM5420
ENSG00000262482.2	lncRNA	ENSMUSG00000097006.10	lncRNA	one-to-one	GENCODE.v47vsM5421
ENSG00000298994.1	lncRNA	ENSMUSG00000079346.6	lncRNA	one-to-many	GENCODE.v47vsM5422
ENSG00000206573.12	lncRNA	ENSMUSG00000086429.12	lncRNA	one-to-one	GENCODE.v47vsM5423
ENSG00000255992.2	lncRNA	ENSMUSG00000128201.1	lncRNA	one-to-one	GENCODE.v47vsM5424
ENSG00000225791.8	lncRNA	ENSMUSG00000121505.2	lncRNA	many-to-many	GENCODE.v47vsM5425
ENSG00000304268.1	lncRNA	ENSMUSG00000141792.1	lncRNA	one-to-one	GENCODE.v47vsM5426
ENSG00000305204.1	lncRNA	ENSMUSG00000127689.1	lncRNA	one-to-one	GENCODE.v47vsM5427
ENSG00000304589.1	lncRNA	ENSMUSG00000126638.1	lncRNA	one-to-many	GENCODE.v47vsM5428
ENSG00000301033.1	lncRNA	ENSMUSG00000086754.4	lncRNA	many-to-many	GENCODE.v47vsM5429
ENSG00000235427.1	lncRNA	ENSMUSG00000141998.1	lncRNA	one-to-one	GENCODE.v47vsM5430
ENSG00000236208.4	lncRNA	ENSMUSG00000101086.4	lncRNA	one-to-one	GENCODE.v47vsM5431
ENSG00000253711.1	lncRNA	ENSMUSG00000086233.4	lncRNA	one-to-one	GENCODE.v47vsM5432
ENSG00000228649.12	lncRNA	ENSMUSG00000121784.1	lncRNA	many-to-many	GENCODE.v47vsM5433
ENSG00000237819.8	lncRNA	ENSMUSG00000112968.3	lncRNA	many-to-many	GENCODE.v47vsM5434
ENSG00000309815.1	lncRNA	ENSMUSG00000136133.1	lncRNA	one-to-one	GENCODE.v47vsM5435
ENSG00000303074.1	lncRNA	ENSMUSG00000138780.1	lncRNA	one-to-half	GENCODE.v47vsM5436
ENSG00000253552.8	lncRNA	ENSMUSG00000128823.1	lncRNA	many-to-many	GENCODE.v47vsM5437
ENSG00000309228.1	lncRNA	ENSMUSG00000085708.3	lncRNA	one-to-many	GENCODE.v47vsM5438
ENSG00000286610.2	lncRNA	ENSMUSG00000136339.1	lncRNA	one-to-one	GENCODE.v47vsM5439
ENSG00000257067.7	lncRNA	ENSMUSG00000111669.3	lncRNA	one-to-many	GENCODE.v47vsM5440
ENSG00000196756.16	lncRNA	ENSMUSG00000085385.10	lncRNA	many-to-many	GENCODE.v47vsM5441
ENSG00000229415.11	lncRNA	ENSMUSG00000112343.4	lncRNA	one-to-many	GENCODE.v47vsM5442
ENSG00000286856.2	lncRNA	ENSMUSG00000091329.5	lncRNA	one-to-many	GENCODE.v47vsM5443
ENSG00000290115.2	lncRNA	ENSMUSG00000119941.2	lncRNA	one-to-one	GENCODE.v47vsM5444
ENSG00000307300.1	lncRNA	ENSMUSG00000138372.1	lncRNA	one-to-many	GENCODE.v47vsM5445
ENSG00000259442.1	lncRNA	ENSMUSG00000097277.10	lncRNA	one-to-many	GENCODE.v47vsM5446
ENSG00000296109.1	lncRNA	ENSMUSG00000104238.3	lncRNA	one-to-one	GENCODE.v47vsM5447
ENSG00000275443.3	lncRNA	ENSMUSG00000101559.3	lncRNA	one-to-many	GENCODE.v47vsM5448
ENSG00000306420.1	lncRNA	ENSMUSG00000127147.1	lncRNA	one-to-one	GENCODE.v47vsM5449
ENSG00000245384.3	lncRNA	ENSMUSG00000097911.4	lncRNA	many-to-many	GENCODE.v47vsM5450
ENSG00000303534.1	lncRNA	ENSMUSG00000126390.1	lncRNA	one-to-one	GENCODE.v47vsM5451
ENSG00000254334.3	lncRNA	ENSMUSG00000104288.2	lncRNA	one-to-one	GENCODE.v47vsM5452
ENSG00000258171.3	lncRNA	ENSMUSG00000112289.3	lncRNA	one-to-one	GENCODE.v47vsM5453
ENSG00000227256.2	lncRNA	ENSMUSG00000120489.2	lncRNA	one-to-one	GENCODE.v47vsM5454
ENSG00000291003.2	lncRNA	ENSMUSG00000140541.1	lncRNA	many-to-many	GENCODE.v47vsM5455
ENSG00000231563.4	lncRNA	ENSMUSG00000085379.4	lncRNA	one-to-one	GENCODE.v47vsM5456
ENSG00000234390.5	lncRNA	ENSMUSG00000087252.3	lncRNA	one-to-one	GENCODE.v47vsM5457
ENSG00000301820.1	lncRNA	ENSMUSG00000123278.1	lncRNA	many-to-many	GENCODE.v47vsM5458
ENSG00000291094.2	lncRNA	ENSMUSG00000124744.1	lncRNA	many-to-many	GENCODE.v47vsM5459
ENSG00000230113.1	lncRNA	ENSMUSG00000086507.3	lncRNA	one-to-one	GENCODE.v47vsM5460
ENSG00000289043.2	lncRNA	ENSMUSG00000121717.1	lncRNA	one-to-many	GENCODE.v47vsM5461
ENSG00000223726.2	lncRNA	ENSMUSG00000085919.3	lncRNA	one-to-many	GENCODE.v47vsM5462
ENSG00000304621.1	lncRNA	ENSMUSG00000138571.1	lncRNA	one-to-one	GENCODE.v47vsM5463
ENSG00000246145.2	lncRNA	ENSMUSG00000079671.11	lncRNA	one-to-many	GENCODE.v47vsM5464
ENSG00000278918.1	lncRNA	ENSMUSG00000122174.1	lncRNA	one-to-one	GENCODE.v47vsM5465
ENSG00000259895.1	lncRNA	ENSMUSG00000085185.12	lncRNA	one-to-many	GENCODE.v47vsM5466
ENSG00000259248.8	lncRNA	ENSMUSG00000133306.1	lncRNA	one-to-one	GENCODE.v47vsM5467
ENSG00000260604.4	lncRNA	ENSMUSG00000113484.3	lncRNA	one-to-many	GENCODE.v47vsM5468
ENSG00000306831.1	lncRNA	ENSMUSG00000135226.1	lncRNA	one-to-half	GENCODE.v47vsM5469
ENSG00000286893.2	lncRNA	ENSMUSG00000134966.1	lncRNA	one-to-many	GENCODE.v47vsM5470
ENSG00000293464.2	lncRNA	ENSMUSG00000121877.2	lncRNA	many-to-many	GENCODE.v47vsM5471
ENSG00000293760.1	lncRNA	ENSMUSG00000125098.1	lncRNA	one-to-one	GENCODE.v47vsM5472
ENSG00000255008.6	lncRNA	ENSMUSG00000136094.1	lncRNA	one-to-one	GENCODE.v47vsM5473
ENSG00000254438.2	lncRNA	ENSMUSG00000125348.1	lncRNA	one-to-one	GENCODE.v47vsM5474
ENSG00000302461.1	lncRNA	ENSMUSG00000086656.2	lncRNA	one-to-many	GENCODE.v47vsM5475
ENSG00000288012.3	lncRNA	ENSMUSG00000086914.4	lncRNA	one-to-one	GENCODE.v47vsM5476
ENSG00000304291.1	lncRNA	ENSMUSG00000124377.1	lncRNA	one-to-many	GENCODE.v47vsM5477
ENSG00000257252.8	lncRNA	ENSMUSG00000101517.9	lncRNA	many-to-many	GENCODE.v47vsM5478
ENSG00000286541.2	lncRNA	ENSMUSG00000137501.1	lncRNA	one-to-one	GENCODE.v47vsM5479
ENSG00000291035.2	lncRNA	ENSMUSG00000090964.3	lncRNA	many-to-many	GENCODE.v47vsM5480
ENSG00000234917.2	lncRNA	ENSMUSG00000102819.2	lncRNA	one-to-one	GENCODE.v47vsM5481
ENSG00000253390.1	lncRNA	ENSMUSG00000097511.4	lncRNA	one-to-many	GENCODE.v47vsM5482
ENSG00000296016.1	lncRNA	ENSMUSG00000135124.1	lncRNA	one-to-one	GENCODE.v47vsM5483
ENSG00000256691.1	lncRNA	ENSMUSG00000129044.1	lncRNA	one-to-many	GENCODE.v47vsM5484
ENSG00000261211.3	lncRNA	ENSMUSG00000100760.3	lncRNA	many-to-many	GENCODE.v47vsM5485
ENSG00000305014.1	lncRNA	ENSMUSG00000139250.1	lncRNA	one-to-one	GENCODE.v47vsM5486
ENSG00000245482.2	lncRNA	ENSMUSG00000121113.2	lncRNA	one-to-many	GENCODE.v47vsM5487
ENSG00000304967.1	lncRNA	ENSMUSG00000109841.5	lncRNA	many-to-many	GENCODE.v47vsM5488
ENSG00000225783.10	lncRNA	ENSMUSG00000097767.11	lncRNA	many-to-many	GENCODE.v47vsM5489
ENSG00000300750.1	lncRNA	ENSMUSG00000125578.1	lncRNA	one-to-many	GENCODE.v47vsM5490
ENSG00000272969.2	lncRNA	ENSMUSG00000098449.2	lncRNA	one-to-one	GENCODE.v47vsM5491
ENSG00000248227.2	lncRNA	ENSMUSG00000129223.1	lncRNA	many-to-many	GENCODE.v47vsM5492
ENSG00000307677.1	lncRNA	ENSMUSG00000109904.2	lncRNA	one-to-half	GENCODE.v47vsM5493
ENSG00000260464.1	lncRNA	ENSMUSG00000057359.8	lncRNA	one-to-many	GENCODE.v47vsM5494
ENSG00000215417.15	lncRNA	ENSMUSG00000089726.4	lncRNA	many-to-many	GENCODE.v47vsM5495
ENSG00000302728.1	lncRNA	ENSMUSG00000116641.4	lncRNA	one-to-one	GENCODE.v47vsM5496
ENSG00000290199.2	lncRNA	ENSMUSG00000090023.3	lncRNA	many-to-many	GENCODE.v47vsM5497
ENSG00000297052.1	lncRNA	ENSMUSG00000096940.3	lncRNA	one-to-one	GENCODE.v47vsM5498
ENSG00000289386.3	lncRNA	ENSMUSG00000141059.1	lncRNA	one-to-many	GENCODE.v47vsM5499
ENSG00000237520.3	lncRNA	ENSMUSG00000142563.1	lncRNA	one-to-one	GENCODE.v47vsM5500
ENSG00000248300.2	lncRNA	ENSMUSG00000107070.2	lncRNA	one-to-one	GENCODE.v47vsM5501
ENSG00000233891.9	lncRNA	ENSMUSG00000136481.1	lncRNA	many-to-many	GENCODE.v47vsM5502
ENSG00000227388.4	lncRNA	ENSMUSG00000141653.1	lncRNA	many-to-many	GENCODE.v47vsM5503
ENSG00000249664.2	lncRNA	ENSMUSG00000103228.2	lncRNA	one-to-one	GENCODE.v47vsM5504
ENSG00000256084.2	lncRNA	ENSMUSG00000126560.1	lncRNA	many-to-many	GENCODE.v47vsM5505
ENSG00000226715.5	lncRNA	ENSMUSG00000126632.1	lncRNA	one-to-many	GENCODE.v47vsM5506
ENSG00000298223.1	lncRNA	ENSMUSG00000120884.2	lncRNA	one-to-one	GENCODE.v47vsM5507
ENSG00000297376.1	lncRNA	ENSMUSG00000115120.3	lncRNA	one-to-one	GENCODE.v47vsM5508
ENSG00000269821.2	lncRNA	ENSMUSG00000101609.5	lncRNA	one-to-one	GENCODE.v47vsM5509
ENSG00000286875.2	lncRNA	ENSMUSG00000056031.16	lncRNA	one-to-one	GENCODE.v47vsM5510
ENSG00000303584.1	lncRNA	ENSMUSG00000124131.1	lncRNA	one-to-one	GENCODE.v47vsM5511
ENSG00000265489.1	lncRNA	ENSMUSG00000118601.3	lncRNA	one-to-one	GENCODE.v47vsM5512
ENSG00000296672.1	lncRNA	ENSMUSG00000138619.1	lncRNA	many-to-many	GENCODE.v47vsM5513
ENSG00000232300.1	lncRNA	ENSMUSG00000110636.4	lncRNA	one-to-many	GENCODE.v47vsM5514
ENSG00000303901.1	lncRNA	ENSMUSG00000093579.3	lncRNA	one-to-one	GENCODE.v47vsM5515
ENSG00000232046.9	lncRNA	ENSMUSG00000099449.2	lncRNA	one-to-many	GENCODE.v47vsM5516
ENSG00000243620.3	lncRNA	ENSMUSG00000100341.3	lncRNA	one-to-one	GENCODE.v47vsM5517
ENSG00000267530.6	lncRNA	ENSMUSG00000120557.2	lncRNA	one-to-one	GENCODE.v47vsM5518
ENSG00000272986.1	lncRNA	ENSMUSG00000120316.2	lncRNA	one-to-many	GENCODE.v47vsM5519
ENSG00000226281.7	lncRNA	ENSMUSG00000114389.3	lncRNA	one-to-many	GENCODE.v47vsM5520
ENSG00000309231.1	lncRNA	ENSMUSG00000125353.1	lncRNA	many-to-many	GENCODE.v47vsM5521
ENSG00000304259.1	lncRNA	ENSMUSG00000137893.1	lncRNA	one-to-one	GENCODE.v47vsM5522
ENSG00000271192.2	lncRNA	ENSMUSG00000126905.1	lncRNA	many-to-many	GENCODE.v47vsM5523
ENSG00000232006.10	lncRNA	ENSMUSG00000113654.4	lncRNA	one-to-many	GENCODE.v47vsM5524
ENSG00000182165.21	lncRNA	ENSMUSG00000102921.2	lncRNA	one-to-one	GENCODE.v47vsM5525
ENSG00000279658.2	lncRNA	ENSMUSG00000141304.1	lncRNA	one-to-one	GENCODE.v47vsM5526
ENSG00000249100.1	lncRNA	ENSMUSG00000102793.2	lncRNA	one-to-one	GENCODE.v47vsM5527
ENSG00000303926.1	lncRNA	ENSMUSG00000125423.1	lncRNA	one-to-one	GENCODE.v47vsM5528
ENSG00000227098.3	lncRNA	ENSMUSG00000102473.2	lncRNA	one-to-one	GENCODE.v47vsM5529
ENSG00000241490.2	lncRNA	ENSMUSG00000116684.3	lncRNA	one-to-one	GENCODE.v47vsM5530
ENSG00000309109.1	lncRNA	ENSMUSG00000085730.9	lncRNA	many-to-many	GENCODE.v47vsM5531
ENSG00000116652.7	lncRNA	ENSMUSG00000097589.12	lncRNA	one-to-many	GENCODE.v47vsM5532
ENSG00000246985.9	lncRNA	ENSMUSG00000097766.4	lncRNA	one-to-one	GENCODE.v47vsM5533
ENSG00000299724.1	lncRNA	ENSMUSG00000107112.3	lncRNA	one-to-many	GENCODE.v47vsM5534
ENSG00000295580.1	lncRNA	ENSMUSG00000054510.8	lncRNA	one-to-one	GENCODE.v47vsM5535
ENSG00000239523.9	lncRNA	ENSMUSG00000122415.1	lncRNA	one-to-many	GENCODE.v47vsM5536
ENSG00000305066.1	lncRNA	ENSMUSG00000122588.1	lncRNA	one-to-one	GENCODE.v47vsM5537
ENSG00000303631.1	lncRNA	ENSMUSG00000111761.4	lncRNA	one-to-one	GENCODE.v47vsM5538
ENSG00000293508.2	lncRNA	ENSMUSG00000073407.2	lncRNA	many-to-many	GENCODE.v47vsM5539
ENSG00000261514.3	lncRNA	ENSMUSG00000123940.1	lncRNA	many-to-many	GENCODE.v47vsM5540
ENSG00000308335.1	lncRNA	ENSMUSG00000098221.3	lncRNA	one-to-many	GENCODE.v47vsM5541
ENSG00000304608.1	lncRNA	ENSMUSG00000132750.1	lncRNA	one-to-one	GENCODE.v47vsM5542
ENSG00000234215.4	lncRNA	ENSMUSG00000100420.2	lncRNA	one-to-many	GENCODE.v47vsM5543
ENSG00000290479.1	lncRNA	ENSMUSG00000121429.2	lncRNA	many-to-many	GENCODE.v47vsM5544
ENSG00000301865.1	lncRNA	ENSMUSG00000117361.3	lncRNA	one-to-many	GENCODE.v47vsM5545
ENSG00000282836.2	lncRNA	ENSMUSG00000124117.1	lncRNA	one-to-one	GENCODE.v47vsM5546
ENSG00000293339.1	lncRNA	ENSMUSG00000141641.1	lncRNA	many-to-many	GENCODE.v47vsM5547
ENSG00000293227.1	lncRNA	ENSMUSG00000121644.1	lncRNA	many-to-many	GENCODE.v47vsM5548
ENSG00000265142.9	lncRNA	ENSMUSG00000095438.4	lncRNA	many-to-many	GENCODE.v47vsM5549
ENSG00000287961.2	lncRNA	ENSMUSG00000137898.1	lncRNA	one-to-one	GENCODE.v47vsM5550
ENSG00000238063.4	lncRNA	ENSMUSG00000103541.2	lncRNA	one-to-many	GENCODE.v47vsM5551
ENSG00000249519.2	lncRNA	ENSMUSG00000099640.3	lncRNA	one-to-one	GENCODE.v47vsM5552
ENSG00000285331.2	lncRNA	ENSMUSG00000143883.1	lncRNA	one-to-many	GENCODE.v47vsM5553
ENSG00000277210.3	lncRNA	ENSMUSG00000100094.4	lncRNA	one-to-many	GENCODE.v47vsM5554
ENSG00000303692.1	lncRNA	ENSMUSG00000112694.3	lncRNA	one-to-one	GENCODE.v47vsM5555
ENSG00000263412.4	lncRNA	ENSMUSG00000120186.2	lncRNA	one-to-many	GENCODE.v47vsM5556
ENSG00000253972.7	lncRNA	ENSMUSG00000142968.1	lncRNA	one-to-one	GENCODE.v47vsM5557
ENSG00000234162.4	lncRNA	ENSMUSG00000126248.1	lncRNA	one-to-one	GENCODE.v47vsM5558
ENSG00000290740.2	lncRNA	ENSMUSG00000129484.1	lncRNA	many-to-many	GENCODE.v47vsM5559
ENSG00000224658.2	lncRNA	ENSMUSG00000111731.3	lncRNA	one-to-one	GENCODE.v47vsM5560
ENSG00000291143.2	lncRNA	ENSMUSG00000133723.1	lncRNA	many-to-many	GENCODE.v47vsM5561
ENSG00000229891.5	lncRNA	ENSMUSG00000100552.3	lncRNA	many-to-many	GENCODE.v47vsM5562
ENSG00000288743.2	lncRNA	ENSMUSG00000138010.1	lncRNA	many-to-many	GENCODE.v47vsM5563
ENSG00000293822.1	lncRNA	ENSMUSG00000095663.3	lncRNA	one-to-half	GENCODE.v47vsM5564
ENSG00000273998.2	lncRNA	ENSMUSG00000086504.3	lncRNA	one-to-one	GENCODE.v47vsM5565
ENSG00000207751.5	lncRNA	ENSMUSG00000141172.1	lncRNA	many-to-many	GENCODE.v47vsM5566
ENSG00000300099.1	lncRNA	ENSMUSG00000128028.1	lncRNA	one-to-one	GENCODE.v47vsM5567
ENSG00000249464.8	lncRNA	ENSMUSG00000106621.2	lncRNA	one-to-many	GENCODE.v47vsM5568
ENSG00000272622.3	lncRNA	ENSMUSG00000127560.1	lncRNA	one-to-one	GENCODE.v47vsM5569
ENSG00000307521.1	lncRNA	ENSMUSG00000112925.3	lncRNA	one-to-many	GENCODE.v47vsM5570
ENSG00000253404.2	lncRNA	ENSMUSG00000136844.1	lncRNA	one-to-one	GENCODE.v47vsM5571
ENSG00000302377.1	lncRNA	ENSMUSG00000086193.4	lncRNA	one-to-many	GENCODE.v47vsM5572
ENSG00000304970.1	lncRNA	ENSMUSG00000127265.1	lncRNA	one-to-one	GENCODE.v47vsM5573
ENSG00000255553.3	lncRNA	ENSMUSG00000118100.4	lncRNA	one-to-one	GENCODE.v47vsM5574
ENSG00000241163.11	lncRNA	ENSMUSG00000131772.1	lncRNA	one-to-many	GENCODE.v47vsM5575
ENSG00000280989.3	lncRNA	ENSMUSG00000086363.10	lncRNA	one-to-many	GENCODE.v47vsM5576
ENSG00000290956.2	lncRNA	ENSMUSG00000108030.3	lncRNA	many-to-many	GENCODE.v47vsM5577
ENSG00000291067.2	lncRNA	ENSMUSG00000121504.2	lncRNA	many-to-many	GENCODE.v47vsM5578
ENSG00000228005.1	lncRNA	ENSMUSG00000141042.1	lncRNA	one-to-one	GENCODE.v47vsM5579
ENSG00000298586.1	lncRNA	ENSMUSG00000090724.3	lncRNA	many-to-many	GENCODE.v47vsM5580
ENSG00000234300.2	lncRNA	ENSMUSG00000122276.1	lncRNA	one-to-one	GENCODE.v47vsM5581
ENSG00000225938.4	lncRNA	ENSMUSG00000052769.11	lncRNA	one-to-one	GENCODE.v47vsM5582
ENSG00000297732.1	lncRNA	ENSMUSG00000107394.3	lncRNA	many-to-many	GENCODE.v47vsM5583
ENSG00000278959.1	lncRNA	ENSMUSG00000107681.3	lncRNA	one-to-one	GENCODE.v47vsM5584
ENSG00000290083.2	lncRNA	ENSMUSG00000125764.1	lncRNA	one-to-one	GENCODE.v47vsM5585
ENSG00000304124.1	lncRNA	ENSMUSG00000122360.1	lncRNA	one-to-one	GENCODE.v47vsM5586
ENSG00000294211.1	lncRNA	ENSMUSG00000123793.1	lncRNA	one-to-one	GENCODE.v47vsM5587
ENSG00000304345.1	lncRNA	ENSMUSG00000138642.1	lncRNA	one-to-one	GENCODE.v47vsM5588
ENSG00000236703.1	lncRNA	ENSMUSG00000097923.3	lncRNA	one-to-one	GENCODE.v47vsM5589
ENSG00000305724.1	lncRNA	ENSMUSG00000097525.3	lncRNA	one-to-one	GENCODE.v47vsM5590
ENSG00000308788.1	lncRNA	ENSMUSG00000098196.3	lncRNA	one-to-one	GENCODE.v47vsM5591
ENSG00000293680.1	lncRNA	ENSMUSG00000086903.7	lncRNA	one-to-many	GENCODE.v47vsM5592
ENSG00000288562.2	lncRNA	ENSMUSG00000097754.4	lncRNA	one-to-one	GENCODE.v47vsM5593
ENSG00000287582.2	lncRNA	ENSMUSG00000122418.1	lncRNA	one-to-one	GENCODE.v47vsM5594
ENSG00000273335.1	lncRNA	ENSMUSG00000117335.3	lncRNA	one-to-many	GENCODE.v47vsM5595
ENSG00000226622.8	lncRNA	ENSMUSG00000126571.1	lncRNA	one-to-one	GENCODE.v47vsM5596
ENSG00000271931.1	lncRNA	ENSMUSG00000129675.1	lncRNA	one-to-one	GENCODE.v47vsM5597
ENSG00000232732.12	lncRNA	ENSMUSG00000097519.5	lncRNA	one-to-many	GENCODE.v47vsM5598
ENSG00000300536.1	lncRNA	ENSMUSG00000121223.2	lncRNA	one-to-one	GENCODE.v47vsM5599
ENSG00000224078.16	lncRNA	ENSMUSG00000100826.8	lncRNA	many-to-many	GENCODE.v47vsM5600
ENSG00000227336.2	lncRNA	ENSMUSG00000102284.2	lncRNA	one-to-one	GENCODE.v47vsM5601
ENSG00000246223.11	lncRNA	ENSMUSG00000086319.3	lncRNA	one-to-one	GENCODE.v47vsM5602
ENSG00000303838.1	lncRNA	ENSMUSG00000139690.1	lncRNA	one-to-one	GENCODE.v47vsM5603
ENSG00000203864.3	lncRNA	ENSMUSG00000123441.1	lncRNA	one-to-one	GENCODE.v47vsM5604
ENSG00000233871.3	lncRNA	ENSMUSG00000097901.9	lncRNA	one-to-many	GENCODE.v47vsM5605
ENSG00000299983.1	lncRNA	ENSMUSG00000129123.1	lncRNA	one-to-many	GENCODE.v47vsM5606
ENSG00000250392.3	lncRNA	ENSMUSG00000105662.6	lncRNA	many-to-many	GENCODE.v47vsM5607
ENSG00000237499.8	lncRNA	ENSMUSG00000126633.1	lncRNA	one-to-many	GENCODE.v47vsM5608
ENSG00000308209.1	lncRNA	ENSMUSG00000109780.3	lncRNA	one-to-one	GENCODE.v47vsM5609
ENSG00000293655.1	lncRNA	ENSMUSG00000132887.1	lncRNA	many-to-many	GENCODE.v47vsM5610
ENSG00000307481.1	lncRNA	ENSMUSG00000104557.3	lncRNA	one-to-many	GENCODE.v47vsM5611
ENSG00000275091.1	lncRNA	ENSMUSG00000056753.5	lncRNA	one-to-many	GENCODE.v47vsM5612
ENSG00000248223.2	lncRNA	ENSMUSG00000118008.3	lncRNA	one-to-many	GENCODE.v47vsM5613
ENSG00000267662.2	lncRNA	ENSMUSG00000129177.1	lncRNA	one-to-one	GENCODE.v47vsM5614
ENSG00000279063.1	lncRNA	ENSMUSG00000109441.3	lncRNA	one-to-one	GENCODE.v47vsM5615
ENSG00000305518.1	lncRNA	ENSMUSG00000120798.2	lncRNA	one-to-one	GENCODE.v47vsM5616
ENSG00000263766.7	lncRNA	ENSMUSG00000121247.2	lncRNA	one-to-one	GENCODE.v47vsM5617
ENSG00000295421.1	lncRNA	ENSMUSG00000131158.1	lncRNA	one-to-one	GENCODE.v47vsM5618
ENSG00000223486.2	lncRNA	ENSMUSG00000125673.1	lncRNA	one-to-one	GENCODE.v47vsM5619
ENSG00000295090.1	lncRNA	ENSMUSG00000129972.1	lncRNA	one-to-one	GENCODE.v47vsM5620
ENSG00000203804.5	lncRNA	ENSMUSG00000141229.1	lncRNA	one-to-many	GENCODE.v47vsM5621
ENSG00000289032.2	lncRNA	ENSMUSG00000143043.1	lncRNA	one-to-one	GENCODE.v47vsM5622
ENSG00000294649.1	lncRNA	ENSMUSG00000134041.1	lncRNA	one-to-many	GENCODE.v47vsM5623
ENSG00000289280.3	lncRNA	ENSMUSG00000143546.1	lncRNA	many-to-many	GENCODE.v47vsM5624
ENSG00000251298.2	lncRNA	ENSMUSG00000086451.11	lncRNA	one-to-many	GENCODE.v47vsM5625
ENSG00000300547.1	lncRNA	ENSMUSG00000141364.1	lncRNA	one-to-one	GENCODE.v47vsM5626
ENSG00000266213.1	lncRNA	ENSMUSG00000127764.1	lncRNA	one-to-one	GENCODE.v47vsM5627
ENSG00000291155.2	lncRNA	ENSMUSG00000126413.1	lncRNA	one-to-many	GENCODE.v47vsM5628
ENSG00000226506.7	lncRNA	ENSMUSG00000125750.1	lncRNA	one-to-one	GENCODE.v47vsM5629
ENSG00000286973.2	lncRNA	ENSMUSG00000137494.1	lncRNA	one-to-one	GENCODE.v47vsM5630
ENSG00000294185.1	lncRNA	ENSMUSG00000120163.2	lncRNA	one-to-one	GENCODE.v47vsM5631
ENSG00000269929.7	lncRNA	ENSMUSG00000103373.2	lncRNA	many-to-many	GENCODE.v47vsM5632
ENSG00000269707.3	lncRNA	ENSMUSG00000093436.8	lncRNA	many-to-many	GENCODE.v47vsM5633
ENSG00000215196.6	lncRNA	ENSMUSG00000056089.9	lncRNA	one-to-many	GENCODE.v47vsM5634
ENSG00000241098.2	lncRNA	ENSMUSG00000139362.1	lncRNA	one-to-one	GENCODE.v47vsM5635
ENSG00000272909.1	lncRNA	ENSMUSG00000112784.3	lncRNA	one-to-one	GENCODE.v47vsM5636
ENSG00000290574.3	lncRNA	ENSMUSG00000132317.1	lncRNA	many-to-many	GENCODE.v47vsM5637
ENSG00000214851.6	lncRNA	ENSMUSG00000121497.2	lncRNA	many-to-many	GENCODE.v47vsM5638
ENSG00000296718.1	lncRNA	ENSMUSG00000118139.3	lncRNA	one-to-one	GENCODE.v47vsM5639
ENSG00000288577.2	lncRNA	ENSMUSG00000121224.2	lncRNA	one-to-one	GENCODE.v47vsM5640
ENSG00000270482.2	lncRNA	ENSMUSG00000086047.3	lncRNA	one-to-one	GENCODE.v47vsM5641
ENSG00000301123.1	lncRNA	ENSMUSG00000131197.1	lncRNA	one-to-one	GENCODE.v47vsM5642
ENSG00000303342.1	lncRNA	ENSMUSG00000141069.1	lncRNA	one-to-one	GENCODE.v47vsM5643
ENSG00000295827.1	lncRNA	ENSMUSG00000125758.1	lncRNA	one-to-one	GENCODE.v47vsM5644
ENSG00000239941.2	lncRNA	ENSMUSG00000142378.1	lncRNA	one-to-one	GENCODE.v47vsM5645
ENSG00000289452.2	lncRNA	ENSMUSG00000084789.3	lncRNA	one-to-one	GENCODE.v47vsM5646
ENSG00000253196.4	lncRNA	ENSMUSG00000128543.1	lncRNA	one-to-one	GENCODE.v47vsM5647
ENSG00000249375.9	lncRNA	ENSMUSG00000087612.2	lncRNA	one-to-many	GENCODE.v47vsM5648
ENSG00000308877.1	lncRNA	ENSMUSG00000051295.10	lncRNA	one-to-many	GENCODE.v47vsM5649
ENSG00000232316.3	lncRNA	ENSMUSG00000140488.1	lncRNA	one-to-many	GENCODE.v47vsM5650
ENSG00000308257.1	lncRNA	ENSMUSG00000139514.1	lncRNA	one-to-one	GENCODE.v47vsM5651
ENSG00000286380.4	lncRNA	ENSMUSG00000126784.1	lncRNA	one-to-many	GENCODE.v47vsM5652
ENSG00000243818.8	lncRNA	ENSMUSG00000120809.2	lncRNA	one-to-one	GENCODE.v47vsM5653
ENSG00000289234.3	lncRNA	ENSMUSG00000072893.14	lncRNA	one-to-many	GENCODE.v47vsM5654
ENSG00000300180.1	lncRNA	ENSMUSG00000128863.1	lncRNA	one-to-one	GENCODE.v47vsM5655
ENSG00000253768.2	lncRNA	ENSMUSG00000126020.1	lncRNA	one-to-one	GENCODE.v47vsM5656
ENSG00000302217.1	lncRNA	ENSMUSG00000133987.1	lncRNA	one-to-one	GENCODE.v47vsM5657
ENSG00000259462.3	lncRNA	ENSMUSG00000109401.2	lncRNA	one-to-one	GENCODE.v47vsM5658
ENSG00000226891.10	lncRNA	ENSMUSG00000130513.1	lncRNA	many-to-many	GENCODE.v47vsM5659
ENSG00000302820.1	lncRNA	ENSMUSG00000135384.1	lncRNA	one-to-one	GENCODE.v47vsM5660
ENSG00000286514.2	lncRNA	ENSMUSG00000128698.1	lncRNA	one-to-one	GENCODE.v47vsM5661
ENSG00000305127.1	lncRNA	ENSMUSG00000128386.1	lncRNA	one-to-many	GENCODE.v47vsM5662
ENSG00000261664.6	lncRNA	ENSMUSG00000085873.3	lncRNA	one-to-one	GENCODE.v47vsM5663
ENSG00000272288.9	lncRNA	ENSMUSG00000130205.1	lncRNA	one-to-one	GENCODE.v47vsM5664
ENSG00000258249.2	lncRNA	ENSMUSG00000141505.1	lncRNA	one-to-one	GENCODE.v47vsM5665
ENSG00000305913.1	lncRNA	ENSMUSG00000127831.1	lncRNA	one-to-one	GENCODE.v47vsM5666
ENSG00000278719.2	lncRNA	ENSMUSG00000086575.3	lncRNA	one-to-one	GENCODE.v47vsM5667
ENSG00000253311.4	lncRNA	ENSMUSG00000087172.3	lncRNA	one-to-one	GENCODE.v47vsM5668
ENSG00000177133.15	lncRNA	ENSMUSG00000085069.3	lncRNA	one-to-many	GENCODE.v47vsM5669
ENSG00000261390.9	lncRNA	ENSMUSG00000126223.1	lncRNA	one-to-many	GENCODE.v47vsM5670
ENSG00000257496.4	lncRNA	ENSMUSG00000121031.2	lncRNA	one-to-many	GENCODE.v47vsM5671
ENSG00000286210.2	lncRNA	ENSMUSG00000142716.1	lncRNA	one-to-one	GENCODE.v47vsM5672
ENSG00000295436.1	lncRNA	ENSMUSG00000097583.4	lncRNA	many-to-many	GENCODE.v47vsM5673
ENSG00000237819.8	lncRNA	ENSMUSG00000122274.1	lncRNA	many-to-many	GENCODE.v47vsM5674
ENSG00000279873.3	lncRNA	ENSMUSG00000117393.4	lncRNA	one-to-many	GENCODE.v47vsM5675
ENSG00000295511.1	lncRNA	ENSMUSG00000125888.1	lncRNA	one-to-one	GENCODE.v47vsM5676
ENSG00000267690.2	lncRNA	ENSMUSG00000117891.2	lncRNA	one-to-one	GENCODE.v47vsM5677
ENSG00000297451.1	lncRNA	ENSMUSG00000123638.1	lncRNA	one-to-one	GENCODE.v47vsM5678
ENSG00000258498.11	lncRNA	ENSMUSG00000113581.4	lncRNA	many-to-many	GENCODE.v47vsM5679
ENSG00000302777.1	lncRNA	ENSMUSG00000129462.1	lncRNA	one-to-one	GENCODE.v47vsM5680
ENSG00000273747.1	lncRNA	ENSMUSG00000109485.3	lncRNA	one-to-many	GENCODE.v47vsM5681
ENSG00000231782.7	lncRNA	ENSMUSG00000144029.1	lncRNA	one-to-one	GENCODE.v47vsM5682
ENSG00000260695.1	lncRNA	ENSMUSG00000137516.1	lncRNA	one-to-one	GENCODE.v47vsM5683
ENSG00000273711.2	lncRNA	ENSMUSG00000113529.2	lncRNA	one-to-one	GENCODE.v47vsM5684
ENSG00000286288.3	lncRNA	ENSMUSG00000086637.2	lncRNA	many-to-many	GENCODE.v47vsM5685
ENSG00000294552.1	lncRNA	ENSMUSG00000085167.4	lncRNA	one-to-many	GENCODE.v47vsM5686
ENSG00000257097.1	lncRNA	ENSMUSG00000135480.1	lncRNA	one-to-one	GENCODE.v47vsM5687
ENSG00000260423.4	lncRNA	ENSMUSG00000128889.1	lncRNA	one-to-many	GENCODE.v47vsM5688
ENSG00000224277.5	lncRNA	ENSMUSG00000140964.1	lncRNA	one-to-half	GENCODE.v47vsM5689
ENSG00000244300.4	lncRNA	ENSMUSG00000108010.3	lncRNA	many-to-many	GENCODE.v47vsM5690
ENSG00000300481.1	lncRNA	ENSMUSG00000125666.1	lncRNA	one-to-one	GENCODE.v47vsM5691
ENSG00000286145.3	lncRNA	ENSMUSG00000136812.1	lncRNA	one-to-half	GENCODE.v47vsM5692
ENSG00000308546.1	lncRNA	ENSMUSG00000141777.1	lncRNA	one-to-one	GENCODE.v47vsM5693
ENSG00000296527.1	lncRNA	ENSMUSG00000111088.3	lncRNA	one-to-many	GENCODE.v47vsM5694
ENSG00000307253.1	lncRNA	ENSMUSG00000086740.2	lncRNA	one-to-one	GENCODE.v47vsM5695
ENSG00000248441.10	lncRNA	ENSMUSG00000099853.5	lncRNA	one-to-many	GENCODE.v47vsM5696
ENSG00000305156.1	lncRNA	ENSMUSG00000116518.4	lncRNA	one-to-many	GENCODE.v47vsM5697
ENSG00000294732.1	lncRNA	ENSMUSG00000133321.1	lncRNA	many-to-many	GENCODE.v47vsM5698
ENSG00000260219.5	lncRNA	ENSMUSG00000123788.1	lncRNA	one-to-one	GENCODE.v47vsM5699
ENSG00000203279.7	lncRNA	ENSMUSG00000137336.1	lncRNA	many-to-many	GENCODE.v47vsM5700
ENSG00000298887.1	lncRNA	ENSMUSG00000120027.2	lncRNA	one-to-one	GENCODE.v47vsM5701
ENSG00000228363.3	lncRNA	ENSMUSG00000107406.2	lncRNA	one-to-one	GENCODE.v47vsM5702
ENSG00000253738.4	lncRNA	ENSMUSG00000133617.1	lncRNA	one-to-many	GENCODE.v47vsM5703
ENSG00000288936.2	lncRNA	ENSMUSG00000128529.1	lncRNA	one-to-many	GENCODE.v47vsM5704
ENSG00000266560.5	lncRNA	ENSMUSG00000118604.2	lncRNA	many-to-many	GENCODE.v47vsM5705
ENSG00000286481.3	lncRNA	ENSMUSG00000142228.1	lncRNA	many-to-many	GENCODE.v47vsM5706
ENSG00000239213.8	lncRNA	ENSMUSG00000127588.1	lncRNA	many-to-many	GENCODE.v47vsM5707
ENSG00000307702.1	lncRNA	ENSMUSG00000045391.6	lncRNA	one-to-one	GENCODE.v47vsM5708
ENSG00000216863.12	lncRNA	ENSMUSG00000114297.3	lncRNA	one-to-one	GENCODE.v47vsM5709
ENSG00000300007.1	lncRNA	ENSMUSG00000125369.1	lncRNA	one-to-one	GENCODE.v47vsM5710
ENSG00000228274.6	lncRNA	ENSMUSG00000133615.1	lncRNA	one-to-one	GENCODE.v47vsM5711
ENSG00000286084.4	lncRNA	ENSMUSG00000143385.1	lncRNA	one-to-one	GENCODE.v47vsM5712
ENSG00000293105.1	lncRNA	ENSMUSG00000090192.4	lncRNA	many-to-many	GENCODE.v47vsM5713
ENSG00000308431.1	lncRNA	ENSMUSG00000121146.2	lncRNA	many-to-many	GENCODE.v47vsM5714
ENSG00000287835.2	lncRNA	ENSMUSG00000122476.1	lncRNA	one-to-one	GENCODE.v47vsM5715
ENSG00000304137.1	lncRNA	ENSMUSG00000093472.3	lncRNA	one-to-one	GENCODE.v47vsM5716
ENSG00000285938.2	lncRNA	ENSMUSG00000116290.3	lncRNA	one-to-many	GENCODE.v47vsM5717
ENSG00000264659.2	lncRNA	ENSMUSG00000128846.1	lncRNA	one-to-one	GENCODE.v47vsM5718
ENSG00000246820.3	lncRNA	ENSMUSG00000136008.1	lncRNA	one-to-one	GENCODE.v47vsM5719
ENSG00000256690.2	lncRNA	ENSMUSG00000131944.1	lncRNA	one-to-one	GENCODE.v47vsM5720
ENSG00000247624.7	lncRNA	ENSMUSG00000120663.2	lncRNA	one-to-one	GENCODE.v47vsM5721
ENSG00000267244.5	lncRNA	ENSMUSG00000141428.1	lncRNA	one-to-many	GENCODE.v47vsM5722
ENSG00000228084.4	lncRNA	ENSMUSG00000127710.1	lncRNA	one-to-one	GENCODE.v47vsM5723
ENSG00000248317.2	lncRNA	ENSMUSG00000103684.2	lncRNA	one-to-many	GENCODE.v47vsM5724
ENSG00000229621.3	lncRNA	ENSMUSG00000137618.1	lncRNA	one-to-one	GENCODE.v47vsM5725
ENSG00000238287.2	lncRNA	ENSMUSG00000123943.1	lncRNA	one-to-one	GENCODE.v47vsM5726
ENSG00000237655.1	lncRNA	ENSMUSG00000127867.1	lncRNA	one-to-one	GENCODE.v47vsM5727
ENSG00000246214.4	lncRNA	ENSMUSG00000134509.1	lncRNA	one-to-many	GENCODE.v47vsM5728
ENSG00000289301.3	lncRNA	ENSMUSG00000131809.1	lncRNA	one-to-one	GENCODE.v47vsM5729
ENSG00000243089.3	lncRNA	ENSMUSG00000124903.1	lncRNA	one-to-many	GENCODE.v47vsM5730
ENSG00000291045.2	lncRNA	ENSMUSG00000138312.1	lncRNA	many-to-many	GENCODE.v47vsM5731
ENSG00000302396.1	lncRNA	ENSMUSG00000107719.2	lncRNA	one-to-one	GENCODE.v47vsM5732
ENSG00000290911.2	lncRNA	ENSMUSG00000084951.3	lncRNA	many-to-many	GENCODE.v47vsM5733
ENSG00000230074.6	lncRNA	ENSMUSG00000087577.3	lncRNA	many-to-many	GENCODE.v47vsM5734
ENSG00000226419.10	lncRNA	ENSMUSG00000137391.1	lncRNA	one-to-one	GENCODE.v47vsM5735
ENSG00000286742.2	lncRNA	ENSMUSG00000122413.1	lncRNA	one-to-half	GENCODE.v47vsM5736
ENSG00000258140.2	lncRNA	ENSMUSG00000112796.4	lncRNA	one-to-one	GENCODE.v47vsM5737
ENSG00000273419.1	lncRNA	ENSMUSG00000132897.1	lncRNA	one-to-many	GENCODE.v47vsM5738
ENSG00000289226.3	lncRNA	ENSMUSG00000087269.4	lncRNA	one-to-one	GENCODE.v47vsM5739
ENSG00000229368.1	lncRNA	ENSMUSG00000120774.2	lncRNA	one-to-many	GENCODE.v47vsM5740
ENSG00000257258.2	lncRNA	ENSMUSG00000086777.5	lncRNA	one-to-one	GENCODE.v47vsM5741
ENSG00000297310.1	lncRNA	ENSMUSG00000090708.3	lncRNA	one-to-one	GENCODE.v47vsM5742
ENSG00000257599.6	lncRNA	ENSMUSG00000102869.5	lncRNA	one-to-many	GENCODE.v47vsM5743
ENSG00000249669.13	lncRNA	ENSMUSG00000120623.2	lncRNA	many-to-many	GENCODE.v47vsM5744
ENSG00000234279.3	lncRNA	ENSMUSG00000101705.3	lncRNA	one-to-one	GENCODE.v47vsM5745
ENSG00000289942.1	lncRNA	ENSMUSG00000141783.1	lncRNA	many-to-many	GENCODE.v47vsM5746
ENSG00000271086.8	lncRNA	ENSMUSG00000123812.1	lncRNA	one-to-many	GENCODE.v47vsM5747
ENSG00000224596.10	lncRNA	ENSMUSG00000087535.4	lncRNA	one-to-one	GENCODE.v47vsM5748
ENSG00000250519.8	lncRNA	ENSMUSG00000131035.1	lncRNA	many-to-many	GENCODE.v47vsM5749
ENSG00000285831.2	lncRNA	ENSMUSG00000051758.8	lncRNA	one-to-one	GENCODE.v47vsM5750
ENSG00000231074.12	lncRNA	ENSMUSG00000130106.1	lncRNA	many-to-many	GENCODE.v47vsM5751
ENSG00000306904.1	lncRNA	ENSMUSG00000109456.2	lncRNA	one-to-half	GENCODE.v47vsM5752
ENSG00000287385.1	lncRNA	ENSMUSG00000135240.1	lncRNA	one-to-many	GENCODE.v47vsM5753
ENSG00000309692.1	lncRNA	ENSMUSG00000086957.3	lncRNA	one-to-one	GENCODE.v47vsM5754
ENSG00000237017.1	lncRNA	ENSMUSG00000085039.4	lncRNA	one-to-one	GENCODE.v47vsM5755
ENSG00000226087.5	lncRNA	ENSMUSG00000100847.2	lncRNA	one-to-many	GENCODE.v47vsM5756
ENSG00000263327.7	lncRNA	ENSMUSG00000132914.1	lncRNA	one-to-many	GENCODE.v47vsM5757
ENSG00000278768.5	lncRNA	ENSMUSG00000111128.2	lncRNA	one-to-many	GENCODE.v47vsM5758
ENSG00000285557.2	lncRNA	ENSMUSG00000111666.3	lncRNA	one-to-one	GENCODE.v47vsM5759
ENSG00000229925.2	lncRNA	ENSMUSG00000104172.2	lncRNA	one-to-one	GENCODE.v47vsM5760
ENSG00000290047.2	lncRNA	ENSMUSG00000115333.3	lncRNA	many-to-many	GENCODE.v47vsM5761
ENSG00000295321.1	lncRNA	ENSMUSG00000112211.4	lncRNA	one-to-one	GENCODE.v47vsM5762
ENSG00000280062.1	lncRNA	ENSMUSG00000124945.1	lncRNA	many-to-many	GENCODE.v47vsM5763
ENSG00000281664.1	lncRNA	ENSMUSG00000079045.6	lncRNA	one-to-many	GENCODE.v47vsM5764
ENSG00000273082.2	lncRNA	ENSMUSG00000130160.1	lncRNA	one-to-one	GENCODE.v47vsM5765
ENSG00000285926.2	lncRNA	ENSMUSG00000140629.1	lncRNA	many-to-many	GENCODE.v47vsM5766
ENSG00000305075.1	lncRNA	ENSMUSG00000115146.2	lncRNA	one-to-many	GENCODE.v47vsM5767
ENSG00000245662.5	lncRNA	ENSMUSG00000139502.1	lncRNA	one-to-many	GENCODE.v47vsM5768
ENSG00000231507.5	lncRNA	ENSMUSG00000133284.1	lncRNA	one-to-many	GENCODE.v47vsM5769
ENSG00000245750.12	lncRNA	ENSMUSG00000133861.1	lncRNA	one-to-many	GENCODE.v47vsM5770
ENSG00000289865.2	lncRNA	ENSMUSG00000121120.2	lncRNA	one-to-one	GENCODE.v47vsM5771
ENSG00000301753.1	lncRNA	ENSMUSG00000142171.1	lncRNA	one-to-one	GENCODE.v47vsM5772
ENSG00000309005.1	lncRNA	ENSMUSG00000109291.4	lncRNA	one-to-one	GENCODE.v47vsM5773
ENSG00000250208.8	lncRNA	ENSMUSG00000072591.14	lncRNA	one-to-one	GENCODE.v47vsM5774
ENSG00000241956.12	lncRNA	ENSMUSG00000133633.1	lncRNA	many-to-many	GENCODE.v47vsM5775
ENSG00000229989.7	lncRNA	ENSMUSG00000103427.2	lncRNA	many-to-many	GENCODE.v47vsM5776
ENSG00000294118.1	lncRNA	ENSMUSG00000119992.2	lncRNA	one-to-many	GENCODE.v47vsM5777
ENSG00000304506.1	lncRNA	ENSMUSG00000140343.1	lncRNA	many-to-many	GENCODE.v47vsM5778
ENSG00000296261.1	lncRNA	ENSMUSG00000131558.1	lncRNA	one-to-one	GENCODE.v47vsM5779
ENSG00000257595.4	lncRNA	ENSMUSG00000140369.1	lncRNA	one-to-many	GENCODE.v47vsM5780
ENSG00000264112.2	lncRNA	ENSMUSG00000087373.9	lncRNA	one-to-many	GENCODE.v47vsM5781
ENSG00000274895.1	lncRNA	ENSMUSG00000079045.6	lncRNA	one-to-many	GENCODE.v47vsM5782
ENSG00000272970.6	lncRNA	ENSMUSG00000120420.2	lncRNA	many-to-many	GENCODE.v47vsM5783
ENSG00000254389.4	lncRNA	ENSMUSG00000135023.1	lncRNA	one-to-one	GENCODE.v47vsM5784
ENSG00000272870.5	lncRNA	ENSMUSG00000096917.5	lncRNA	one-to-one	GENCODE.v47vsM5785
ENSG00000300507.1	lncRNA	ENSMUSG00000086890.3	lncRNA	one-to-one	GENCODE.v47vsM5786
ENSG00000290537.2	lncRNA	ENSMUSG00000121359.2	lncRNA	many-to-many	GENCODE.v47vsM5787
ENSG00000305385.1	lncRNA	ENSMUSG00000105868.2	lncRNA	one-to-one	GENCODE.v47vsM5788
ENSG00000245248.11	lncRNA	ENSMUSG00000111415.3	lncRNA	many-to-many	GENCODE.v47vsM5789
ENSG00000305040.1	lncRNA	ENSMUSG00000109203.3	lncRNA	one-to-one	GENCODE.v47vsM5790
ENSG00000306559.1	lncRNA	ENSMUSG00000135393.1	lncRNA	one-to-one	GENCODE.v47vsM5791
ENSG00000255468.8	lncRNA	ENSMUSG00000140864.1	lncRNA	one-to-one	GENCODE.v47vsM5792
ENSG00000235142.13	lncRNA	ENSMUSG00000075184.6	lncRNA	one-to-many	GENCODE.v47vsM5793
ENSG00000309003.1	lncRNA	ENSMUSG00000130305.1	lncRNA	one-to-one	GENCODE.v47vsM5794
ENSG00000302719.1	lncRNA	ENSMUSG00000138123.1	lncRNA	one-to-one	GENCODE.v47vsM5795
ENSG00000241388.7	lncRNA	ENSMUSG00000086140.2	lncRNA	one-to-many	GENCODE.v47vsM5796
ENSG00000308527.1	lncRNA	ENSMUSG00000108749.3	lncRNA	one-to-many	GENCODE.v47vsM5797
ENSG00000288095.3	lncRNA	ENSMUSG00000073590.5	lncRNA	one-to-one	GENCODE.v47vsM5798
ENSG00000186493.14	lncRNA	ENSMUSG00000093587.6	lncRNA	one-to-many	GENCODE.v47vsM5799
ENSG00000284656.1	lncRNA	ENSMUSG00000102869.5	lncRNA	one-to-many	GENCODE.v47vsM5800
ENSG00000296558.1	lncRNA	ENSMUSG00000097125.5	lncRNA	one-to-many	GENCODE.v47vsM5801
ENSG00000295914.1	lncRNA	ENSMUSG00000128955.1	lncRNA	many-to-many	GENCODE.v47vsM5802
ENSG00000286503.2	lncRNA	ENSMUSG00000142802.1	lncRNA	many-to-many	GENCODE.v47vsM5803
ENSG00000293508.2	lncRNA	ENSMUSG00000038311.16	lncRNA	many-to-many	GENCODE.v47vsM5804
ENSG00000253687.1	lncRNA	ENSMUSG00000086170.4	lncRNA	one-to-one	GENCODE.v47vsM5805
ENSG00000306793.1	lncRNA	ENSMUSG00000142619.1	lncRNA	one-to-one	GENCODE.v47vsM5806
ENSG00000289293.2	lncRNA	ENSMUSG00000140554.1	lncRNA	one-to-one	GENCODE.v47vsM5807
ENSG00000234323.11	lncRNA	ENSMUSG00000086371.2	lncRNA	one-to-many	GENCODE.v47vsM5808
ENSG00000225718.3	lncRNA	ENSMUSG00000103500.2	lncRNA	one-to-one	GENCODE.v47vsM5809
ENSG00000237753.3	lncRNA	ENSMUSG00000103009.3	lncRNA	one-to-many	GENCODE.v47vsM5810
ENSG00000289972.2	lncRNA	ENSMUSG00000122191.1	lncRNA	one-to-one	GENCODE.v47vsM5811
ENSG00000163364.13	lncRNA	ENSMUSG00000087333.3	lncRNA	one-to-one	GENCODE.v47vsM5812
ENSG00000257114.4	lncRNA	ENSMUSG00000124704.1	lncRNA	one-to-one	GENCODE.v47vsM5813
ENSG00000307882.1	lncRNA	ENSMUSG00000122303.1	lncRNA	one-to-many	GENCODE.v47vsM5814
ENSG00000304530.1	lncRNA	ENSMUSG00000126732.1	lncRNA	one-to-one	GENCODE.v47vsM5815
ENSG00000287060.2	lncRNA	ENSMUSG00000120170.2	lncRNA	one-to-one	GENCODE.v47vsM5816
ENSG00000301214.1	lncRNA	ENSMUSG00000141559.1	lncRNA	one-to-one	GENCODE.v47vsM5817
ENSG00000250846.7	lncRNA	ENSMUSG00000132128.1	lncRNA	one-to-one	GENCODE.v47vsM5818
ENSG00000303343.1	lncRNA	ENSMUSG00000112968.3	lncRNA	many-to-many	GENCODE.v47vsM5819
ENSG00000285866.2	lncRNA	ENSMUSG00000108800.3	lncRNA	one-to-many	GENCODE.v47vsM5820
ENSG00000304666.1	lncRNA	ENSMUSG00000122980.1	lncRNA	one-to-half	GENCODE.v47vsM5821
ENSG00000295178.1	lncRNA	ENSMUSG00000097089.4	lncRNA	one-to-one	GENCODE.v47vsM5822
ENSG00000288781.3	lncRNA	ENSMUSG00000106503.3	lncRNA	one-to-one	GENCODE.v47vsM5823
ENSG00000283215.3	lncRNA	ENSMUSG00000143199.1	lncRNA	one-to-one	GENCODE.v47vsM5824
ENSG00000262786.1	lncRNA	ENSMUSG00000127840.1	lncRNA	one-to-one	GENCODE.v47vsM5825
ENSG00000223734.4	lncRNA	ENSMUSG00000139238.1	lncRNA	one-to-one	GENCODE.v47vsM5826
ENSG00000230074.6	lncRNA	ENSMUSG00000142529.1	lncRNA	many-to-many	GENCODE.v47vsM5827
ENSG00000232412.2	lncRNA	ENSMUSG00000120132.2	lncRNA	one-to-many	GENCODE.v47vsM5828
ENSG00000248132.4	lncRNA	ENSMUSG00000109853.3	lncRNA	one-to-many	GENCODE.v47vsM5829
ENSG00000302563.1	lncRNA	ENSMUSG00000115811.2	lncRNA	one-to-one	GENCODE.v47vsM5830
ENSG00000231105.2	lncRNA	ENSMUSG00000136776.1	lncRNA	one-to-one	GENCODE.v47vsM5831
ENSG00000272914.1	lncRNA	ENSMUSG00000129803.1	lncRNA	one-to-one	GENCODE.v47vsM5832
ENSG00000254768.6	lncRNA	ENSMUSG00000136128.1	lncRNA	one-to-one	GENCODE.v47vsM5833
ENSG00000293093.1	lncRNA	ENSMUSG00000141100.1	lncRNA	many-to-many	GENCODE.v47vsM5834
ENSG00000275532.3	lncRNA	ENSMUSG00000138664.1	lncRNA	one-to-one	GENCODE.v47vsM5835
ENSG00000300753.1	lncRNA	ENSMUSG00000137288.1	lncRNA	many-to-many	GENCODE.v47vsM5836
ENSG00000257261.8	lncRNA	ENSMUSG00000120767.2	lncRNA	many-to-many	GENCODE.v47vsM5837
ENSG00000226709.1	lncRNA	ENSMUSG00000128222.1	lncRNA	one-to-many	GENCODE.v47vsM5838
ENSG00000294070.1	lncRNA	ENSMUSG00000122797.1	lncRNA	one-to-one	GENCODE.v47vsM5839
ENSG00000305032.1	lncRNA	ENSMUSG00000143710.1	lncRNA	one-to-one	GENCODE.v47vsM5840
ENSG00000289913.2	lncRNA	ENSMUSG00000128592.1	lncRNA	one-to-one	GENCODE.v47vsM5841
ENSG00000286451.2	lncRNA	ENSMUSG00000085034.3	lncRNA	one-to-one	GENCODE.v47vsM5842
ENSG00000233721.2	lncRNA	ENSMUSG00000085463.2	lncRNA	one-to-one	GENCODE.v47vsM5843
ENSG00000293256.2	lncRNA	ENSMUSG00000138717.1	lncRNA	many-to-many	GENCODE.v47vsM5844
ENSG00000257582.6	lncRNA	ENSMUSG00000092250.3	lncRNA	one-to-one	GENCODE.v47vsM5845
ENSG00000307898.1	lncRNA	ENSMUSG00000128456.1	lncRNA	one-to-one	GENCODE.v47vsM5846
ENSG00000289602.2	lncRNA	ENSMUSG00000138589.1	lncRNA	one-to-one	GENCODE.v47vsM5847
ENSG00000230749.6	lncRNA	ENSMUSG00000084085.4	lncRNA	one-to-many	GENCODE.v47vsM5848
ENSG00000272449.4	lncRNA	ENSMUSG00000120490.2	lncRNA	one-to-many	GENCODE.v47vsM5849
ENSG00000290425.2	lncRNA	ENSMUSG00000116743.2	lncRNA	many-to-many	GENCODE.v47vsM5850
ENSG00000225794.4	lncRNA	ENSMUSG00000123452.1	lncRNA	one-to-many	GENCODE.v47vsM5851
ENSG00000286399.2	lncRNA	ENSMUSG00000142975.1	lncRNA	many-to-many	GENCODE.v47vsM5852
ENSG00000301962.1	lncRNA	ENSMUSG00000133891.1	lncRNA	one-to-one	GENCODE.v47vsM5853
ENSG00000288804.2	lncRNA	ENSMUSG00000087361.9	lncRNA	one-to-one	GENCODE.v47vsM5854
ENSG00000251239.2	lncRNA	ENSMUSG00000123914.1	lncRNA	one-to-one	GENCODE.v47vsM5855
ENSG00000301449.1	lncRNA	ENSMUSG00000105283.4	lncRNA	many-to-many	GENCODE.v47vsM5856
ENSG00000231749.4	lncRNA	ENSMUSG00000127796.1	lncRNA	one-to-one	GENCODE.v47vsM5857
ENSG00000266846.2	lncRNA	ENSMUSG00000117004.3	lncRNA	one-to-many	GENCODE.v47vsM5858
ENSG00000290102.2	lncRNA	ENSMUSG00000120189.2	lncRNA	one-to-one	GENCODE.v47vsM5859
ENSG00000267924.1	lncRNA	ENSMUSG00000143702.1	lncRNA	many-to-many	GENCODE.v47vsM5860
ENSG00000306268.1	lncRNA	ENSMUSG00000110246.4	lncRNA	one-to-many	GENCODE.v47vsM5861
ENSG00000255363.4	lncRNA	ENSMUSG00000124539.1	lncRNA	one-to-one	GENCODE.v47vsM5862
ENSG00000260293.2	lncRNA	ENSMUSG00000125346.1	lncRNA	many-to-many	GENCODE.v47vsM5863
ENSG00000288586.2	lncRNA	ENSMUSG00000130931.1	lncRNA	one-to-one	GENCODE.v47vsM5864
ENSG00000296161.1	lncRNA	ENSMUSG00000086960.3	lncRNA	one-to-one	GENCODE.v47vsM5865
ENSG00000288766.2	lncRNA	ENSMUSG00000135848.1	lncRNA	many-to-many	GENCODE.v47vsM5866
ENSG00000231221.1	lncRNA	ENSMUSG00000102572.2	lncRNA	one-to-one	GENCODE.v47vsM5867
ENSG00000234456.11	lncRNA	ENSMUSG00000097626.8	lncRNA	one-to-one	GENCODE.v47vsM5868
ENSG00000288061.4	lncRNA	ENSMUSG00000127653.1	lncRNA	one-to-many	GENCODE.v47vsM5869
ENSG00000281358.2	lncRNA	ENSMUSG00000131172.1	lncRNA	one-to-one	GENCODE.v47vsM5870
ENSG00000290047.2	lncRNA	ENSMUSG00000120154.2	lncRNA	many-to-many	GENCODE.v47vsM5871
ENSG00000231177.4	lncRNA	ENSMUSG00000097994.2	lncRNA	one-to-one	GENCODE.v47vsM5872
ENSG00000279220.5	lncRNA	ENSMUSG00000086730.4	lncRNA	many-to-many	GENCODE.v47vsM5873
ENSG00000286074.2	lncRNA	ENSMUSG00000131613.1	lncRNA	one-to-one	GENCODE.v47vsM5874
ENSG00000299078.1	lncRNA	ENSMUSG00000133132.1	lncRNA	one-to-one	GENCODE.v47vsM5875
ENSG00000306850.1	lncRNA	ENSMUSG00000142581.1	lncRNA	one-to-one	GENCODE.v47vsM5876
ENSG00000224138.1	lncRNA	ENSMUSG00000043340.5	lncRNA	one-to-one	GENCODE.v47vsM5877
ENSG00000308723.1	lncRNA	ENSMUSG00000110902.4	lncRNA	one-to-one	GENCODE.v47vsM5878
ENSG00000267391.8	lncRNA	ENSMUSG00000118017.4	lncRNA	many-to-many	GENCODE.v47vsM5879
ENSG00000176124.16	lncRNA	ENSMUSG00000097997.3	lncRNA	many-to-many	GENCODE.v47vsM5880
ENSG00000294667.1	lncRNA	ENSMUSG00000056753.5	lncRNA	one-to-many	GENCODE.v47vsM5881
ENSG00000286570.1	lncRNA	ENSMUSG00000131757.1	lncRNA	one-to-one	GENCODE.v47vsM5882
ENSG00000226426.2	lncRNA	ENSMUSG00000101338.2	lncRNA	one-to-one	GENCODE.v47vsM5883
ENSG00000286974.1	lncRNA	ENSMUSG00000125580.1	lncRNA	one-to-many	GENCODE.v47vsM5884
ENSG00000306206.1	lncRNA	ENSMUSG00000141215.1	lncRNA	many-to-many	GENCODE.v47vsM5885
ENSG00000293791.1	lncRNA	ENSMUSG00000141783.1	lncRNA	one-to-many	GENCODE.v47vsM5886
ENSG00000261018.1	lncRNA	ENSMUSG00000085008.3	lncRNA	one-to-one	GENCODE.v47vsM5887
ENSG00000306797.1	lncRNA	ENSMUSG00000144164.1	lncRNA	one-to-one	GENCODE.v47vsM5888
ENSG00000288743.2	lncRNA	ENSMUSG00000121823.1	lncRNA	many-to-many	GENCODE.v47vsM5889
ENSG00000258325.3	lncRNA	ENSMUSG00000059659.10	lncRNA	many-to-many	GENCODE.v47vsM5890
ENSG00000165511.7	lncRNA	ENSMUSG00000121336.2	lncRNA	many-to-many	GENCODE.v47vsM5891
ENSG00000267064.2	lncRNA	ENSMUSG00000086877.10	lncRNA	one-to-one	GENCODE.v47vsM5892
ENSG00000300282.1	lncRNA	ENSMUSG00000143174.1	lncRNA	one-to-one	GENCODE.v47vsM5893
ENSG00000259234.9	lncRNA	ENSMUSG00000098627.9	lncRNA	one-to-one	GENCODE.v47vsM5894
ENSG00000303715.1	lncRNA	ENSMUSG00000142117.1	lncRNA	one-to-one	GENCODE.v47vsM5895
ENSG00000248668.4	lncRNA	ENSMUSG00000087221.5	lncRNA	one-to-one	GENCODE.v47vsM5896
ENSG00000289979.2	lncRNA	ENSMUSG00000115154.3	lncRNA	one-to-one	GENCODE.v47vsM5897
ENSG00000237505.9	lncRNA	ENSMUSG00000105324.2	lncRNA	many-to-many	GENCODE.v47vsM5898
ENSG00000224189.9	lncRNA	ENSMUSG00000075277.7	lncRNA	one-to-one	GENCODE.v47vsM5899
ENSG00000290123.2	lncRNA	ENSMUSG00000087352.4	lncRNA	one-to-one	GENCODE.v47vsM5900
ENSG00000294432.1	lncRNA	ENSMUSG00000085338.3	lncRNA	one-to-one	GENCODE.v47vsM5901
ENSG00000267898.2	lncRNA	ENSMUSG00000137874.1	lncRNA	one-to-one	GENCODE.v47vsM5902
ENSG00000265888.5	lncRNA	ENSMUSG00000142535.1	lncRNA	one-to-one	GENCODE.v47vsM5903
ENSG00000291024.2	lncRNA	ENSMUSG00000121456.2	lncRNA	many-to-many	GENCODE.v47vsM5904
ENSG00000229980.6	lncRNA	ENSMUSG00000143413.1	lncRNA	many-to-many	GENCODE.v47vsM5905
ENSG00000293597.3	lncRNA	ENSMUSG00000140643.1	lncRNA	many-to-many	GENCODE.v47vsM5906
ENSG00000260360.3	lncRNA	ENSMUSG00000102833.2	lncRNA	one-to-one	GENCODE.v47vsM5907
ENSG00000235532.3	lncRNA	ENSMUSG00000115506.2	lncRNA	one-to-many	GENCODE.v47vsM5908
ENSG00000286069.3	lncRNA	ENSMUSG00000128854.1	lncRNA	many-to-many	GENCODE.v47vsM5909
ENSG00000213121.3	lncRNA	ENSMUSG00000134279.1	lncRNA	one-to-one	GENCODE.v47vsM5910
ENSG00000298550.1	lncRNA	ENSMUSG00000097825.7	lncRNA	one-to-one	GENCODE.v47vsM5911
ENSG00000273391.2	lncRNA	ENSMUSG00000139762.1	lncRNA	one-to-one	GENCODE.v47vsM5912
ENSG00000237036.8	lncRNA	ENSMUSG00000063087.17	lncRNA	one-to-one	GENCODE.v47vsM5913
ENSG00000275025.1	lncRNA	ENSMUSG00000087630.3	lncRNA	one-to-one	GENCODE.v47vsM5914
ENSG00000287900.2	lncRNA	ENSMUSG00000125992.1	lncRNA	one-to-one	GENCODE.v47vsM5915
ENSG00000232590.2	lncRNA	ENSMUSG00000118150.4	lncRNA	one-to-one	GENCODE.v47vsM5916
ENSG00000287255.4	lncRNA	ENSMUSG00000132310.1	lncRNA	one-to-one	GENCODE.v47vsM5917
ENSG00000290018.1	lncRNA	ENSMUSG00000131401.1	lncRNA	many-to-many	GENCODE.v47vsM5918
ENSG00000293464.2	lncRNA	ENSMUSG00000029878.7	lncRNA	many-to-many	GENCODE.v47vsM5919
ENSG00000229224.3	lncRNA	ENSMUSG00000130020.1	lncRNA	one-to-one	GENCODE.v47vsM5920
ENSG00000277383.3	lncRNA	ENSMUSG00000120250.2	lncRNA	one-to-one	GENCODE.v47vsM5921
ENSG00000309217.1	lncRNA	ENSMUSG00000121782.1	lncRNA	many-to-many	GENCODE.v47vsM5922
ENSG00000307896.1	lncRNA	ENSMUSG00000139340.1	lncRNA	one-to-many	GENCODE.v47vsM5923
ENSG00000243069.9	lncRNA	ENSMUSG00000130694.1	lncRNA	one-to-many	GENCODE.v47vsM5924
ENSG00000272274.6	lncRNA	ENSMUSG00000109062.3	lncRNA	many-to-many	GENCODE.v47vsM5925
ENSG00000276744.1	lncRNA	ENSMUSG00000120762.2	lncRNA	one-to-one	GENCODE.v47vsM5926
ENSG00000286845.1	lncRNA	ENSMUSG00000109696.3	lncRNA	one-to-one	GENCODE.v47vsM5927
ENSG00000297260.1	lncRNA	ENSMUSG00000085261.4	lncRNA	one-to-many	GENCODE.v47vsM5928
ENSG00000293159.2	lncRNA	ENSMUSG00000133929.1	lncRNA	many-to-many	GENCODE.v47vsM5929
ENSG00000275964.3	lncRNA	ENSMUSG00000100017.4	lncRNA	one-to-one	GENCODE.v47vsM5930
ENSG00000235954.10	lncRNA	ENSMUSG00000106374.2	lncRNA	many-to-many	GENCODE.v47vsM5931
ENSG00000294501.1	lncRNA	ENSMUSG00000120148.2	lncRNA	one-to-one	GENCODE.v47vsM5932
ENSG00000230074.6	lncRNA	ENSMUSG00000142746.1	lncRNA	many-to-many	GENCODE.v47vsM5933
ENSG00000288988.2	lncRNA	ENSMUSG00000090207.4	lncRNA	one-to-one	GENCODE.v47vsM5934
ENSG00000297063.1	lncRNA	ENSMUSG00000085632.4	lncRNA	one-to-one	GENCODE.v47vsM5935
ENSG00000152931.10	lncRNA	ENSMUSG00000123152.1	lncRNA	many-to-many	GENCODE.v47vsM5936
ENSG00000248555.8	lncRNA	ENSMUSG00000143344.1	lncRNA	one-to-one	GENCODE.v47vsM5937
ENSG00000253389.3	lncRNA	ENSMUSG00000086741.3	lncRNA	one-to-many	GENCODE.v47vsM5938
ENSG00000309444.1	lncRNA	ENSMUSG00000136622.1	lncRNA	one-to-one	GENCODE.v47vsM5939
ENSG00000271046.2	lncRNA	ENSMUSG00000087485.3	lncRNA	one-to-one	GENCODE.v47vsM5940
ENSG00000307881.1	lncRNA	ENSMUSG00000104686.2	lncRNA	many-to-many	GENCODE.v47vsM5941
ENSG00000260664.5	lncRNA	ENSMUSG00000120008.2	lncRNA	one-to-one	GENCODE.v47vsM5942
ENSG00000302685.1	lncRNA	ENSMUSG00000125861.1	lncRNA	one-to-one	GENCODE.v47vsM5943
ENSG00000287644.2	lncRNA	ENSMUSG00000141581.1	lncRNA	one-to-many	GENCODE.v47vsM5944
ENSG00000294569.1	lncRNA	ENSMUSG00000121777.1	lncRNA	many-to-many	GENCODE.v47vsM5945
ENSG00000300422.1	lncRNA	ENSMUSG00000108025.3	lncRNA	one-to-one	GENCODE.v47vsM5946
ENSG00000293599.1	lncRNA	ENSMUSG00000143061.1	lncRNA	one-to-many	GENCODE.v47vsM5947
ENSG00000251600.10	lncRNA	ENSMUSG00000120731.2	lncRNA	many-to-many	GENCODE.v47vsM5948
ENSG00000261316.2	lncRNA	ENSMUSG00000100616.3	lncRNA	one-to-one	GENCODE.v47vsM5949
ENSG00000242759.10	lncRNA	ENSMUSG00000116706.2	lncRNA	one-to-one	GENCODE.v47vsM5950
ENSG00000280367.1	lncRNA	ENSMUSG00000128705.1	lncRNA	one-to-many	GENCODE.v47vsM5951
ENSG00000289497.3	lncRNA	ENSMUSG00000132534.1	lncRNA	one-to-one	GENCODE.v47vsM5952
ENSG00000287825.4	lncRNA	ENSMUSG00000142354.1	lncRNA	one-to-one	GENCODE.v47vsM5953
ENSG00000247556.8	lncRNA	ENSMUSG00000085438.4	lncRNA	one-to-many	GENCODE.v47vsM5954
ENSG00000287645.2	lncRNA	ENSMUSG00000087625.3	lncRNA	one-to-many	GENCODE.v47vsM5955
ENSG00000231185.10	lncRNA	ENSMUSG00000118257.3	lncRNA	one-to-one	GENCODE.v47vsM5956
ENSG00000286427.2	lncRNA	ENSMUSG00000097580.3	lncRNA	one-to-one	GENCODE.v47vsM5957
ENSG00000273124.2	lncRNA	ENSMUSG00000117990.4	lncRNA	one-to-one	GENCODE.v47vsM5958
ENSG00000267858.9	lncRNA	ENSMUSG00000124114.1	lncRNA	many-to-many	GENCODE.v47vsM5959
ENSG00000306114.1	lncRNA	ENSMUSG00000128987.1	lncRNA	one-to-one	GENCODE.v47vsM5960
ENSG00000228060.4	lncRNA	ENSMUSG00000123614.1	lncRNA	many-to-many	GENCODE.v47vsM5961
ENSG00000302049.1	lncRNA	ENSMUSG00000115762.3	lncRNA	many-to-many	GENCODE.v47vsM5962
ENSG00000293508.2	lncRNA	ENSMUSG00000079505.4	lncRNA	many-to-many	GENCODE.v47vsM5963
ENSG00000235257.12	lncRNA	ENSMUSG00000124003.1	lncRNA	many-to-many	GENCODE.v47vsM5964
ENSG00000300534.1	lncRNA	ENSMUSG00000122024.1	lncRNA	one-to-one	GENCODE.v47vsM5965
ENSG00000231119.3	lncRNA	ENSMUSG00000086820.3	lncRNA	one-to-one	GENCODE.v47vsM5966
ENSG00000130600.23	lncRNA	ENSMUSG00000000031.20	lncRNA	many-to-many	GENCODE.v47vsM5967
ENSG00000229739.5	lncRNA	ENSMUSG00000099447.2	lncRNA	one-to-one	GENCODE.v47vsM5968
ENSG00000233237.10	lncRNA	ENSMUSG00000097970.2	lncRNA	many-to-many	GENCODE.v47vsM5969
ENSG00000289312.2	lncRNA	ENSMUSG00000069713.5	lncRNA	one-to-one	GENCODE.v47vsM5970
ENSG00000287003.2	lncRNA	ENSMUSG00000120889.2	lncRNA	one-to-many	GENCODE.v47vsM5971
ENSG00000253552.8	lncRNA	ENSMUSG00000101451.2	lncRNA	many-to-many	GENCODE.v47vsM5972
ENSG00000224509.5	lncRNA	ENSMUSG00000129759.1	lncRNA	one-to-one	GENCODE.v47vsM5973
ENSG00000235823.6	lncRNA	ENSMUSG00000117796.3	lncRNA	many-to-many	GENCODE.v47vsM5974
ENSG00000253552.8	lncRNA	ENSMUSG00000056468.5	lncRNA	many-to-many	GENCODE.v47vsM5975
ENSG00000302791.1	lncRNA	ENSMUSG00000139601.1	lncRNA	one-to-one	GENCODE.v47vsM5976
ENSG00000289852.2	lncRNA	ENSMUSG00000127346.1	lncRNA	one-to-many	GENCODE.v47vsM5977
ENSG00000295916.1	lncRNA	ENSMUSG00000134492.1	lncRNA	one-to-one	GENCODE.v47vsM5978
ENSG00000231881.3	lncRNA	ENSMUSG00000135801.1	lncRNA	one-to-many	GENCODE.v47vsM5979
ENSG00000290718.2	lncRNA	ENSMUSG00000121456.2	lncRNA	many-to-many	GENCODE.v47vsM5980
ENSG00000253925.2	lncRNA	ENSMUSG00000087245.2	lncRNA	one-to-many	GENCODE.v47vsM5981
ENSG00000276728.3	lncRNA	ENSMUSG00000120826.2	lncRNA	many-to-many	GENCODE.v47vsM5982
ENSG00000298387.1	lncRNA	ENSMUSG00000144145.1	lncRNA	one-to-one	GENCODE.v47vsM5983
ENSG00000279518.1	lncRNA	ENSMUSG00000104324.2	lncRNA	one-to-many	GENCODE.v47vsM5984
ENSG00000300387.1	lncRNA	ENSMUSG00000120566.2	lncRNA	one-to-many	GENCODE.v47vsM5985
ENSG00000304882.1	lncRNA	ENSMUSG00000091154.5	lncRNA	one-to-one	GENCODE.v47vsM5986
ENSG00000254254.8	lncRNA	ENSMUSG00000085996.2	lncRNA	one-to-one	GENCODE.v47vsM5987
ENSG00000228606.5	lncRNA	ENSMUSG00000126632.1	lncRNA	many-to-many	GENCODE.v47vsM5988
ENSG00000287012.1	lncRNA	ENSMUSG00000127437.1	lncRNA	one-to-one	GENCODE.v47vsM5989
ENSG00000226889.5	lncRNA	ENSMUSG00000053925.7	lncRNA	one-to-many	GENCODE.v47vsM5990
ENSG00000293339.1	lncRNA	ENSMUSG00000121708.1	lncRNA	many-to-many	GENCODE.v47vsM5991
ENSG00000253302.1	lncRNA	ENSMUSG00000100868.2	lncRNA	one-to-one	GENCODE.v47vsM5992
ENSG00000285278.2	lncRNA	ENSMUSG00000114936.2	lncRNA	one-to-one	GENCODE.v47vsM5993
ENSG00000206417.9	lncRNA	ENSMUSG00000084950.9	lncRNA	many-to-many	GENCODE.v47vsM5994
ENSG00000268403.4	lncRNA	ENSMUSG00000140136.1	lncRNA	one-to-many	GENCODE.v47vsM5995
ENSG00000258636.3	lncRNA	ENSMUSG00000113429.4	lncRNA	one-to-one	GENCODE.v47vsM5996
ENSG00000306891.1	lncRNA	ENSMUSG00000086111.4	lncRNA	one-to-one	GENCODE.v47vsM5997
ENSG00000256422.9	lncRNA	ENSMUSG00000142035.1	lncRNA	one-to-one	GENCODE.v47vsM5998
ENSG00000213468.8	lncRNA	ENSMUSG00000085396.10	lncRNA	many-to-many	GENCODE.v47vsM5999
ENSG00000301575.1	lncRNA	ENSMUSG00000101028.3	lncRNA	one-to-many	GENCODE.v47vsM6000
ENSG00000272447.1	lncRNA	ENSMUSG00000137021.1	lncRNA	one-to-half	GENCODE.v47vsM6001
ENSG00000302169.1	lncRNA	ENSMUSG00000125308.1	lncRNA	one-to-one	GENCODE.v47vsM6002
ENSG00000304175.1	lncRNA	ENSMUSG00000139057.1	lncRNA	one-to-many	GENCODE.v47vsM6003
ENSG00000240405.8	lncRNA	ENSMUSG00000107902.3	lncRNA	many-to-many	GENCODE.v47vsM6004
ENSG00000263235.1	lncRNA	ENSMUSG00000084790.3	lncRNA	one-to-many	GENCODE.v47vsM6005
ENSG00000249959.7	lncRNA	ENSMUSG00000132262.1	lncRNA	one-to-one	GENCODE.v47vsM6006
ENSG00000265401.2	lncRNA	ENSMUSG00000087120.4	lncRNA	one-to-many	GENCODE.v47vsM6007
ENSG00000237248.7	lncRNA	ENSMUSG00000124246.1	lncRNA	many-to-many	GENCODE.v47vsM6008
ENSG00000300560.1	lncRNA	ENSMUSG00000137927.1	lncRNA	one-to-one	GENCODE.v47vsM6009
ENSG00000218537.1	lncRNA	ENSMUSG00000086381.2	lncRNA	many-to-many	GENCODE.v47vsM6010
ENSG00000294145.1	lncRNA	ENSMUSG00000107374.2	lncRNA	one-to-one	GENCODE.v47vsM6011
ENSG00000304732.1	lncRNA	ENSMUSG00000107350.3	lncRNA	one-to-one	GENCODE.v47vsM6012
ENSG00000272462.5	lncRNA	ENSMUSG00000075029.9	lncRNA	one-to-one	GENCODE.v47vsM6013
ENSG00000264647.1	lncRNA	ENSMUSG00000126356.1	lncRNA	one-to-one	GENCODE.v47vsM6014
ENSG00000302520.1	lncRNA	ENSMUSG00000129311.1	lncRNA	one-to-many	GENCODE.v47vsM6015
ENSG00000305192.1	lncRNA	ENSMUSG00000097738.4	lncRNA	one-to-one	GENCODE.v47vsM6016
ENSG00000302850.1	lncRNA	ENSMUSG00000124030.1	lncRNA	one-to-one	GENCODE.v47vsM6017
ENSG00000295211.1	lncRNA	ENSMUSG00000097988.3	lncRNA	one-to-one	GENCODE.v47vsM6018
ENSG00000253230.12	lncRNA	ENSMUSG00000097545.10	lncRNA	many-to-many	GENCODE.v47vsM6019
ENSG00000303230.1	lncRNA	ENSMUSG00000124034.1	lncRNA	many-to-many	GENCODE.v47vsM6020
ENSG00000304563.1	lncRNA	ENSMUSG00000132260.1	lncRNA	many-to-many	GENCODE.v47vsM6021
ENSG00000188693.9	lncRNA	ENSMUSG00000122831.1	lncRNA	one-to-one	GENCODE.v47vsM6022
ENSG00000263826.1	lncRNA	ENSMUSG00000124019.1	lncRNA	one-to-one	GENCODE.v47vsM6023
ENSG00000231246.4	lncRNA	ENSMUSG00000141152.1	lncRNA	one-to-many	GENCODE.v47vsM6024
ENSG00000232876.2	lncRNA	ENSMUSG00000112654.3	lncRNA	one-to-one	GENCODE.v47vsM6025
ENSG00000236107.12	lncRNA	ENSMUSG00000087301.10	lncRNA	one-to-many	GENCODE.v47vsM6026
ENSG00000307478.1	lncRNA	ENSMUSG00000086501.3	lncRNA	one-to-one	GENCODE.v47vsM6027
ENSG00000225940.8	lncRNA	ENSMUSG00000122587.1	lncRNA	one-to-one	GENCODE.v47vsM6028
ENSG00000280371.1	lncRNA	ENSMUSG00000117334.3	lncRNA	one-to-one	GENCODE.v47vsM6029
ENSG00000239523.9	lncRNA	ENSMUSG00000116840.3	lncRNA	one-to-many	GENCODE.v47vsM6030
ENSG00000259062.3	lncRNA	ENSMUSG00000131085.1	lncRNA	one-to-many	GENCODE.v47vsM6031
ENSG00000287644.2	lncRNA	ENSMUSG00000141612.1	lncRNA	one-to-many	GENCODE.v47vsM6032
ENSG00000228271.3	lncRNA	ENSMUSG00000101888.3	lncRNA	one-to-one	GENCODE.v47vsM6033
ENSG00000246863.3	lncRNA	ENSMUSG00000138935.1	lncRNA	one-to-one	GENCODE.v47vsM6034
ENSG00000228355.2	lncRNA	ENSMUSG00000141761.1	lncRNA	one-to-many	GENCODE.v47vsM6035
ENSG00000303952.1	lncRNA	ENSMUSG00000130444.1	lncRNA	one-to-one	GENCODE.v47vsM6036
ENSG00000250900.7	lncRNA	ENSMUSG00000086245.2	lncRNA	one-to-many	GENCODE.v47vsM6037
ENSG00000301306.1	lncRNA	ENSMUSG00000047938.9	lncRNA	one-to-one	GENCODE.v47vsM6038
ENSG00000257084.3	lncRNA	ENSMUSG00000087327.3	lncRNA	many-to-many	GENCODE.v47vsM6039
ENSG00000287595.4	lncRNA	ENSMUSG00000143997.1	lncRNA	one-to-one	GENCODE.v47vsM6040
ENSG00000301413.1	lncRNA	ENSMUSG00000141507.1	lncRNA	one-to-one	GENCODE.v47vsM6041
ENSG00000273396.4	lncRNA	ENSMUSG00000129890.1	lncRNA	one-to-one	GENCODE.v47vsM6042
ENSG00000226571.3	lncRNA	ENSMUSG00000112587.3	lncRNA	one-to-many	GENCODE.v47vsM6043
ENSG00000303343.1	lncRNA	ENSMUSG00000122274.1	lncRNA	many-to-many	GENCODE.v47vsM6044
ENSG00000235142.13	lncRNA	ENSMUSG00000111422.3	lncRNA	one-to-many	GENCODE.v47vsM6045
ENSG00000282840.1	lncRNA	ENSMUSG00000142748.1	lncRNA	one-to-one	GENCODE.v47vsM6046
ENSG00000289339.3	lncRNA	ENSMUSG00000089766.4	lncRNA	one-to-many	GENCODE.v47vsM6047
ENSG00000288732.2	lncRNA	ENSMUSG00000120337.2	lncRNA	one-to-one	GENCODE.v47vsM6048
ENSG00000259003.4	lncRNA	ENSMUSG00000130654.1	lncRNA	one-to-many	GENCODE.v47vsM6049
ENSG00000285219.5	lncRNA	ENSMUSG00000096932.4	lncRNA	one-to-many	GENCODE.v47vsM6050
ENSG00000290735.2	lncRNA	ENSMUSG00000050936.7	lncRNA	many-to-many	GENCODE.v47vsM6051
ENSG00000180769.10	lncRNA	ENSMUSG00000106492.4	lncRNA	one-to-one	GENCODE.v47vsM6052
ENSG00000236866.6	lncRNA	ENSMUSG00000053957.8	lncRNA	one-to-one	GENCODE.v47vsM6053
ENSG00000258820.6	lncRNA	ENSMUSG00000140046.1	lncRNA	many-to-many	GENCODE.v47vsM6054
ENSG00000302462.1	lncRNA	ENSMUSG00000107394.3	lncRNA	many-to-many	GENCODE.v47vsM6055
ENSG00000279082.6	lncRNA	ENSMUSG00000086509.4	lncRNA	many-to-many	GENCODE.v47vsM6056
ENSG00000291134.1	lncRNA	ENSMUSG00000139670.1	lncRNA	many-to-many	GENCODE.v47vsM6057
ENSG00000254106.2	lncRNA	ENSMUSG00000087439.2	lncRNA	one-to-half	GENCODE.v47vsM6058
ENSG00000248714.8	lncRNA	ENSMUSG00000086191.4	lncRNA	one-to-many	GENCODE.v47vsM6059
ENSG00000267204.1	lncRNA	ENSMUSG00000143093.1	lncRNA	one-to-one	GENCODE.v47vsM6060
ENSG00000267924.1	lncRNA	ENSMUSG00000126632.1	lncRNA	many-to-many	GENCODE.v47vsM6061
ENSG00000288840.2	lncRNA	ENSMUSG00000113883.3	lncRNA	one-to-many	GENCODE.v47vsM6062
ENSG00000250032.2	lncRNA	ENSMUSG00000127729.1	lncRNA	one-to-one	GENCODE.v47vsM6063
ENSG00000295628.1	lncRNA	ENSMUSG00000134120.1	lncRNA	one-to-many	GENCODE.v47vsM6064
ENSG00000297995.1	lncRNA	ENSMUSG00000136538.1	lncRNA	one-to-one	GENCODE.v47vsM6065
ENSG00000226465.6	lncRNA	ENSMUSG00000121381.1	lncRNA	many-to-many	GENCODE.v47vsM6066
ENSG00000309891.1	lncRNA	ENSMUSG00000136668.1	lncRNA	one-to-one	GENCODE.v47vsM6067
ENSG00000290522.2	lncRNA	ENSMUSG00000121402.2	lncRNA	many-to-many	GENCODE.v47vsM6068
ENSG00000303929.1	lncRNA	ENSMUSG00000115266.3	lncRNA	one-to-one	GENCODE.v47vsM6069
ENSG00000279088.3	lncRNA	ENSMUSG00000137335.1	lncRNA	one-to-many	GENCODE.v47vsM6070
ENSG00000308326.1	lncRNA	ENSMUSG00000112547.3	lncRNA	one-to-one	GENCODE.v47vsM6071
ENSG00000272568.7	lncRNA	ENSMUSG00000108255.3	lncRNA	one-to-many	GENCODE.v47vsM6072
ENSG00000251393.5	lncRNA	ENSMUSG00000138038.1	lncRNA	one-to-one	GENCODE.v47vsM6073
ENSG00000287315.1	lncRNA	ENSMUSG00000072902.5	lncRNA	one-to-one	GENCODE.v47vsM6074
ENSG00000288927.3	lncRNA	ENSMUSG00000120660.2	lncRNA	one-to-one	GENCODE.v47vsM6075
ENSG00000293097.1	lncRNA	ENSMUSG00000127923.1	lncRNA	many-to-many	GENCODE.v47vsM6076
ENSG00000254165.1	lncRNA	ENSMUSG00000097042.4	lncRNA	one-to-many	GENCODE.v47vsM6077
ENSG00000250041.4	lncRNA	ENSMUSG00000137679.1	lncRNA	one-to-one	GENCODE.v47vsM6078
ENSG00000293220.2	lncRNA	ENSMUSG00000100357.3	lncRNA	many-to-many	GENCODE.v47vsM6079
ENSG00000304948.1	lncRNA	ENSMUSG00000128758.1	lncRNA	one-to-many	GENCODE.v47vsM6080
ENSG00000284678.2	lncRNA	ENSMUSG00000086153.2	lncRNA	many-to-many	GENCODE.v47vsM6081
ENSG00000295733.1	lncRNA	ENSMUSG00000131034.1	lncRNA	one-to-one	GENCODE.v47vsM6082
ENSG00000286508.2	lncRNA	ENSMUSG00000118456.3	lncRNA	one-to-one	GENCODE.v47vsM6083
ENSG00000299264.1	lncRNA	ENSMUSG00000120539.2	lncRNA	many-to-many	GENCODE.v47vsM6084
ENSG00000309961.1	lncRNA	ENSMUSG00000086788.4	lncRNA	one-to-one	GENCODE.v47vsM6085
ENSG00000303700.1	lncRNA	ENSMUSG00000120903.2	lncRNA	one-to-one	GENCODE.v47vsM6086
ENSG00000248373.8	lncRNA	ENSMUSG00000105952.3	lncRNA	one-to-many	GENCODE.v47vsM6087
ENSG00000303726.1	lncRNA	ENSMUSG00000141834.1	lncRNA	one-to-one	GENCODE.v47vsM6088
ENSG00000244619.3	lncRNA	ENSMUSG00000129463.1	lncRNA	one-to-one	GENCODE.v47vsM6089
ENSG00000258455.1	lncRNA	ENSMUSG00000115145.3	lncRNA	one-to-one	GENCODE.v47vsM6090
ENSG00000306274.1	lncRNA	ENSMUSG00000121763.1	lncRNA	many-to-many	GENCODE.v47vsM6091
ENSG00000307735.1	lncRNA	ENSMUSG00000128728.1	lncRNA	one-to-one	GENCODE.v47vsM6092
ENSG00000255571.10	lncRNA	ENSMUSG00000108616.4	lncRNA	many-to-many	GENCODE.v47vsM6093
ENSG00000233593.13	lncRNA	ENSMUSG00000099061.4	lncRNA	many-to-many	GENCODE.v47vsM6094
ENSG00000285773.2	lncRNA	ENSMUSG00000085971.7	lncRNA	many-to-many	GENCODE.v47vsM6095
ENSG00000253553.10	lncRNA	ENSMUSG00000120707.2	lncRNA	many-to-many	GENCODE.v47vsM6096
ENSG00000307168.1	lncRNA	ENSMUSG00000114743.3	lncRNA	one-to-one	GENCODE.v47vsM6097
ENSG00000303770.1	lncRNA	ENSMUSG00000127066.1	lncRNA	many-to-many	GENCODE.v47vsM6098
ENSG00000260032.3	lncRNA	ENSMUSG00000138375.1	lncRNA	many-to-many	GENCODE.v47vsM6099
ENSG00000267325.3	lncRNA	ENSMUSG00000117889.3	lncRNA	one-to-one	GENCODE.v47vsM6100
ENSG00000256750.3	lncRNA	ENSMUSG00000128565.1	lncRNA	one-to-half	GENCODE.v47vsM6101
ENSG00000309944.1	lncRNA	ENSMUSG00000127630.1	lncRNA	one-to-many	GENCODE.v47vsM6102
ENSG00000251165.7	lncRNA	ENSMUSG00000110260.3	lncRNA	one-to-one	GENCODE.v47vsM6103
ENSG00000306055.1	lncRNA	ENSMUSG00000134348.1	lncRNA	one-to-one	GENCODE.v47vsM6104
ENSG00000306196.1	lncRNA	ENSMUSG00000134861.1	lncRNA	one-to-one	GENCODE.v47vsM6105
ENSG00000284879.1	lncRNA	ENSMUSG00000074813.17	lncRNA	many-to-many	GENCODE.v47vsM6106
ENSG00000288007.2	lncRNA	ENSMUSG00000137889.1	lncRNA	one-to-half	GENCODE.v47vsM6107
ENSG00000310223.1	lncRNA	ENSMUSG00000131121.1	lncRNA	one-to-one	GENCODE.v47vsM6108
ENSG00000244302.3	lncRNA	ENSMUSG00000087625.3	lncRNA	one-to-many	GENCODE.v47vsM6109
ENSG00000294254.1	lncRNA	ENSMUSG00000120140.2	lncRNA	one-to-one	GENCODE.v47vsM6110
ENSG00000231248.4	lncRNA	ENSMUSG00000101356.4	lncRNA	one-to-many	GENCODE.v47vsM6111
ENSG00000240990.10	lncRNA	ENSMUSG00000086427.10	lncRNA	many-to-many	GENCODE.v47vsM6112
ENSG00000294927.1	lncRNA	ENSMUSG00000133367.1	lncRNA	one-to-one	GENCODE.v47vsM6113
ENSG00000257086.2	lncRNA	ENSMUSG00000138687.1	lncRNA	many-to-many	GENCODE.v47vsM6114
ENSG00000226312.7	lncRNA	ENSMUSG00000142788.1	lncRNA	one-to-many	GENCODE.v47vsM6115
ENSG00000298646.1	lncRNA	ENSMUSG00000052371.7	lncRNA	one-to-many	GENCODE.v47vsM6116
ENSG00000297059.1	lncRNA	ENSMUSG00000110383.3	lncRNA	one-to-one	GENCODE.v47vsM6117
ENSG00000253738.4	lncRNA	ENSMUSG00000109861.3	lncRNA	one-to-many	GENCODE.v47vsM6118
ENSG00000256292.3	lncRNA	ENSMUSG00000136763.1	lncRNA	one-to-many	GENCODE.v47vsM6119
ENSG00000237737.6	lncRNA	ENSMUSG00000085782.3	lncRNA	one-to-one	GENCODE.v47vsM6120
ENSG00000248323.9	lncRNA	ENSMUSG00000097098.10	lncRNA	many-to-many	GENCODE.v47vsM6121
ENSG00000285367.4	lncRNA	ENSMUSG00000120400.2	lncRNA	one-to-many	GENCODE.v47vsM6122
ENSG00000306197.1	lncRNA	ENSMUSG00000085596.3	lncRNA	many-to-many	GENCODE.v47vsM6123
ENSG00000240207.8	lncRNA	ENSMUSG00000126085.1	lncRNA	one-to-many	GENCODE.v47vsM6124
ENSG00000254302.3	lncRNA	ENSMUSG00000110006.3	lncRNA	one-to-many	GENCODE.v47vsM6125
ENSG00000308809.1	lncRNA	ENSMUSG00000124892.1	lncRNA	one-to-one	GENCODE.v47vsM6126
ENSG00000229970.3	lncRNA	ENSMUSG00000127372.1	lncRNA	one-to-many	GENCODE.v47vsM6127
ENSG00000258017.4	lncRNA	ENSMUSG00000130763.1	lncRNA	one-to-many	GENCODE.v47vsM6128
ENSG00000286416.2	lncRNA	ENSMUSG00000122249.1	lncRNA	one-to-one	GENCODE.v47vsM6129
ENSG00000243926.4	lncRNA	ENSMUSG00000121725.2	lncRNA	many-to-many	GENCODE.v47vsM6130
ENSG00000289331.2	lncRNA	ENSMUSG00000120947.1	lncRNA	one-to-one	GENCODE.v47vsM6131
ENSG00000265843.4	lncRNA	ENSMUSG00000118073.3	lncRNA	one-to-one	GENCODE.v47vsM6132
ENSG00000244625.8	lncRNA	ENSMUSG00000131045.1	lncRNA	many-to-many	GENCODE.v47vsM6133
ENSG00000289151.3	lncRNA	ENSMUSG00000133726.1	lncRNA	one-to-one	GENCODE.v47vsM6134
ENSG00000291175.2	lncRNA	ENSMUSG00000132242.1	lncRNA	many-to-many	GENCODE.v47vsM6135
ENSG00000293678.1	lncRNA	ENSMUSG00000131962.1	lncRNA	one-to-many	GENCODE.v47vsM6136
ENSG00000296947.1	lncRNA	ENSMUSG00000120451.2	lncRNA	one-to-one	GENCODE.v47vsM6137
ENSG00000289347.2	lncRNA	ENSMUSG00000140258.1	lncRNA	one-to-many	GENCODE.v47vsM6138
ENSG00000309284.1	lncRNA	ENSMUSG00000086155.10	lncRNA	one-to-one	GENCODE.v47vsM6139
ENSG00000257178.5	lncRNA	ENSMUSG00000139924.1	lncRNA	many-to-many	GENCODE.v47vsM6140
ENSG00000294391.1	lncRNA	ENSMUSG00000089760.2	lncRNA	one-to-one	GENCODE.v47vsM6141
ENSG00000295531.1	lncRNA	ENSMUSG00000084772.3	lncRNA	one-to-many	GENCODE.v47vsM6142
ENSG00000174407.16	lncRNA	ENSMUSG00000140465.1	lncRNA	many-to-many	GENCODE.v47vsM6143
ENSG00000258660.1	lncRNA	ENSMUSG00000132758.1	lncRNA	one-to-one	GENCODE.v47vsM6144
ENSG00000283635.1	lncRNA	ENSMUSG00000136579.1	lncRNA	one-to-one	GENCODE.v47vsM6145
ENSG00000275484.1	lncRNA	ENSMUSG00000135663.1	lncRNA	one-to-one	GENCODE.v47vsM6146
ENSG00000308423.1	lncRNA	ENSMUSG00000123856.1	lncRNA	one-to-one	GENCODE.v47vsM6147
ENSG00000286598.2	lncRNA	ENSMUSG00000099411.4	lncRNA	one-to-many	GENCODE.v47vsM6148
ENSG00000261215.1	lncRNA	ENSMUSG00000144217.1	lncRNA	many-to-many	GENCODE.v47vsM6149
ENSG00000307374.1	lncRNA	ENSMUSG00000087205.3	lncRNA	one-to-one	GENCODE.v47vsM6150
ENSG00000278932.7	lncRNA	ENSMUSG00000109304.2	lncRNA	many-to-many	GENCODE.v47vsM6151
ENSG00000286955.1	lncRNA	ENSMUSG00000129117.1	lncRNA	one-to-many	GENCODE.v47vsM6152
ENSG00000300809.1	lncRNA	ENSMUSG00000129609.1	lncRNA	one-to-one	GENCODE.v47vsM6153
ENSG00000271742.1	lncRNA	ENSMUSG00000120187.2	lncRNA	one-to-one	GENCODE.v47vsM6154
ENSG00000299225.1	lncRNA	ENSMUSG00000125615.1	lncRNA	one-to-one	GENCODE.v47vsM6155
ENSG00000224027.2	lncRNA	ENSMUSG00000052848.9	lncRNA	one-to-one	GENCODE.v47vsM6156
ENSG00000248174.9	lncRNA	ENSMUSG00000143278.1	lncRNA	one-to-many	GENCODE.v47vsM6157
ENSG00000302400.1	lncRNA	ENSMUSG00000119963.2	lncRNA	one-to-one	GENCODE.v47vsM6158
ENSG00000245281.10	lncRNA	ENSMUSG00000120151.2	lncRNA	many-to-many	GENCODE.v47vsM6159
ENSG00000233639.10	lncRNA	ENSMUSG00000060424.17	lncRNA	many-to-many	GENCODE.v47vsM6160
ENSG00000291280.2	lncRNA	ENSMUSG00000121456.2	lncRNA	many-to-many	GENCODE.v47vsM6161
ENSG00000293071.2	lncRNA	ENSMUSG00000072673.3	lncRNA	one-to-many	GENCODE.v47vsM6162
ENSG00000254554.2	lncRNA	ENSMUSG00000099803.3	lncRNA	one-to-one	GENCODE.v47vsM6163
ENSG00000224729.7	lncRNA	ENSMUSG00000130184.1	lncRNA	many-to-many	GENCODE.v47vsM6164
ENSG00000287235.2	lncRNA	ENSMUSG00000113759.3	lncRNA	one-to-one	GENCODE.v47vsM6165
ENSG00000302325.1	lncRNA	ENSMUSG00000128860.1	lncRNA	one-to-one	GENCODE.v47vsM6166
ENSG00000303871.1	lncRNA	ENSMUSG00000085360.3	lncRNA	one-to-many	GENCODE.v47vsM6167
ENSG00000291200.2	lncRNA	ENSMUSG00000140016.1	lncRNA	many-to-many	GENCODE.v47vsM6168
ENSG00000267280.7	lncRNA	ENSMUSG00000087013.10	lncRNA	one-to-many	GENCODE.v47vsM6169
ENSG00000231507.5	lncRNA	ENSMUSG00000102380.2	lncRNA	one-to-many	GENCODE.v47vsM6170
ENSG00000306104.1	lncRNA	ENSMUSG00000134269.1	lncRNA	one-to-one	GENCODE.v47vsM6171
ENSG00000247151.8	lncRNA	ENSMUSG00000132127.1	lncRNA	many-to-many	GENCODE.v47vsM6172
ENSG00000230970.4	lncRNA	ENSMUSG00000128779.1	lncRNA	one-to-one	GENCODE.v47vsM6173
ENSG00000276012.1	lncRNA	ENSMUSG00000101445.2	lncRNA	many-to-many	GENCODE.v47vsM6174
ENSG00000294585.1	lncRNA	ENSMUSG00000130845.1	lncRNA	one-to-one	GENCODE.v47vsM6175
ENSG00000303230.1	lncRNA	ENSMUSG00000130357.1	lncRNA	many-to-many	GENCODE.v47vsM6176
ENSG00000309863.1	lncRNA	ENSMUSG00000124413.1	lncRNA	one-to-one	GENCODE.v47vsM6177
ENSG00000285159.2	lncRNA	ENSMUSG00000116644.4	lncRNA	one-to-many	GENCODE.v47vsM6178
ENSG00000271811.1	lncRNA	ENSMUSG00000103195.2	lncRNA	one-to-one	GENCODE.v47vsM6179
ENSG00000307289.1	lncRNA	ENSMUSG00000143254.1	lncRNA	many-to-many	GENCODE.v47vsM6180
ENSG00000298856.1	lncRNA	ENSMUSG00000112234.3	lncRNA	one-to-many	GENCODE.v47vsM6181
ENSG00000267345.2	lncRNA	ENSMUSG00000097736.10	lncRNA	one-to-many	GENCODE.v47vsM6182
ENSG00000249816.9	lncRNA	ENSMUSG00000115118.3	lncRNA	one-to-many	GENCODE.v47vsM6183
ENSG00000291012.2	lncRNA	ENSMUSG00000121336.2	lncRNA	many-to-many	GENCODE.v47vsM6184
ENSG00000287783.2	lncRNA	ENSMUSG00000134860.1	lncRNA	one-to-one	GENCODE.v47vsM6185
ENSG00000234781.2	lncRNA	ENSMUSG00000100180.2	lncRNA	one-to-many	GENCODE.v47vsM6186
ENSG00000280832.4	lncRNA	ENSMUSG00000070315.15	lncRNA	one-to-one	GENCODE.v47vsM6187
ENSG00000227733.13	lncRNA	ENSMUSG00000106367.3	lncRNA	one-to-many	GENCODE.v47vsM6188
ENSG00000270141.4	lncRNA	ENSMUSG00000118406.2	lncRNA	many-to-many	GENCODE.v47vsM6189
ENSG00000300168.1	lncRNA	ENSMUSG00000129816.1	lncRNA	one-to-one	GENCODE.v47vsM6190
ENSG00000301817.1	lncRNA	ENSMUSG00000137108.1	lncRNA	one-to-one	GENCODE.v47vsM6191
ENSG00000246089.6	lncRNA	ENSMUSG00000141198.1	lncRNA	one-to-one	GENCODE.v47vsM6192
ENSG00000231046.2	lncRNA	ENSMUSG00000097890.5	lncRNA	one-to-many	GENCODE.v47vsM6193
ENSG00000289943.2	lncRNA	ENSMUSG00000087253.3	lncRNA	many-to-many	GENCODE.v47vsM6194
ENSG00000251543.2	lncRNA	ENSMUSG00000100416.2	lncRNA	one-to-one	GENCODE.v47vsM6195
ENSG00000258526.9	lncRNA	ENSMUSG00000136492.1	lncRNA	one-to-one	GENCODE.v47vsM6196
ENSG00000226861.2	lncRNA	ENSMUSG00000104276.2	lncRNA	one-to-one	GENCODE.v47vsM6197
ENSG00000301776.1	lncRNA	ENSMUSG00000117811.4	lncRNA	one-to-one	GENCODE.v47vsM6198
ENSG00000287424.2	lncRNA	ENSMUSG00000128239.1	lncRNA	one-to-one	GENCODE.v47vsM6199
ENSG00000280734.5	lncRNA	ENSMUSG00000085615.5	lncRNA	one-to-one	GENCODE.v47vsM6200
ENSG00000237945.10	lncRNA	ENSMUSG00000087190.4	lncRNA	one-to-many	GENCODE.v47vsM6201
ENSG00000303769.1	lncRNA	ENSMUSG00000128742.1	lncRNA	one-to-many	GENCODE.v47vsM6202
ENSG00000298233.1	lncRNA	ENSMUSG00000097303.5	lncRNA	one-to-one	GENCODE.v47vsM6203
ENSG00000291143.2	lncRNA	ENSMUSG00000129666.1	lncRNA	many-to-many	GENCODE.v47vsM6204
ENSG00000233871.3	lncRNA	ENSMUSG00000114630.3	lncRNA	one-to-many	GENCODE.v47vsM6205
ENSG00000299722.1	lncRNA	ENSMUSG00000134208.1	lncRNA	one-to-half	GENCODE.v47vsM6206
ENSG00000300142.1	lncRNA	ENSMUSG00000113189.2	lncRNA	one-to-half	GENCODE.v47vsM6207
ENSG00000254321.3	lncRNA	ENSMUSG00000125035.1	lncRNA	one-to-one	GENCODE.v47vsM6208
ENSG00000306384.1	lncRNA	ENSMUSG00000107880.2	lncRNA	one-to-one	GENCODE.v47vsM6209
ENSG00000233184.10	lncRNA	ENSMUSG00000054426.14	lncRNA	one-to-one	GENCODE.v47vsM6210
ENSG00000310400.1	lncRNA	ENSMUSG00000042976.8	lncRNA	one-to-many	GENCODE.v47vsM6211
ENSG00000295643.1	lncRNA	ENSMUSG00000125468.1	lncRNA	many-to-many	GENCODE.v47vsM6212
ENSG00000299174.1	lncRNA	ENSMUSG00000134561.1	lncRNA	one-to-one	GENCODE.v47vsM6213
ENSG00000257284.1	lncRNA	ENSMUSG00000127130.1	lncRNA	one-to-one	GENCODE.v47vsM6214
ENSG00000302556.1	lncRNA	ENSMUSG00000086356.3	lncRNA	one-to-one	GENCODE.v47vsM6215
ENSG00000286288.3	lncRNA	ENSMUSG00000087015.3	lncRNA	many-to-many	GENCODE.v47vsM6216
ENSG00000245146.8	lncRNA	ENSMUSG00000123741.1	lncRNA	one-to-one	GENCODE.v47vsM6217
ENSG00000223874.4	lncRNA	ENSMUSG00000101968.8	lncRNA	one-to-many	GENCODE.v47vsM6218
ENSG00000226812.3	lncRNA	ENSMUSG00000046840.19	lncRNA	one-to-many	GENCODE.v47vsM6219
ENSG00000272168.11	lncRNA	ENSMUSG00000113216.4	lncRNA	one-to-many	GENCODE.v47vsM6220
ENSG00000294376.1	lncRNA	ENSMUSG00000122576.1	lncRNA	one-to-one	GENCODE.v47vsM6221
ENSG00000273004.2	lncRNA	ENSMUSG00000100954.8	lncRNA	one-to-one	GENCODE.v47vsM6222
ENSG00000293307.2	lncRNA	ENSMUSG00000134356.1	lncRNA	many-to-many	GENCODE.v47vsM6223
ENSG00000278982.1	lncRNA	ENSMUSG00000122068.1	lncRNA	one-to-many	GENCODE.v47vsM6224
ENSG00000231969.5	lncRNA	ENSMUSG00000085862.4	lncRNA	one-to-many	GENCODE.v47vsM6225
ENSG00000236753.8	lncRNA	ENSMUSG00000086212.10	lncRNA	one-to-many	GENCODE.v47vsM6226
ENSG00000286481.3	lncRNA	ENSMUSG00000100009.8	lncRNA	many-to-many	GENCODE.v47vsM6227
ENSG00000261728.2	lncRNA	ENSMUSG00000125902.1	lncRNA	one-to-one	GENCODE.v47vsM6228
ENSG00000226200.8	lncRNA	ENSMUSG00000097787.5	lncRNA	many-to-many	GENCODE.v47vsM6229
ENSG00000172965.18	lncRNA	ENSMUSG00000074813.17	lncRNA	one-to-many	GENCODE.v47vsM6230
ENSG00000294026.1	lncRNA	ENSMUSG00000142407.1	lncRNA	one-to-one	GENCODE.v47vsM6231
ENSG00000289949.2	lncRNA	ENSMUSG00000138000.1	lncRNA	one-to-one	GENCODE.v47vsM6232
ENSG00000293924.1	lncRNA	ENSMUSG00000122566.1	lncRNA	one-to-one	GENCODE.v47vsM6233
ENSG00000267774.2	lncRNA	ENSMUSG00000085055.4	lncRNA	one-to-one	GENCODE.v47vsM6234
ENSG00000291203.2	lncRNA	ENSMUSG00000122978.1	lncRNA	many-to-many	GENCODE.v47vsM6235
ENSG00000266560.5	lncRNA	ENSMUSG00000132967.1	lncRNA	many-to-many	GENCODE.v47vsM6236
ENSG00000296827.1	lncRNA	ENSMUSG00000120085.2	lncRNA	one-to-many	GENCODE.v47vsM6237
ENSG00000258952.2	lncRNA	ENSMUSG00000120512.2	lncRNA	one-to-one	GENCODE.v47vsM6238
ENSG00000228709.3	lncRNA	ENSMUSG00000128889.1	lncRNA	many-to-many	GENCODE.v47vsM6239
ENSG00000310025.1	lncRNA	ENSMUSG00000120467.2	lncRNA	one-to-one	GENCODE.v47vsM6240
ENSG00000225929.2	lncRNA	ENSMUSG00000142285.1	lncRNA	one-to-one	GENCODE.v47vsM6241
ENSG00000272692.3	lncRNA	ENSMUSG00000122573.1	lncRNA	many-to-many	GENCODE.v47vsM6242
ENSG00000298761.1	lncRNA	ENSMUSG00000137429.1	lncRNA	one-to-one	GENCODE.v47vsM6243
ENSG00000278058.2	lncRNA	ENSMUSG00000124148.1	lncRNA	many-to-many	GENCODE.v47vsM6244
ENSG00000307190.1	lncRNA	ENSMUSG00000115410.2	lncRNA	one-to-one	GENCODE.v47vsM6245
ENSG00000290817.1	lncRNA	ENSMUSG00000121495.1	lncRNA	many-to-many	GENCODE.v47vsM6246
ENSG00000300089.1	lncRNA	ENSMUSG00000124754.1	lncRNA	one-to-one	GENCODE.v47vsM6247
ENSG00000272205.3	lncRNA	ENSMUSG00000097196.3	lncRNA	one-to-many	GENCODE.v47vsM6248
ENSG00000261266.2	lncRNA	ENSMUSG00000108688.2	lncRNA	one-to-one	GENCODE.v47vsM6249
ENSG00000271913.10	lncRNA	ENSMUSG00000116618.3	lncRNA	one-to-many	GENCODE.v47vsM6250
ENSG00000229388.2	lncRNA	ENSMUSG00000134044.1	lncRNA	many-to-many	GENCODE.v47vsM6251
ENSG00000238290.2	lncRNA	ENSMUSG00000134333.1	lncRNA	one-to-many	GENCODE.v47vsM6252
ENSG00000250855.3	lncRNA	ENSMUSG00000105816.6	lncRNA	one-to-many	GENCODE.v47vsM6253
ENSG00000174403.18	lncRNA	ENSMUSG00000084843.3	lncRNA	one-to-one	GENCODE.v47vsM6254
ENSG00000103472.11	lncRNA	ENSMUSG00000121188.2	lncRNA	many-to-many	GENCODE.v47vsM6255
ENSG00000260572.2	lncRNA	ENSMUSG00000120717.2	lncRNA	one-to-one	GENCODE.v47vsM6256
ENSG00000260874.6	lncRNA	ENSMUSG00000085185.12	lncRNA	many-to-many	GENCODE.v47vsM6257
ENSG00000276850.6	lncRNA	ENSMUSG00000115180.3	lncRNA	many-to-many	GENCODE.v47vsM6258
ENSG00000285569.5	lncRNA	ENSMUSG00000114018.4	lncRNA	one-to-many	GENCODE.v47vsM6259
ENSG00000308111.1	lncRNA	ENSMUSG00000130471.1	lncRNA	one-to-one	GENCODE.v47vsM6260
ENSG00000286652.2	lncRNA	ENSMUSG00000120129.2	lncRNA	one-to-half	GENCODE.v47vsM6261
ENSG00000302287.1	lncRNA	ENSMUSG00000122417.1	lncRNA	one-to-one	GENCODE.v47vsM6262
ENSG00000218416.5	lncRNA	ENSMUSG00000101995.2	lncRNA	one-to-one	GENCODE.v47vsM6263
ENSG00000310226.1	lncRNA	ENSMUSG00000126632.1	lncRNA	one-to-many	GENCODE.v47vsM6264
ENSG00000288929.3	lncRNA	ENSMUSG00000120114.2	lncRNA	many-to-many	GENCODE.v47vsM6265
ENSG00000276232.1	lncRNA	ENSMUSG00000099587.2	lncRNA	many-to-many	GENCODE.v47vsM6266
ENSG00000290095.2	lncRNA	ENSMUSG00000059631.9	lncRNA	one-to-one	GENCODE.v47vsM6267
ENSG00000306370.1	lncRNA	ENSMUSG00000131324.1	lncRNA	one-to-one	GENCODE.v47vsM6268
ENSG00000237819.8	lncRNA	ENSMUSG00000135286.1	lncRNA	many-to-many	GENCODE.v47vsM6269
ENSG00000281880.2	lncRNA	ENSMUSG00000102424.3	lncRNA	many-to-many	GENCODE.v47vsM6270
ENSG00000305298.1	lncRNA	ENSMUSG00000120647.2	lncRNA	one-to-one	GENCODE.v47vsM6271
ENSG00000308353.1	lncRNA	ENSMUSG00000139965.1	lncRNA	many-to-many	GENCODE.v47vsM6272
ENSG00000272282.2	lncRNA	ENSMUSG00000110692.3	lncRNA	one-to-one	GENCODE.v47vsM6273
ENSG00000303157.1	lncRNA	ENSMUSG00000106078.2	lncRNA	one-to-many	GENCODE.v47vsM6274
ENSG00000296767.1	lncRNA	ENSMUSG00000126438.1	lncRNA	many-to-many	GENCODE.v47vsM6275
ENSG00000308076.1	lncRNA	ENSMUSG00000109460.2	lncRNA	one-to-one	GENCODE.v47vsM6276
ENSG00000251575.4	lncRNA	ENSMUSG00000132670.1	lncRNA	one-to-many	GENCODE.v47vsM6277
ENSG00000267321.4	lncRNA	ENSMUSG00000093483.4	lncRNA	many-to-many	GENCODE.v47vsM6278
ENSG00000286373.2	lncRNA	ENSMUSG00000122577.1	lncRNA	one-to-many	GENCODE.v47vsM6279
ENSG00000259146.5	lncRNA	ENSMUSG00000113746.3	lncRNA	one-to-one	GENCODE.v47vsM6280
ENSG00000223732.3	lncRNA	ENSMUSG00000124441.1	lncRNA	many-to-many	GENCODE.v47vsM6281
ENSG00000176868.3	lncRNA	ENSMUSG00000086216.3	lncRNA	one-to-one	GENCODE.v47vsM6282
ENSG00000214614.3	lncRNA	ENSMUSG00000120414.2	lncRNA	one-to-many	GENCODE.v47vsM6283
ENSG00000257621.10	lncRNA	ENSMUSG00000085622.11	lncRNA	one-to-many	GENCODE.v47vsM6284
ENSG00000287261.4	lncRNA	ENSMUSG00000090235.3	lncRNA	one-to-one	GENCODE.v47vsM6285
ENSG00000267750.7	lncRNA	ENSMUSG00000135276.1	lncRNA	one-to-one	GENCODE.v47vsM6286
ENSG00000259639.7	lncRNA	ENSMUSG00000101448.2	lncRNA	one-to-one	GENCODE.v47vsM6287
ENSG00000233942.2	lncRNA	ENSMUSG00000107668.2	lncRNA	one-to-one	GENCODE.v47vsM6288
ENSG00000249509.2	lncRNA	ENSMUSG00000127358.1	lncRNA	many-to-many	GENCODE.v47vsM6289
ENSG00000295057.1	lncRNA	ENSMUSG00000135258.1	lncRNA	one-to-one	GENCODE.v47vsM6290
ENSG00000233590.1	lncRNA	ENSMUSG00000104481.2	lncRNA	one-to-one	GENCODE.v47vsM6291
ENSG00000294588.1	lncRNA	ENSMUSG00000087249.4	lncRNA	one-to-one	GENCODE.v47vsM6292
ENSG00000231226.2	lncRNA	ENSMUSG00000125480.1	lncRNA	one-to-one	GENCODE.v47vsM6293
ENSG00000237380.8	lncRNA	ENSMUSG00000100209.2	lncRNA	many-to-many	GENCODE.v47vsM6294
ENSG00000310508.1	lncRNA	ENSMUSG00000073407.2	lncRNA	many-to-many	GENCODE.v47vsM6295
ENSG00000269514.4	lncRNA	ENSMUSG00000104366.3	lncRNA	many-to-many	GENCODE.v47vsM6296
ENSG00000287584.1	lncRNA	ENSMUSG00000126243.1	lncRNA	many-to-many	GENCODE.v47vsM6297
ENSG00000296385.1	lncRNA	ENSMUSG00000120017.2	lncRNA	one-to-many	GENCODE.v47vsM6298
ENSG00000250748.7	lncRNA	ENSMUSG00000136480.1	lncRNA	one-to-many	GENCODE.v47vsM6299
ENSG00000306198.1	lncRNA	ENSMUSG00000142542.1	lncRNA	one-to-one	GENCODE.v47vsM6300
ENSG00000230074.6	lncRNA	ENSMUSG00000085730.9	lncRNA	many-to-many	GENCODE.v47vsM6301
ENSG00000249688.1	lncRNA	ENSMUSG00000103130.2	lncRNA	one-to-one	GENCODE.v47vsM6302
ENSG00000306785.1	lncRNA	ENSMUSG00000129581.1	lncRNA	one-to-one	GENCODE.v47vsM6303
ENSG00000307337.1	lncRNA	ENSMUSG00000116846.4	lncRNA	one-to-many	GENCODE.v47vsM6304
ENSG00000251301.9	lncRNA	ENSMUSG00000112470.3	lncRNA	one-to-many	GENCODE.v47vsM6305
ENSG00000303989.1	lncRNA	ENSMUSG00000052479.7	lncRNA	one-to-one	GENCODE.v47vsM6306
ENSG00000250132.7	lncRNA	ENSMUSG00000133507.1	lncRNA	many-to-many	GENCODE.v47vsM6307
ENSG00000286896.3	lncRNA	ENSMUSG00000131852.1	lncRNA	many-to-many	GENCODE.v47vsM6308
ENSG00000308592.1	lncRNA	ENSMUSG00000132895.1	lncRNA	one-to-one	GENCODE.v47vsM6309
ENSG00000306592.1	lncRNA	ENSMUSG00000085318.2	lncRNA	one-to-one	GENCODE.v47vsM6310
ENSG00000279748.1	lncRNA	ENSMUSG00000097000.5	lncRNA	one-to-many	GENCODE.v47vsM6311
ENSG00000293891.1	lncRNA	ENSMUSG00000122568.1	lncRNA	one-to-many	GENCODE.v47vsM6312
ENSG00000224292.2	lncRNA	ENSMUSG00000123825.1	lncRNA	one-to-one	GENCODE.v47vsM6313
ENSG00000234767.3	lncRNA	ENSMUSG00000103410.2	lncRNA	one-to-one	GENCODE.v47vsM6314
ENSG00000279204.1	lncRNA	ENSMUSG00000102563.2	lncRNA	one-to-many	GENCODE.v47vsM6315
ENSG00000273328.5	lncRNA	ENSMUSG00000111079.3	lncRNA	many-to-many	GENCODE.v47vsM6316
ENSG00000299797.1	lncRNA	ENSMUSG00000142841.1	lncRNA	one-to-one	GENCODE.v47vsM6317
ENSG00000226167.2	lncRNA	ENSMUSG00000141702.1	lncRNA	one-to-one	GENCODE.v47vsM6318
ENSG00000308228.1	lncRNA	ENSMUSG00000129254.1	lncRNA	many-to-many	GENCODE.v47vsM6319
ENSG00000301511.1	lncRNA	ENSMUSG00000097682.3	lncRNA	one-to-one	GENCODE.v47vsM6320
ENSG00000282022.1	lncRNA	ENSMUSG00000040657.5	lncRNA	one-to-one	GENCODE.v47vsM6321
ENSG00000303499.1	lncRNA	ENSMUSG00000143304.1	lncRNA	one-to-half	GENCODE.v47vsM6322
ENSG00000253577.3	lncRNA	ENSMUSG00000133122.1	lncRNA	one-to-many	GENCODE.v47vsM6323
ENSG00000254111.4	lncRNA	ENSMUSG00000132851.1	lncRNA	one-to-one	GENCODE.v47vsM6324
ENSG00000265552.2	lncRNA	ENSMUSG00000130002.1	lncRNA	one-to-one	GENCODE.v47vsM6325
ENSG00000303146.1	lncRNA	ENSMUSG00000101028.3	lncRNA	one-to-many	GENCODE.v47vsM6326
ENSG00000288764.3	lncRNA	ENSMUSG00000140508.1	lncRNA	one-to-one	GENCODE.v47vsM6327
ENSG00000289064.2	lncRNA	ENSMUSG00000123940.1	lncRNA	one-to-many	GENCODE.v47vsM6328
ENSG00000286732.2	lncRNA	ENSMUSG00000087574.4	lncRNA	one-to-one	GENCODE.v47vsM6329
ENSG00000269915.1	lncRNA	ENSMUSG00000086844.4	lncRNA	one-to-one	GENCODE.v47vsM6330
ENSG00000231607.16	lncRNA	ENSMUSG00000097589.12	lncRNA	many-to-many	GENCODE.v47vsM6331
ENSG00000288568.2	lncRNA	ENSMUSG00000098221.3	lncRNA	one-to-many	GENCODE.v47vsM6332
ENSG00000309108.1	lncRNA	ENSMUSG00000087386.3	lncRNA	one-to-one	GENCODE.v47vsM6333
ENSG00000204241.10	lncRNA	ENSMUSG00000135844.1	lncRNA	many-to-many	GENCODE.v47vsM6334
ENSG00000257653.1	lncRNA	ENSMUSG00000100220.2	lncRNA	one-to-one	GENCODE.v47vsM6335
ENSG00000271918.3	lncRNA	ENSMUSG00000117588.3	lncRNA	one-to-many	GENCODE.v47vsM6336
ENSG00000290416.2	lncRNA	ENSMUSG00000130727.1	lncRNA	many-to-many	GENCODE.v47vsM6337
ENSG00000224943.2	lncRNA	ENSMUSG00000122861.1	lncRNA	many-to-many	GENCODE.v47vsM6338
ENSG00000285079.2	lncRNA	ENSMUSG00000122910.1	lncRNA	one-to-one	GENCODE.v47vsM6339
ENSG00000297257.1	lncRNA	ENSMUSG00000120788.2	lncRNA	one-to-one	GENCODE.v47vsM6340
ENSG00000310217.1	lncRNA	ENSMUSG00000097004.2	lncRNA	one-to-one	GENCODE.v47vsM6341
ENSG00000236213.5	lncRNA	ENSMUSG00000138755.1	lncRNA	many-to-many	GENCODE.v47vsM6342
ENSG00000250604.3	lncRNA	ENSMUSG00000129351.1	lncRNA	one-to-one	GENCODE.v47vsM6343
ENSG00000251169.4	lncRNA	ENSMUSG00000130852.1	lncRNA	one-to-one	GENCODE.v47vsM6344
ENSG00000249865.2	lncRNA	ENSMUSG00000113121.3	lncRNA	one-to-one	GENCODE.v47vsM6345
ENSG00000298048.1	lncRNA	ENSMUSG00000086315.3	lncRNA	one-to-one	GENCODE.v47vsM6346
ENSG00000289586.3	lncRNA	ENSMUSG00000129086.1	lncRNA	one-to-many	GENCODE.v47vsM6347
ENSG00000235056.1	lncRNA	ENSMUSG00000104067.2	lncRNA	one-to-many	GENCODE.v47vsM6348
ENSG00000291338.1	lncRNA	ENSMUSG00000139567.1	lncRNA	many-to-many	GENCODE.v47vsM6349
ENSG00000233828.6	lncRNA	ENSMUSG00000122404.1	lncRNA	one-to-one	GENCODE.v47vsM6350
ENSG00000251611.2	lncRNA	ENSMUSG00000106508.2	lncRNA	one-to-many	GENCODE.v47vsM6351
ENSG00000308483.1	lncRNA	ENSMUSG00000085402.3	lncRNA	one-to-one	GENCODE.v47vsM6352
ENSG00000236305.4	lncRNA	ENSMUSG00000105802.2	lncRNA	one-to-many	GENCODE.v47vsM6353
ENSG00000228541.4	lncRNA	ENSMUSG00000143742.1	lncRNA	many-to-many	GENCODE.v47vsM6354
ENSG00000300890.1	lncRNA	ENSMUSG00000130320.1	lncRNA	one-to-one	GENCODE.v47vsM6355
ENSG00000267288.3	lncRNA	ENSMUSG00000134385.1	lncRNA	one-to-one	GENCODE.v47vsM6356
ENSG00000306125.1	lncRNA	ENSMUSG00000122321.1	lncRNA	one-to-one	GENCODE.v47vsM6357
ENSG00000301798.1	lncRNA	ENSMUSG00000118086.3	lncRNA	one-to-one	GENCODE.v47vsM6358
ENSG00000304805.1	lncRNA	ENSMUSG00000098255.3	lncRNA	one-to-many	GENCODE.v47vsM6359
ENSG00000205622.14	lncRNA	ENSMUSG00000134931.1	lncRNA	one-to-many	GENCODE.v47vsM6360
ENSG00000228835.1	lncRNA	ENSMUSG00000043168.14	lncRNA	one-to-one	GENCODE.v47vsM6361
ENSG00000307945.1	lncRNA	ENSMUSG00000132288.1	lncRNA	one-to-one	GENCODE.v47vsM6362
ENSG00000302588.1	lncRNA	ENSMUSG00000116644.4	lncRNA	one-to-many	GENCODE.v47vsM6363
ENSG00000301310.1	lncRNA	ENSMUSG00000138444.1	lncRNA	one-to-one	GENCODE.v47vsM6364
ENSG00000241472.9	lncRNA	ENSMUSG00000138694.1	lncRNA	one-to-one	GENCODE.v47vsM6365
ENSG00000259125.2	lncRNA	ENSMUSG00000133449.1	lncRNA	one-to-one	GENCODE.v47vsM6366
ENSG00000300567.1	lncRNA	ENSMUSG00000133059.1	lncRNA	many-to-many	GENCODE.v47vsM6367
ENSG00000271737.3	lncRNA	ENSMUSG00000119956.2	lncRNA	one-to-one	GENCODE.v47vsM6368
ENSG00000287771.2	lncRNA	ENSMUSG00000131284.1	lncRNA	one-to-many	GENCODE.v47vsM6369
ENSG00000290949.2	lncRNA	ENSMUSG00000136535.1	lncRNA	many-to-many	GENCODE.v47vsM6370
ENSG00000296023.1	lncRNA	ENSMUSG00000087452.4	lncRNA	one-to-many	GENCODE.v47vsM6371
ENSG00000225683.6	lncRNA	ENSMUSG00000089633.5	lncRNA	one-to-one	GENCODE.v47vsM6372
ENSG00000289217.3	lncRNA	ENSMUSG00000128919.1	lncRNA	one-to-one	GENCODE.v47vsM6373
ENSG00000235597.4	lncRNA	ENSMUSG00000127954.1	lncRNA	one-to-many	GENCODE.v47vsM6374
ENSG00000225434.6	lncRNA	ENSMUSG00000118342.3	lncRNA	one-to-one	GENCODE.v47vsM6375
ENSG00000283213.2	lncRNA	ENSMUSG00000108351.3	lncRNA	one-to-one	GENCODE.v47vsM6376
ENSG00000293776.1	lncRNA	ENSMUSG00000124145.1	lncRNA	one-to-many	GENCODE.v47vsM6377
ENSG00000293929.1	lncRNA	ENSMUSG00000136943.1	lncRNA	one-to-one	GENCODE.v47vsM6378
ENSG00000294740.1	lncRNA	ENSMUSG00000086095.4	lncRNA	one-to-many	GENCODE.v47vsM6379
ENSG00000255850.3	lncRNA	ENSMUSG00000130855.1	lncRNA	one-to-many	GENCODE.v47vsM6380
ENSG00000289063.3	lncRNA	ENSMUSG00000114424.3	lncRNA	one-to-half	GENCODE.v47vsM6381
ENSG00000225746.15	lncRNA	ENSMUSG00000097451.13	lncRNA	many-to-many	GENCODE.v47vsM6382
ENSG00000258454.2	lncRNA	ENSMUSG00000132180.1	lncRNA	one-to-one	GENCODE.v47vsM6383
ENSG00000236144.10	lncRNA	ENSMUSG00000097320.10	lncRNA	many-to-many	GENCODE.v47vsM6384
ENSG00000185332.9	lncRNA	ENSMUSG00000142728.1	lncRNA	one-to-many	GENCODE.v47vsM6385
ENSG00000224020.4	lncRNA	ENSMUSG00000085201.3	lncRNA	one-to-one	GENCODE.v47vsM6386
ENSG00000267506.8	lncRNA	ENSMUSG00000125373.1	lncRNA	one-to-many	GENCODE.v47vsM6387
ENSG00000235092.8	lncRNA	ENSMUSG00000113587.3	lncRNA	many-to-many	GENCODE.v47vsM6388
ENSG00000258819.3	lncRNA	ENSMUSG00000140372.1	lncRNA	many-to-many	GENCODE.v47vsM6389
ENSG00000229249.8	lncRNA	ENSMUSG00000104311.2	lncRNA	one-to-one	GENCODE.v47vsM6390
ENSG00000282897.1	lncRNA	ENSMUSG00000086139.3	lncRNA	one-to-one	GENCODE.v47vsM6391
ENSG00000233642.2	lncRNA	ENSMUSG00000085680.3	lncRNA	one-to-one	GENCODE.v47vsM6392
ENSG00000294834.1	lncRNA	ENSMUSG00000085246.3	lncRNA	one-to-one	GENCODE.v47vsM6393
ENSG00000228830.1	lncRNA	ENSMUSG00000097060.3	lncRNA	one-to-many	GENCODE.v47vsM6394
ENSG00000279199.1	lncRNA	ENSMUSG00000123930.1	lncRNA	one-to-many	GENCODE.v47vsM6395
ENSG00000294203.1	lncRNA	ENSMUSG00000104748.2	lncRNA	one-to-many	GENCODE.v47vsM6396
ENSG00000228488.1	lncRNA	ENSMUSG00000132325.1	lncRNA	one-to-one	GENCODE.v47vsM6397
ENSG00000299872.1	lncRNA	ENSMUSG00000103376.3	lncRNA	one-to-many	GENCODE.v47vsM6398
ENSG00000305240.1	lncRNA	ENSMUSG00000103995.2	lncRNA	one-to-one	GENCODE.v47vsM6399
ENSG00000309868.1	lncRNA	ENSMUSG00000123756.1	lncRNA	one-to-many	GENCODE.v47vsM6400
ENSG00000236846.2	lncRNA	ENSMUSG00000125452.1	lncRNA	one-to-one	GENCODE.v47vsM6401
ENSG00000260493.2	lncRNA	ENSMUSG00000122319.1	lncRNA	one-to-one	GENCODE.v47vsM6402
ENSG00000295042.1	lncRNA	ENSMUSG00000137955.1	lncRNA	one-to-one	GENCODE.v47vsM6403
ENSG00000303910.1	lncRNA	ENSMUSG00000087565.3	lncRNA	one-to-one	GENCODE.v47vsM6404
ENSG00000310078.1	lncRNA	ENSMUSG00000087231.10	lncRNA	one-to-many	GENCODE.v47vsM6405
ENSG00000256654.5	lncRNA	ENSMUSG00000102771.2	lncRNA	many-to-many	GENCODE.v47vsM6406
ENSG00000264026.3	lncRNA	ENSMUSG00000142366.1	lncRNA	one-to-one	GENCODE.v47vsM6407
ENSG00000237505.9	lncRNA	ENSMUSG00000106550.3	lncRNA	many-to-many	GENCODE.v47vsM6408
ENSG00000294279.1	lncRNA	ENSMUSG00000105509.3	lncRNA	one-to-one	GENCODE.v47vsM6409
ENSG00000295397.1	lncRNA	ENSMUSG00000143206.1	lncRNA	one-to-one	GENCODE.v47vsM6410
ENSG00000205086.8	lncRNA	ENSMUSG00000117509.3	lncRNA	one-to-many	GENCODE.v47vsM6411
ENSG00000227313.2	lncRNA	ENSMUSG00000103172.2	lncRNA	one-to-one	GENCODE.v47vsM6412
ENSG00000233138.1	lncRNA	ENSMUSG00000101014.2	lncRNA	one-to-one	GENCODE.v47vsM6413
ENSG00000301331.1	lncRNA	ENSMUSG00000129238.1	lncRNA	one-to-one	GENCODE.v47vsM6414
ENSG00000306297.1	lncRNA	ENSMUSG00000138335.1	lncRNA	one-to-one	GENCODE.v47vsM6415
ENSG00000234772.4	lncRNA	ENSMUSG00000126495.1	lncRNA	one-to-one	GENCODE.v47vsM6416
ENSG00000232021.10	lncRNA	ENSMUSG00000106086.3	lncRNA	one-to-many	GENCODE.v47vsM6417
ENSG00000299475.1	lncRNA	ENSMUSG00000142328.1	lncRNA	one-to-one	GENCODE.v47vsM6418
ENSG00000307188.1	lncRNA	ENSMUSG00000099715.4	lncRNA	one-to-one	GENCODE.v47vsM6419
ENSG00000232606.4	lncRNA	ENSMUSG00000100135.3	lncRNA	many-to-many	GENCODE.v47vsM6420
ENSG00000280323.1	lncRNA	ENSMUSG00000123567.1	lncRNA	many-to-many	GENCODE.v47vsM6421
ENSG00000289403.2	lncRNA	ENSMUSG00000125232.1	lncRNA	one-to-one	GENCODE.v47vsM6422
ENSG00000228620.2	lncRNA	ENSMUSG00000133259.1	lncRNA	one-to-one	GENCODE.v47vsM6423
ENSG00000269929.7	lncRNA	ENSMUSG00000097375.5	lncRNA	many-to-many	GENCODE.v47vsM6424
ENSG00000305254.1	lncRNA	ENSMUSG00000138870.1	lncRNA	one-to-one	GENCODE.v47vsM6425
ENSG00000302442.1	lncRNA	ENSMUSG00000130220.1	lncRNA	one-to-one	GENCODE.v47vsM6426
ENSG00000286444.1	lncRNA	ENSMUSG00000086407.2	lncRNA	one-to-one	GENCODE.v47vsM6427
ENSG00000305370.1	lncRNA	ENSMUSG00000130608.1	lncRNA	many-to-many	GENCODE.v47vsM6428
ENSG00000231977.3	lncRNA	ENSMUSG00000086166.3	lncRNA	one-to-many	GENCODE.v47vsM6429
ENSG00000293701.1	lncRNA	ENSMUSG00000104850.3	lncRNA	one-to-one	GENCODE.v47vsM6430
ENSG00000306206.1	lncRNA	ENSMUSG00000140601.1	lncRNA	many-to-many	GENCODE.v47vsM6431
ENSG00000178243.4	lncRNA	ENSMUSG00000144155.1	lncRNA	one-to-half	GENCODE.v47vsM6432
ENSG00000245532.12	lncRNA	ENSMUSG00000092274.6	lncRNA	many-to-many	GENCODE.v47vsM6433
ENSG00000302058.1	lncRNA	ENSMUSG00000135557.1	lncRNA	one-to-one	GENCODE.v47vsM6434
ENSG00000248494.2	lncRNA	ENSMUSG00000085657.9	lncRNA	one-to-many	GENCODE.v47vsM6435
ENSG00000259536.6	lncRNA	ENSMUSG00000084802.3	lncRNA	one-to-many	GENCODE.v47vsM6436
ENSG00000232995.7	lncRNA	ENSMUSG00000143131.1	lncRNA	one-to-many	GENCODE.v47vsM6437
ENSG00000205611.6	lncRNA	ENSMUSG00000123521.1	lncRNA	many-to-many	GENCODE.v47vsM6438
ENSG00000289954.2	lncRNA	ENSMUSG00000120152.2	lncRNA	one-to-one	GENCODE.v47vsM6439
ENSG00000249464.8	lncRNA	ENSMUSG00000106441.4	lncRNA	one-to-many	GENCODE.v47vsM6440
ENSG00000295874.1	lncRNA	ENSMUSG00000140513.1	lncRNA	one-to-one	GENCODE.v47vsM6441
ENSG00000263843.1	lncRNA	ENSMUSG00000144054.1	lncRNA	one-to-one	GENCODE.v47vsM6442
ENSG00000230714.1	lncRNA	ENSMUSG00000138239.1	lncRNA	one-to-one	GENCODE.v47vsM6443
ENSG00000257507.2	lncRNA	ENSMUSG00000135225.1	lncRNA	one-to-many	GENCODE.v47vsM6444
ENSG00000265845.3	lncRNA	ENSMUSG00000144002.1	lncRNA	one-to-one	GENCODE.v47vsM6445
ENSG00000250748.7	lncRNA	ENSMUSG00000103017.2	lncRNA	one-to-many	GENCODE.v47vsM6446
ENSG00000300552.1	lncRNA	ENSMUSG00000123309.1	lncRNA	many-to-many	GENCODE.v47vsM6447
ENSG00000287041.1	lncRNA	ENSMUSG00000140638.1	lncRNA	one-to-one	GENCODE.v47vsM6448
ENSG00000268129.3	lncRNA	ENSMUSG00000101037.4	lncRNA	one-to-one	GENCODE.v47vsM6449
ENSG00000284747.1	lncRNA	ENSMUSG00000132718.1	lncRNA	one-to-one	GENCODE.v47vsM6450
ENSG00000228918.6	lncRNA	ENSMUSG00000126204.1	lncRNA	one-to-one	GENCODE.v47vsM6451
ENSG00000264515.8	lncRNA	ENSMUSG00000100600.8	lncRNA	one-to-one	GENCODE.v47vsM6452
ENSG00000224101.1	lncRNA	ENSMUSG00000126247.1	lncRNA	one-to-one	GENCODE.v47vsM6453
ENSG00000296672.1	lncRNA	ENSMUSG00000136040.1	lncRNA	many-to-many	GENCODE.v47vsM6454
ENSG00000307781.1	lncRNA	ENSMUSG00000127248.1	lncRNA	one-to-one	GENCODE.v47vsM6455
ENSG00000230876.9	lncRNA	ENSMUSG00000131699.1	lncRNA	many-to-many	GENCODE.v47vsM6456
ENSG00000237720.3	lncRNA	ENSMUSG00000113986.3	lncRNA	one-to-one	GENCODE.v47vsM6457
ENSG00000285575.2	lncRNA	ENSMUSG00000096988.3	lncRNA	one-to-many	GENCODE.v47vsM6458
ENSG00000258910.4	lncRNA	ENSMUSG00000099957.6	lncRNA	one-to-many	GENCODE.v47vsM6459
ENSG00000260475.3	lncRNA	ENSMUSG00000117698.4	lncRNA	one-to-one	GENCODE.v47vsM6460
ENSG00000249743.9	lncRNA	ENSMUSG00000104430.2	lncRNA	one-to-one	GENCODE.v47vsM6461
ENSG00000288802.1	lncRNA	ENSMUSG00000029878.7	lncRNA	one-to-many	GENCODE.v47vsM6462
ENSG00000280078.1	lncRNA	ENSMUSG00000123033.1	lncRNA	one-to-many	GENCODE.v47vsM6463
ENSG00000248373.8	lncRNA	ENSMUSG00000102530.2	lncRNA	one-to-many	GENCODE.v47vsM6464
ENSG00000232234.5	lncRNA	ENSMUSG00000114813.3	lncRNA	one-to-many	GENCODE.v47vsM6465
ENSG00000296376.1	lncRNA	ENSMUSG00000100367.3	lncRNA	one-to-one	GENCODE.v47vsM6466
ENSG00000236463.2	lncRNA	ENSMUSG00000085639.3	lncRNA	one-to-many	GENCODE.v47vsM6467
ENSG00000300161.1	lncRNA	ENSMUSG00000113982.3	lncRNA	one-to-one	GENCODE.v47vsM6468
ENSG00000218537.1	lncRNA	ENSMUSG00000120396.2	lncRNA	many-to-many	GENCODE.v47vsM6469
ENSG00000267786.2	lncRNA	ENSMUSG00000109049.3	lncRNA	one-to-one	GENCODE.v47vsM6470
ENSG00000231811.4	lncRNA	ENSMUSG00000113770.3	lncRNA	one-to-many	GENCODE.v47vsM6471
ENSG00000310432.1	lncRNA	ENSMUSG00000121845.2	lncRNA	many-to-many	GENCODE.v47vsM6472
ENSG00000237938.5	lncRNA	ENSMUSG00000124718.1	lncRNA	one-to-many	GENCODE.v47vsM6473
ENSG00000279980.1	lncRNA	ENSMUSG00000097675.5	lncRNA	one-to-many	GENCODE.v47vsM6474
ENSG00000253279.7	lncRNA	ENSMUSG00000085292.3	lncRNA	many-to-many	GENCODE.v47vsM6475
ENSG00000305372.1	lncRNA	ENSMUSG00000137882.1	lncRNA	one-to-one	GENCODE.v47vsM6476
ENSG00000295948.1	lncRNA	ENSMUSG00000087168.3	lncRNA	many-to-many	GENCODE.v47vsM6477
ENSG00000230385.2	lncRNA	ENSMUSG00000128231.1	lncRNA	one-to-many	GENCODE.v47vsM6478
ENSG00000299261.1	lncRNA	ENSMUSG00000097280.3	lncRNA	one-to-many	GENCODE.v47vsM6479
ENSG00000279342.2	lncRNA	ENSMUSG00000110993.2	lncRNA	one-to-one	GENCODE.v47vsM6480
ENSG00000238156.1	lncRNA	ENSMUSG00000142674.1	lncRNA	one-to-one	GENCODE.v47vsM6481
ENSG00000248397.2	lncRNA	ENSMUSG00000140354.1	lncRNA	one-to-one	GENCODE.v47vsM6482
ENSG00000302893.1	lncRNA	ENSMUSG00000130670.1	lncRNA	one-to-one	GENCODE.v47vsM6483
ENSG00000299905.1	lncRNA	ENSMUSG00000120395.2	lncRNA	one-to-one	GENCODE.v47vsM6484
ENSG00000267280.7	lncRNA	ENSMUSG00000124369.1	lncRNA	one-to-many	GENCODE.v47vsM6485
ENSG00000293902.1	lncRNA	ENSMUSG00000086493.2	lncRNA	one-to-many	GENCODE.v47vsM6486
ENSG00000214184.4	lncRNA	ENSMUSG00000128557.1	lncRNA	one-to-one	GENCODE.v47vsM6487
ENSG00000259343.10	lncRNA	ENSMUSG00000087088.5	lncRNA	many-to-many	GENCODE.v47vsM6488
ENSG00000204850.4	lncRNA	ENSMUSG00000125551.1	lncRNA	one-to-one	GENCODE.v47vsM6489
ENSG00000300190.1	lncRNA	ENSMUSG00000120796.2	lncRNA	one-to-one	GENCODE.v47vsM6490
ENSG00000227398.7	lncRNA	ENSMUSG00000144154.1	lncRNA	one-to-one	GENCODE.v47vsM6491
ENSG00000236700.9	lncRNA	ENSMUSG00000097107.3	lncRNA	one-to-many	GENCODE.v47vsM6492
ENSG00000305809.1	lncRNA	ENSMUSG00000139584.1	lncRNA	one-to-one	GENCODE.v47vsM6493
ENSG00000227053.3	lncRNA	ENSMUSG00000106466.3	lncRNA	one-to-one	GENCODE.v47vsM6494
ENSG00000298979.1	lncRNA	ENSMUSG00000127858.1	lncRNA	one-to-one	GENCODE.v47vsM6495
ENSG00000231204.8	lncRNA	ENSMUSG00000138929.1	lncRNA	one-to-one	GENCODE.v47vsM6496
ENSG00000305227.1	lncRNA	ENSMUSG00000141195.1	lncRNA	one-to-one	GENCODE.v47vsM6497
ENSG00000293974.1	lncRNA	ENSMUSG00000143110.1	lncRNA	one-to-one	GENCODE.v47vsM6498
ENSG00000287873.2	lncRNA	ENSMUSG00000085413.3	lncRNA	one-to-one	GENCODE.v47vsM6499
ENSG00000301166.1	lncRNA	ENSMUSG00000120153.2	lncRNA	one-to-many	GENCODE.v47vsM6500
ENSG00000229042.2	lncRNA	ENSMUSG00000133060.1	lncRNA	one-to-half	GENCODE.v47vsM6501
ENSG00000289302.2	lncRNA	ENSMUSG00000086610.4	lncRNA	one-to-one	GENCODE.v47vsM6502
ENSG00000295467.1	lncRNA	ENSMUSG00000112431.2	lncRNA	many-to-many	GENCODE.v47vsM6503
ENSG00000299102.1	lncRNA	ENSMUSG00000087027.4	lncRNA	one-to-one	GENCODE.v47vsM6504
ENSG00000228221.7	lncRNA	ENSMUSG00000133676.1	lncRNA	one-to-one	GENCODE.v47vsM6505
ENSG00000233145.2	lncRNA	ENSMUSG00000125001.1	lncRNA	many-to-many	GENCODE.v47vsM6506
ENSG00000228933.9	lncRNA	ENSMUSG00000100826.8	lncRNA	one-to-many	GENCODE.v47vsM6507
ENSG00000251649.3	lncRNA	ENSMUSG00000128548.1	lncRNA	one-to-one	GENCODE.v47vsM6508
ENSG00000306404.1	lncRNA	ENSMUSG00000127067.1	lncRNA	one-to-one	GENCODE.v47vsM6509
ENSG00000214691.10	lncRNA	ENSMUSG00000100154.2	lncRNA	one-to-many	GENCODE.v47vsM6510
ENSG00000231721.9	lncRNA	ENSMUSG00000104030.2	lncRNA	many-to-many	GENCODE.v47vsM6511
ENSG00000303230.1	lncRNA	ENSMUSG00000138269.1	lncRNA	many-to-many	GENCODE.v47vsM6512
ENSG00000291143.2	lncRNA	ENSMUSG00000120115.2	lncRNA	many-to-many	GENCODE.v47vsM6513
ENSG00000301456.1	lncRNA	ENSMUSG00000132289.1	lncRNA	one-to-one	GENCODE.v47vsM6514
ENSG00000228697.7	lncRNA	ENSMUSG00000086942.3	lncRNA	one-to-half	GENCODE.v47vsM6515
ENSG00000226455.1	lncRNA	ENSMUSG00000086150.3	lncRNA	one-to-one	GENCODE.v47vsM6516
ENSG00000299607.1	lncRNA	ENSMUSG00000120697.2	lncRNA	one-to-one	GENCODE.v47vsM6517
ENSG00000248749.2	lncRNA	ENSMUSG00000133793.1	lncRNA	one-to-one	GENCODE.v47vsM6518
ENSG00000287772.1	lncRNA	ENSMUSG00000143556.1	lncRNA	one-to-one	GENCODE.v47vsM6519
ENSG00000286982.1	lncRNA	ENSMUSG00000134971.1	lncRNA	one-to-one	GENCODE.v47vsM6520
ENSG00000259697.3	lncRNA	ENSMUSG00000124935.1	lncRNA	one-to-one	GENCODE.v47vsM6521
ENSG00000305954.1	lncRNA	ENSMUSG00000085760.3	lncRNA	one-to-one	GENCODE.v47vsM6522
ENSG00000301041.1	lncRNA	ENSMUSG00000086187.4	lncRNA	many-to-many	GENCODE.v47vsM6523
ENSG00000287406.2	lncRNA	ENSMUSG00000106483.3	lncRNA	one-to-many	GENCODE.v47vsM6524
ENSG00000258820.6	lncRNA	ENSMUSG00000138976.1	lncRNA	many-to-many	GENCODE.v47vsM6525
ENSG00000259130.3	lncRNA	ENSMUSG00000115488.3	lncRNA	many-to-many	GENCODE.v47vsM6526
ENSG00000301304.1	lncRNA	ENSMUSG00000123538.1	lncRNA	one-to-one	GENCODE.v47vsM6527
ENSG00000294164.1	lncRNA	ENSMUSG00000085833.4	lncRNA	one-to-one	GENCODE.v47vsM6528
ENSG00000306058.1	lncRNA	ENSMUSG00000136858.1	lncRNA	one-to-one	GENCODE.v47vsM6529
ENSG00000284618.1	lncRNA	ENSMUSG00000102869.5	lncRNA	one-to-many	GENCODE.v47vsM6530
ENSG00000300442.1	lncRNA	ENSMUSG00000114898.4	lncRNA	one-to-many	GENCODE.v47vsM6531
ENSG00000286918.1	lncRNA	ENSMUSG00000133220.1	lncRNA	one-to-one	GENCODE.v47vsM6532
ENSG00000298189.1	lncRNA	ENSMUSG00000108875.3	lncRNA	one-to-many	GENCODE.v47vsM6533
ENSG00000265206.7	lncRNA	ENSMUSG00000084796.4	lncRNA	many-to-many	GENCODE.v47vsM6534
ENSG00000234665.10	lncRNA	ENSMUSG00000129703.1	lncRNA	many-to-many	GENCODE.v47vsM6535
ENSG00000298824.1	lncRNA	ENSMUSG00000072673.3	lncRNA	many-to-many	GENCODE.v47vsM6536
ENSG00000298503.1	lncRNA	ENSMUSG00000126642.1	lncRNA	one-to-one	GENCODE.v47vsM6537
ENSG00000308542.1	lncRNA	ENSMUSG00000135285.1	lncRNA	one-to-one	GENCODE.v47vsM6538
ENSG00000261220.4	lncRNA	ENSMUSG00000120535.2	lncRNA	one-to-one	GENCODE.v47vsM6539
ENSG00000300209.1	lncRNA	ENSMUSG00000132463.1	lncRNA	one-to-one	GENCODE.v47vsM6540
ENSG00000224876.2	lncRNA	ENSMUSG00000133136.1	lncRNA	one-to-one	GENCODE.v47vsM6541
ENSG00000275741.2	lncRNA	ENSMUSG00000096938.9	lncRNA	one-to-one	GENCODE.v47vsM6542
ENSG00000309553.1	lncRNA	ENSMUSG00000131876.1	lncRNA	one-to-one	GENCODE.v47vsM6543
ENSG00000287821.1	lncRNA	ENSMUSG00000138794.1	lncRNA	one-to-one	GENCODE.v47vsM6544
ENSG00000308561.1	lncRNA	ENSMUSG00000137984.1	lncRNA	one-to-many	GENCODE.v47vsM6545
ENSG00000289189.3	lncRNA	ENSMUSG00000113985.3	lncRNA	one-to-one	GENCODE.v47vsM6546
ENSG00000224738.3	lncRNA	ENSMUSG00000085310.9	lncRNA	one-to-one	GENCODE.v47vsM6547
ENSG00000266969.2	lncRNA	ENSMUSG00000118134.4	lncRNA	one-to-many	GENCODE.v47vsM6548
ENSG00000225127.6	lncRNA	ENSMUSG00000087618.3	lncRNA	one-to-one	GENCODE.v47vsM6549
ENSG00000233559.3	lncRNA	ENSMUSG00000087312.3	lncRNA	one-to-one	GENCODE.v47vsM6550
ENSG00000250334.9	lncRNA	ENSMUSG00000097516.9	lncRNA	one-to-one	GENCODE.v47vsM6551
ENSG00000214407.4	lncRNA	ENSMUSG00000140672.1	lncRNA	one-to-many	GENCODE.v47vsM6552
ENSG00000285689.1	lncRNA	ENSMUSG00000120037.2	lncRNA	one-to-many	GENCODE.v47vsM6553
ENSG00000293016.1	lncRNA	ENSMUSG00000132604.1	lncRNA	many-to-many	GENCODE.v47vsM6554
ENSG00000288755.2	lncRNA	ENSMUSG00000125387.1	lncRNA	many-to-many	GENCODE.v47vsM6555
ENSG00000286573.2	lncRNA	ENSMUSG00000141843.1	lncRNA	one-to-one	GENCODE.v47vsM6556
ENSG00000229931.4	lncRNA	ENSMUSG00000038152.7	lncRNA	one-to-one	GENCODE.v47vsM6557
ENSG00000249497.1	lncRNA	ENSMUSG00000084856.3	lncRNA	one-to-one	GENCODE.v47vsM6558
ENSG00000235535.10	lncRNA	ENSMUSG00000112707.3	lncRNA	one-to-one	GENCODE.v47vsM6559
ENSG00000303962.1	lncRNA	ENSMUSG00000113696.3	lncRNA	one-to-one	GENCODE.v47vsM6560
ENSG00000287886.2	lncRNA	ENSMUSG00000133648.1	lncRNA	one-to-many	GENCODE.v47vsM6561
ENSG00000305450.1	lncRNA	ENSMUSG00000125397.1	lncRNA	one-to-one	GENCODE.v47vsM6562
ENSG00000299874.1	lncRNA	ENSMUSG00000114369.4	lncRNA	one-to-one	GENCODE.v47vsM6563
ENSG00000307727.1	lncRNA	ENSMUSG00000136264.1	lncRNA	one-to-one	GENCODE.v47vsM6564
ENSG00000304030.1	lncRNA	ENSMUSG00000111555.2	lncRNA	one-to-one	GENCODE.v47vsM6565
ENSG00000295175.1	lncRNA	ENSMUSG00000143355.1	lncRNA	one-to-one	GENCODE.v47vsM6566
ENSG00000301524.1	lncRNA	ENSMUSG00000140470.1	lncRNA	one-to-one	GENCODE.v47vsM6567
ENSG00000230148.9	lncRNA	ENSMUSG00000084844.6	lncRNA	many-to-many	GENCODE.v47vsM6568
ENSG00000258082.2	lncRNA	ENSMUSG00000110697.4	lncRNA	one-to-many	GENCODE.v47vsM6569
ENSG00000224086.7	lncRNA	ENSMUSG00000116823.3	lncRNA	one-to-many	GENCODE.v47vsM6570
ENSG00000245888.8	lncRNA	ENSMUSG00000125853.1	lncRNA	one-to-half	GENCODE.v47vsM6571
ENSG00000224901.1	lncRNA	ENSMUSG00000141789.1	lncRNA	one-to-one	GENCODE.v47vsM6572
ENSG00000287919.2	lncRNA	ENSMUSG00000134832.1	lncRNA	one-to-one	GENCODE.v47vsM6573
ENSG00000236544.2	lncRNA	ENSMUSG00000126536.1	lncRNA	one-to-one	GENCODE.v47vsM6574
ENSG00000264278.2	lncRNA	ENSMUSG00000097141.3	lncRNA	one-to-many	GENCODE.v47vsM6575
ENSG00000254363.7	lncRNA	ENSMUSG00000138730.1	lncRNA	many-to-many	GENCODE.v47vsM6576
ENSG00000256286.3	lncRNA	ENSMUSG00000136763.1	lncRNA	one-to-many	GENCODE.v47vsM6577
ENSG00000290018.1	lncRNA	ENSMUSG00000131360.1	lncRNA	many-to-many	GENCODE.v47vsM6578
ENSG00000289473.3	lncRNA	ENSMUSG00000109965.3	lncRNA	one-to-one	GENCODE.v47vsM6579
ENSG00000255867.2	lncRNA	ENSMUSG00000134170.1	lncRNA	one-to-one	GENCODE.v47vsM6580
ENSG00000287054.1	lncRNA	ENSMUSG00000130645.1	lncRNA	one-to-one	GENCODE.v47vsM6581
ENSG00000297721.1	lncRNA	ENSMUSG00000132590.1	lncRNA	one-to-one	GENCODE.v47vsM6582
ENSG00000235257.12	lncRNA	ENSMUSG00000086119.4	lncRNA	many-to-many	GENCODE.v47vsM6583
ENSG00000239335.4	lncRNA	ENSMUSG00000139867.1	lncRNA	one-to-one	GENCODE.v47vsM6584
ENSG00000254024.2	lncRNA	ENSMUSG00000089804.5	lncRNA	one-to-many	GENCODE.v47vsM6585
ENSG00000288961.3	lncRNA	ENSMUSG00000125753.1	lncRNA	one-to-one	GENCODE.v47vsM6586
ENSG00000260807.8	lncRNA	ENSMUSG00000091475.8	lncRNA	one-to-many	GENCODE.v47vsM6587
ENSG00000255404.1	lncRNA	ENSMUSG00000121780.2	lncRNA	one-to-many	GENCODE.v47vsM6588
ENSG00000309434.1	lncRNA	ENSMUSG00000143014.1	lncRNA	one-to-one	GENCODE.v47vsM6589
ENSG00000253582.2	lncRNA	ENSMUSG00000142181.1	lncRNA	one-to-one	GENCODE.v47vsM6590
ENSG00000309897.1	lncRNA	ENSMUSG00000112857.3	lncRNA	many-to-many	GENCODE.v47vsM6591
ENSG00000226281.7	lncRNA	ENSMUSG00000099847.3	lncRNA	one-to-many	GENCODE.v47vsM6592
ENSG00000303571.1	lncRNA	ENSMUSG00000118369.3	lncRNA	one-to-many	GENCODE.v47vsM6593
ENSG00000234423.3	lncRNA	ENSMUSG00000142847.1	lncRNA	one-to-many	GENCODE.v47vsM6594
ENSG00000293083.1	lncRNA	ENSMUSG00000141455.1	lncRNA	many-to-many	GENCODE.v47vsM6595
ENSG00000267097.2	lncRNA	ENSMUSG00000132614.1	lncRNA	one-to-many	GENCODE.v47vsM6596
ENSG00000288740.2	lncRNA	ENSMUSG00000114372.2	lncRNA	one-to-one	GENCODE.v47vsM6597
ENSG00000289132.2	lncRNA	ENSMUSG00000086629.11	lncRNA	one-to-many	GENCODE.v47vsM6598
ENSG00000283083.3	lncRNA	ENSMUSG00000131482.1	lncRNA	one-to-many	GENCODE.v47vsM6599
ENSG00000243089.3	lncRNA	ENSMUSG00000104285.2	lncRNA	one-to-many	GENCODE.v47vsM6600
ENSG00000228495.4	lncRNA	ENSMUSG00000087400.11	lncRNA	one-to-many	GENCODE.v47vsM6601
ENSG00000271860.10	lncRNA	ENSMUSG00000099150.3	lncRNA	many-to-many	GENCODE.v47vsM6602
ENSG00000296604.1	lncRNA	ENSMUSG00000137699.1	lncRNA	one-to-one	GENCODE.v47vsM6603
ENSG00000253959.2	lncRNA	ENSMUSG00000103635.2	lncRNA	one-to-one	GENCODE.v47vsM6604
ENSG00000266256.4	lncRNA	ENSMUSG00000138135.1	lncRNA	one-to-many	GENCODE.v47vsM6605
ENSG00000267532.7	lncRNA	ENSMUSG00000135539.1	lncRNA	many-to-many	GENCODE.v47vsM6606
ENSG00000300380.1	lncRNA	ENSMUSG00000122654.1	lncRNA	one-to-one	GENCODE.v47vsM6607
ENSG00000305736.1	lncRNA	ENSMUSG00000106586.3	lncRNA	one-to-one	GENCODE.v47vsM6608
ENSG00000232618.2	lncRNA	ENSMUSG00000120437.2	lncRNA	one-to-one	GENCODE.v47vsM6609
ENSG00000273329.3	lncRNA	ENSMUSG00000120456.2	lncRNA	one-to-one	GENCODE.v47vsM6610
ENSG00000295791.1	lncRNA	ENSMUSG00000120763.2	lncRNA	one-to-many	GENCODE.v47vsM6611
ENSG00000256315.2	lncRNA	ENSMUSG00000143460.1	lncRNA	one-to-one	GENCODE.v47vsM6612
ENSG00000282057.1	lncRNA	ENSMUSG00000121832.2	lncRNA	many-to-many	GENCODE.v47vsM6613
ENSG00000223546.10	lncRNA	ENSMUSG00000087553.3	lncRNA	many-to-many	GENCODE.v47vsM6614
ENSG00000289848.2	lncRNA	ENSMUSG00000130051.1	lncRNA	one-to-one	GENCODE.v47vsM6615
ENSG00000309461.1	lncRNA	ENSMUSG00000116839.3	lncRNA	many-to-many	GENCODE.v47vsM6616
ENSG00000255248.11	lncRNA	ENSMUSG00000074415.18	lncRNA	many-to-many	GENCODE.v47vsM6617
ENSG00000269246.3	lncRNA	ENSMUSG00000134760.1	lncRNA	one-to-many	GENCODE.v47vsM6618
ENSG00000253111.3	lncRNA	ENSMUSG00000140450.1	lncRNA	many-to-many	GENCODE.v47vsM6619
ENSG00000304554.1	lncRNA	ENSMUSG00000101643.2	lncRNA	one-to-one	GENCODE.v47vsM6620
ENSG00000298759.1	lncRNA	ENSMUSG00000132123.1	lncRNA	one-to-one	GENCODE.v47vsM6621
ENSG00000306071.1	lncRNA	ENSMUSG00000142658.1	lncRNA	one-to-one	GENCODE.v47vsM6622
ENSG00000308586.1	lncRNA	ENSMUSG00000121411.2	lncRNA	many-to-many	GENCODE.v47vsM6623
ENSG00000233365.3	lncRNA	ENSMUSG00000122949.1	lncRNA	one-to-many	GENCODE.v47vsM6624
ENSG00000260032.3	lncRNA	ENSMUSG00000128663.1	lncRNA	many-to-many	GENCODE.v47vsM6625
ENSG00000213904.12	lncRNA	ENSMUSG00000053714.11	lncRNA	many-to-many	GENCODE.v47vsM6626
ENSG00000223935.4	lncRNA	ENSMUSG00000129234.1	lncRNA	one-to-one	GENCODE.v47vsM6627
ENSG00000289093.2	lncRNA	ENSMUSG00000135834.1	lncRNA	one-to-many	GENCODE.v47vsM6628
ENSG00000256637.10	lncRNA	ENSMUSG00000100832.4	lncRNA	one-to-one	GENCODE.v47vsM6629
ENSG00000243295.3	lncRNA	ENSMUSG00000097898.10	lncRNA	one-to-one	GENCODE.v47vsM6630
ENSG00000271086.8	lncRNA	ENSMUSG00000132842.1	lncRNA	one-to-many	GENCODE.v47vsM6631
ENSG00000226733.5	lncRNA	ENSMUSG00000132263.1	lncRNA	one-to-one	GENCODE.v47vsM6632
ENSG00000255136.4	lncRNA	ENSMUSG00000097974.4	lncRNA	many-to-many	GENCODE.v47vsM6633
ENSG00000304771.1	lncRNA	ENSMUSG00000123940.1	lncRNA	one-to-many	GENCODE.v47vsM6634
ENSG00000297628.1	lncRNA	ENSMUSG00000142007.1	lncRNA	one-to-half	GENCODE.v47vsM6635
ENSG00000293035.2	lncRNA	ENSMUSG00000142241.1	lncRNA	one-to-half	GENCODE.v47vsM6636
ENSG00000230490.5	lncRNA	ENSMUSG00000054622.7	lncRNA	many-to-many	GENCODE.v47vsM6637
ENSG00000276259.1	lncRNA	ENSMUSG00000114722.3	lncRNA	one-to-many	GENCODE.v47vsM6638
ENSG00000307993.1	lncRNA	ENSMUSG00000104055.3	lncRNA	one-to-many	GENCODE.v47vsM6639
ENSG00000305173.1	lncRNA	ENSMUSG00000120516.2	lncRNA	one-to-one	GENCODE.v47vsM6640
ENSG00000259887.2	lncRNA	ENSMUSG00000122850.1	lncRNA	one-to-many	GENCODE.v47vsM6641
ENSG00000235214.2	lncRNA	ENSMUSG00000086754.4	lncRNA	one-to-many	GENCODE.v47vsM6642
ENSG00000250392.3	lncRNA	ENSMUSG00000121419.2	lncRNA	many-to-many	GENCODE.v47vsM6643
ENSG00000267421.7	lncRNA	ENSMUSG00000129558.1	lncRNA	one-to-one	GENCODE.v47vsM6644
ENSG00000236053.1	lncRNA	ENSMUSG00000109432.3	lncRNA	one-to-one	GENCODE.v47vsM6645
ENSG00000271395.3	lncRNA	ENSMUSG00000136640.1	lncRNA	one-to-one	GENCODE.v47vsM6646
ENSG00000257595.4	lncRNA	ENSMUSG00000131264.1	lncRNA	one-to-many	GENCODE.v47vsM6647
ENSG00000237298.12	lncRNA	ENSMUSG00000086354.3	lncRNA	one-to-many	GENCODE.v47vsM6648
ENSG00000299334.1	lncRNA	ENSMUSG00000104677.2	lncRNA	one-to-one	GENCODE.v47vsM6649
ENSG00000297454.1	lncRNA	ENSMUSG00000137894.1	lncRNA	one-to-one	GENCODE.v47vsM6650
ENSG00000234076.3	lncRNA	ENSMUSG00000120515.2	lncRNA	one-to-one	GENCODE.v47vsM6651
ENSG00000261215.1	lncRNA	ENSMUSG00000142040.1	lncRNA	many-to-many	GENCODE.v47vsM6652
ENSG00000289096.1	lncRNA	ENSMUSG00000140972.1	lncRNA	one-to-one	GENCODE.v47vsM6653
ENSG00000249306.8	lncRNA	ENSMUSG00000113599.3	lncRNA	one-to-half	GENCODE.v47vsM6654
ENSG00000228649.12	lncRNA	ENSMUSG00000097180.8	lncRNA	many-to-many	GENCODE.v47vsM6655
ENSG00000295641.1	lncRNA	ENSMUSG00000117823.3	lncRNA	one-to-one	GENCODE.v47vsM6656
ENSG00000297865.1	lncRNA	ENSMUSG00000119994.2	lncRNA	one-to-many	GENCODE.v47vsM6657
ENSG00000262413.1	lncRNA	ENSMUSG00000128647.1	lncRNA	one-to-one	GENCODE.v47vsM6658
ENSG00000299100.1	lncRNA	ENSMUSG00000122474.1	lncRNA	one-to-many	GENCODE.v47vsM6659
ENSG00000306235.1	lncRNA	ENSMUSG00000093535.3	lncRNA	one-to-one	GENCODE.v47vsM6660
ENSG00000223774.6	lncRNA	ENSMUSG00000135221.1	lncRNA	one-to-one	GENCODE.v47vsM6661
ENSG00000279365.1	lncRNA	ENSMUSG00000136877.1	lncRNA	one-to-many	GENCODE.v47vsM6662
ENSG00000273472.3	lncRNA	ENSMUSG00000074228.4	lncRNA	one-to-one	GENCODE.v47vsM6663
ENSG00000224132.3	lncRNA	ENSMUSG00000131460.1	lncRNA	one-to-one	GENCODE.v47vsM6664
ENSG00000286356.2	lncRNA	ENSMUSG00000085230.3	lncRNA	one-to-one	GENCODE.v47vsM6665
ENSG00000305193.1	lncRNA	ENSMUSG00000117770.3	lncRNA	one-to-one	GENCODE.v47vsM6666
ENSG00000308164.1	lncRNA	ENSMUSG00000120271.2	lncRNA	one-to-one	GENCODE.v47vsM6667
ENSG00000295487.1	lncRNA	ENSMUSG00000140318.1	lncRNA	one-to-many	GENCODE.v47vsM6668
ENSG00000289489.2	lncRNA	ENSMUSG00000134002.1	lncRNA	one-to-one	GENCODE.v47vsM6669
ENSG00000304839.1	lncRNA	ENSMUSG00000099957.6	lncRNA	one-to-many	GENCODE.v47vsM6670
ENSG00000309439.1	lncRNA	ENSMUSG00000086031.3	lncRNA	one-to-one	GENCODE.v47vsM6671
ENSG00000294956.1	lncRNA	ENSMUSG00000126027.1	lncRNA	one-to-many	GENCODE.v47vsM6672
ENSG00000203999.11	lncRNA	ENSMUSG00000087624.3	lncRNA	one-to-many	GENCODE.v47vsM6673
ENSG00000295459.1	lncRNA	ENSMUSG00000087038.12	lncRNA	one-to-one	GENCODE.v47vsM6674
ENSG00000255320.3	lncRNA	ENSMUSG00000117710.3	lncRNA	one-to-one	GENCODE.v47vsM6675
ENSG00000304200.1	lncRNA	ENSMUSG00000130685.1	lncRNA	one-to-one	GENCODE.v47vsM6676
ENSG00000234948.3	lncRNA	ENSMUSG00000138823.1	lncRNA	one-to-many	GENCODE.v47vsM6677
ENSG00000287938.2	lncRNA	ENSMUSG00000097182.5	lncRNA	many-to-many	GENCODE.v47vsM6678
ENSG00000284696.3	lncRNA	ENSMUSG00000129211.1	lncRNA	one-to-many	GENCODE.v47vsM6679
ENSG00000245008.5	lncRNA	ENSMUSG00000110844.3	lncRNA	one-to-one	GENCODE.v47vsM6680
ENSG00000293110.2	lncRNA	ENSMUSG00000110831.2	lncRNA	many-to-many	GENCODE.v47vsM6681
ENSG00000305493.1	lncRNA	ENSMUSG00000125946.1	lncRNA	one-to-one	GENCODE.v47vsM6682
ENSG00000275549.1	lncRNA	ENSMUSG00000138353.1	lncRNA	one-to-one	GENCODE.v47vsM6683
ENSG00000286482.3	lncRNA	ENSMUSG00000120361.2	lncRNA	many-to-many	GENCODE.v47vsM6684
ENSG00000295897.1	lncRNA	ENSMUSG00000120479.2	lncRNA	one-to-one	GENCODE.v47vsM6685
ENSG00000248279.5	lncRNA	ENSMUSG00000136470.1	lncRNA	one-to-one	GENCODE.v47vsM6686
ENSG00000287335.3	lncRNA	ENSMUSG00000084840.3	lncRNA	one-to-one	GENCODE.v47vsM6687
ENSG00000289185.2	lncRNA	ENSMUSG00000135721.1	lncRNA	one-to-many	GENCODE.v47vsM6688
ENSG00000266256.4	lncRNA	ENSMUSG00000139598.1	lncRNA	one-to-many	GENCODE.v47vsM6689
ENSG00000290496.2	lncRNA	ENSMUSG00000139502.1	lncRNA	many-to-many	GENCODE.v47vsM6690
ENSG00000289159.3	lncRNA	ENSMUSG00000120380.2	lncRNA	one-to-one	GENCODE.v47vsM6691
ENSG00000286591.2	lncRNA	ENSMUSG00000127724.1	lncRNA	one-to-one	GENCODE.v47vsM6692
ENSG00000260352.2	lncRNA	ENSMUSG00000055159.10	lncRNA	one-to-one	GENCODE.v47vsM6693
ENSG00000253665.3	lncRNA	ENSMUSG00000129592.1	lncRNA	one-to-one	GENCODE.v47vsM6694
ENSG00000255647.4	lncRNA	ENSMUSG00000097793.4	lncRNA	one-to-one	GENCODE.v47vsM6695
ENSG00000170919.17	lncRNA	ENSMUSG00000085829.4	lncRNA	one-to-half	GENCODE.v47vsM6696
ENSG00000253339.5	lncRNA	ENSMUSG00000132226.1	lncRNA	one-to-one	GENCODE.v47vsM6697
ENSG00000302990.1	lncRNA	ENSMUSG00000087424.4	lncRNA	one-to-one	GENCODE.v47vsM6698
ENSG00000287154.1	lncRNA	ENSMUSG00000079528.12	lncRNA	one-to-one	GENCODE.v47vsM6699
ENSG00000232413.1	lncRNA	ENSMUSG00000087461.4	lncRNA	one-to-one	GENCODE.v47vsM6700
ENSG00000304986.1	lncRNA	ENSMUSG00000112375.3	lncRNA	one-to-one	GENCODE.v47vsM6701
ENSG00000281196.2	lncRNA	ENSMUSG00000086715.3	lncRNA	one-to-one	GENCODE.v47vsM6702
ENSG00000271952.4	lncRNA	ENSMUSG00000137989.1	lncRNA	one-to-one	GENCODE.v47vsM6703
ENSG00000303108.1	lncRNA	ENSMUSG00000106053.3	lncRNA	one-to-one	GENCODE.v47vsM6704
ENSG00000225128.2	lncRNA	ENSMUSG00000103740.2	lncRNA	one-to-one	GENCODE.v47vsM6705
ENSG00000302535.1	lncRNA	ENSMUSG00000120498.2	lncRNA	one-to-one	GENCODE.v47vsM6706
ENSG00000295645.1	lncRNA	ENSMUSG00000097207.10	lncRNA	one-to-many	GENCODE.v47vsM6707
ENSG00000302738.1	lncRNA	ENSMUSG00000140879.1	lncRNA	one-to-one	GENCODE.v47vsM6708
ENSG00000293321.1	lncRNA	ENSMUSG00000106483.3	lncRNA	many-to-many	GENCODE.v47vsM6709
ENSG00000302144.1	lncRNA	ENSMUSG00000129703.1	lncRNA	one-to-many	GENCODE.v47vsM6710
ENSG00000300149.1	lncRNA	ENSMUSG00000141438.1	lncRNA	one-to-one	GENCODE.v47vsM6711
ENSG00000307631.1	lncRNA	ENSMUSG00000101741.4	lncRNA	one-to-one	GENCODE.v47vsM6712
ENSG00000266850.2	lncRNA	ENSMUSG00000122951.1	lncRNA	one-to-many	GENCODE.v47vsM6713
ENSG00000286608.3	lncRNA	ENSMUSG00000112805.3	lncRNA	many-to-many	GENCODE.v47vsM6714
ENSG00000297965.1	lncRNA	ENSMUSG00000120626.2	lncRNA	one-to-one	GENCODE.v47vsM6715
ENSG00000234690.8	lncRNA	ENSMUSG00000126313.1	lncRNA	many-to-many	GENCODE.v47vsM6716
ENSG00000232671.9	lncRNA	ENSMUSG00000085956.4	lncRNA	one-to-one	GENCODE.v47vsM6717
ENSG00000255384.2	lncRNA	ENSMUSG00000110773.3	lncRNA	one-to-one	GENCODE.v47vsM6718
ENSG00000299832.1	lncRNA	ENSMUSG00000125798.1	lncRNA	one-to-one	GENCODE.v47vsM6719
ENSG00000273456.3	lncRNA	ENSMUSG00000119961.2	lncRNA	one-to-one	GENCODE.v47vsM6720
ENSG00000295420.1	lncRNA	ENSMUSG00000085558.10	lncRNA	many-to-many	GENCODE.v47vsM6721
ENSG00000254003.2	lncRNA	ENSMUSG00000086528.2	lncRNA	one-to-many	GENCODE.v47vsM6722
ENSG00000287398.1	lncRNA	ENSMUSG00000124938.1	lncRNA	many-to-many	GENCODE.v47vsM6723
ENSG00000295189.1	lncRNA	ENSMUSG00000120525.2	lncRNA	one-to-one	GENCODE.v47vsM6724
ENSG00000249406.4	lncRNA	ENSMUSG00000126441.1	lncRNA	one-to-one	GENCODE.v47vsM6725
ENSG00000293667.1	lncRNA	ENSMUSG00000128289.1	lncRNA	one-to-many	GENCODE.v47vsM6726
ENSG00000277987.4	lncRNA	ENSMUSG00000109458.3	lncRNA	one-to-many	GENCODE.v47vsM6727
ENSG00000299420.1	lncRNA	ENSMUSG00000140523.1	lncRNA	one-to-one	GENCODE.v47vsM6728
ENSG00000232849.3	lncRNA	ENSMUSG00000104296.2	lncRNA	one-to-one	GENCODE.v47vsM6729
ENSG00000253361.4	lncRNA	ENSMUSG00000119968.2	lncRNA	many-to-many	GENCODE.v47vsM6730
ENSG00000303866.1	lncRNA	ENSMUSG00000084811.4	lncRNA	one-to-one	GENCODE.v47vsM6731
ENSG00000246548.4	lncRNA	ENSMUSG00000120428.2	lncRNA	one-to-many	GENCODE.v47vsM6732
ENSG00000304628.1	lncRNA	ENSMUSG00000131565.1	lncRNA	one-to-one	GENCODE.v47vsM6733
ENSG00000294343.1	lncRNA	ENSMUSG00000137904.1	lncRNA	one-to-one	GENCODE.v47vsM6734
ENSG00000287277.3	lncRNA	ENSMUSG00000133332.1	lncRNA	one-to-one	GENCODE.v47vsM6735
ENSG00000236464.2	lncRNA	ENSMUSG00000097962.9	lncRNA	one-to-many	GENCODE.v47vsM6736
ENSG00000273106.2	lncRNA	ENSMUSG00000097047.4	lncRNA	one-to-one	GENCODE.v47vsM6737
ENSG00000284500.4	lncRNA	ENSMUSG00000142933.1	lncRNA	one-to-many	GENCODE.v47vsM6738
ENSG00000279142.1	lncRNA	ENSMUSG00000103830.2	lncRNA	one-to-one	GENCODE.v47vsM6739
ENSG00000290913.2	lncRNA	ENSMUSG00000135899.1	lncRNA	many-to-many	GENCODE.v47vsM6740
ENSG00000302075.1	lncRNA	ENSMUSG00000109137.3	lncRNA	one-to-one	GENCODE.v47vsM6741
ENSG00000288999.3	lncRNA	ENSMUSG00000141810.1	lncRNA	one-to-many	GENCODE.v47vsM6742
ENSG00000284600.2	lncRNA	ENSMUSG00000127902.1	lncRNA	one-to-one	GENCODE.v47vsM6743
ENSG00000304906.1	lncRNA	ENSMUSG00000130872.1	lncRNA	one-to-one	GENCODE.v47vsM6744
ENSG00000225792.4	lncRNA	ENSMUSG00000125981.1	lncRNA	one-to-one	GENCODE.v47vsM6745
ENSG00000287310.2	lncRNA	ENSMUSG00000112093.2	lncRNA	one-to-one	GENCODE.v47vsM6746
ENSG00000232832.2	lncRNA	ENSMUSG00000120962.1	lncRNA	many-to-many	GENCODE.v47vsM6747
ENSG00000205885.9	lncRNA	ENSMUSG00000107552.3	lncRNA	one-to-one	GENCODE.v47vsM6748
ENSG00000291089.2	lncRNA	ENSMUSG00000100111.4	lncRNA	many-to-many	GENCODE.v47vsM6749
ENSG00000303858.1	lncRNA	ENSMUSG00000115420.2	lncRNA	many-to-many	GENCODE.v47vsM6750
ENSG00000291062.2	lncRNA	ENSMUSG00000108991.2	lncRNA	many-to-many	GENCODE.v47vsM6751
ENSG00000301754.1	lncRNA	ENSMUSG00000120817.2	lncRNA	one-to-one	GENCODE.v47vsM6752
ENSG00000301762.1	lncRNA	ENSMUSG00000123369.1	lncRNA	one-to-one	GENCODE.v47vsM6753
ENSG00000286548.1	lncRNA	ENSMUSG00000135020.1	lncRNA	one-to-one	GENCODE.v47vsM6754
ENSG00000290057.2	lncRNA	ENSMUSG00000131230.1	lncRNA	many-to-many	GENCODE.v47vsM6755
ENSG00000301698.1	lncRNA	ENSMUSG00000142805.1	lncRNA	one-to-half	GENCODE.v47vsM6756
ENSG00000255772.6	lncRNA	ENSMUSG00000112230.5	lncRNA	one-to-many	GENCODE.v47vsM6757
ENSG00000298532.1	lncRNA	ENSMUSG00000128642.1	lncRNA	one-to-one	GENCODE.v47vsM6758
ENSG00000224687.3	lncRNA	ENSMUSG00000121798.2	lncRNA	one-to-many	GENCODE.v47vsM6759
ENSG00000225233.3	lncRNA	ENSMUSG00000135215.1	lncRNA	one-to-many	GENCODE.v47vsM6760
ENSG00000306636.1	lncRNA	ENSMUSG00000114401.4	lncRNA	one-to-many	GENCODE.v47vsM6761
ENSG00000297169.1	lncRNA	ENSMUSG00000123038.1	lncRNA	one-to-one	GENCODE.v47vsM6762
ENSG00000250616.5	lncRNA	ENSMUSG00000055323.8	lncRNA	one-to-many	GENCODE.v47vsM6763
ENSG00000308315.1	lncRNA	ENSMUSG00000128392.1	lncRNA	one-to-one	GENCODE.v47vsM6764
ENSG00000306059.1	lncRNA	ENSMUSG00000122637.1	lncRNA	one-to-one	GENCODE.v47vsM6765
ENSG00000287513.2	lncRNA	ENSMUSG00000122809.1	lncRNA	one-to-one	GENCODE.v47vsM6766
ENSG00000301463.1	lncRNA	ENSMUSG00000130814.1	lncRNA	one-to-one	GENCODE.v47vsM6767
ENSG00000259116.3	lncRNA	ENSMUSG00000097323.4	lncRNA	one-to-one	GENCODE.v47vsM6768
ENSG00000253572.3	lncRNA	ENSMUSG00000103438.2	lncRNA	one-to-one	GENCODE.v47vsM6769
ENSG00000300229.1	lncRNA	ENSMUSG00000085419.4	lncRNA	one-to-one	GENCODE.v47vsM6770
ENSG00000293870.1	lncRNA	ENSMUSG00000129038.1	lncRNA	one-to-half	GENCODE.v47vsM6771
ENSG00000309927.1	lncRNA	ENSMUSG00000141705.1	lncRNA	one-to-one	GENCODE.v47vsM6772
ENSG00000298645.1	lncRNA	ENSMUSG00000140764.1	lncRNA	one-to-one	GENCODE.v47vsM6773
ENSG00000298670.1	lncRNA	ENSMUSG00000135784.1	lncRNA	one-to-one	GENCODE.v47vsM6774
ENSG00000236377.2	lncRNA	ENSMUSG00000139141.1	lncRNA	one-to-one	GENCODE.v47vsM6775
ENSG00000295291.1	lncRNA	ENSMUSG00000053214.9	lncRNA	one-to-one	GENCODE.v47vsM6776
ENSG00000259543.2	lncRNA	ENSMUSG00000108861.2	lncRNA	one-to-one	GENCODE.v47vsM6777
ENSG00000254659.4	lncRNA	ENSMUSG00000143800.1	lncRNA	one-to-many	GENCODE.v47vsM6778
ENSG00000309933.1	lncRNA	ENSMUSG00000138438.1	lncRNA	one-to-half	GENCODE.v47vsM6779
ENSG00000299453.1	lncRNA	ENSMUSG00000131289.1	lncRNA	many-to-many	GENCODE.v47vsM6780
ENSG00000286596.2	lncRNA	ENSMUSG00000097216.5	lncRNA	one-to-one	GENCODE.v47vsM6781
ENSG00000306151.1	lncRNA	ENSMUSG00000103695.3	lncRNA	one-to-one	GENCODE.v47vsM6782
ENSG00000232767.3	lncRNA	ENSMUSG00000120555.2	lncRNA	one-to-one	GENCODE.v47vsM6783
ENSG00000285804.2	lncRNA	ENSMUSG00000097027.4	lncRNA	one-to-one	GENCODE.v47vsM6784
ENSG00000233093.9	lncRNA	ENSMUSG00000085808.3	lncRNA	one-to-one	GENCODE.v47vsM6785
ENSG00000295350.1	lncRNA	ENSMUSG00000111147.3	lncRNA	one-to-one	GENCODE.v47vsM6786
ENSG00000231533.3	lncRNA	ENSMUSG00000111443.3	lncRNA	one-to-one	GENCODE.v47vsM6787
ENSG00000298790.1	lncRNA	ENSMUSG00000097472.3	lncRNA	one-to-one	GENCODE.v47vsM6788
ENSG00000170983.4	lncRNA	ENSMUSG00000135659.1	lncRNA	one-to-one	GENCODE.v47vsM6789
ENSG00000254485.5	lncRNA	ENSMUSG00000107455.2	lncRNA	many-to-many	GENCODE.v47vsM6790
ENSG00000238123.2	lncRNA	ENSMUSG00000133634.1	lncRNA	one-to-one	GENCODE.v47vsM6791
ENSG00000291200.2	lncRNA	ENSMUSG00000137944.1	lncRNA	many-to-many	GENCODE.v47vsM6792
ENSG00000287705.1	lncRNA	ENSMUSG00000111874.3	lncRNA	one-to-one	GENCODE.v47vsM6793
ENSG00000271938.2	lncRNA	ENSMUSG00000054822.7	lncRNA	one-to-many	GENCODE.v47vsM6794
ENSG00000294708.1	lncRNA	ENSMUSG00000126272.1	lncRNA	one-to-one	GENCODE.v47vsM6795
ENSG00000258535.1	lncRNA	ENSMUSG00000139308.1	lncRNA	one-to-one	GENCODE.v47vsM6796
ENSG00000237058.2	lncRNA	ENSMUSG00000087437.9	lncRNA	one-to-one	GENCODE.v47vsM6797
ENSG00000226648.3	lncRNA	ENSMUSG00000135486.1	lncRNA	one-to-one	GENCODE.v47vsM6798
ENSG00000289915.2	lncRNA	ENSMUSG00000131252.1	lncRNA	one-to-one	GENCODE.v47vsM6799
ENSG00000303314.1	lncRNA	ENSMUSG00000140944.1	lncRNA	one-to-one	GENCODE.v47vsM6800
ENSG00000259788.2	lncRNA	ENSMUSG00000104266.3	lncRNA	one-to-one	GENCODE.v47vsM6801
ENSG00000308260.1	lncRNA	ENSMUSG00000113120.2	lncRNA	one-to-one	GENCODE.v47vsM6802
ENSG00000236780.8	lncRNA	ENSMUSG00000086468.4	lncRNA	one-to-half	GENCODE.v47vsM6803
ENSG00000228140.3	lncRNA	ENSMUSG00000140983.1	lncRNA	one-to-many	GENCODE.v47vsM6804
ENSG00000309656.1	lncRNA	ENSMUSG00000113875.3	lncRNA	one-to-many	GENCODE.v47vsM6805
ENSG00000227757.4	lncRNA	ENSMUSG00000116763.3	lncRNA	many-to-many	GENCODE.v47vsM6806
ENSG00000304330.1	lncRNA	ENSMUSG00000122977.1	lncRNA	one-to-one	GENCODE.v47vsM6807
ENSG00000304865.1	lncRNA	ENSMUSG00000087117.10	lncRNA	one-to-one	GENCODE.v47vsM6808
ENSG00000273248.3	lncRNA	ENSMUSG00000122612.1	lncRNA	one-to-one	GENCODE.v47vsM6809
ENSG00000240535.8	lncRNA	ENSMUSG00000122632.1	lncRNA	one-to-one	GENCODE.v47vsM6810
ENSG00000293312.2	lncRNA	ENSMUSG00000139583.1	lncRNA	many-to-many	GENCODE.v47vsM6811
ENSG00000238258.2	lncRNA	ENSMUSG00000137137.1	lncRNA	one-to-one	GENCODE.v47vsM6812
ENSG00000306142.1	lncRNA	ENSMUSG00000106352.7	lncRNA	one-to-one	GENCODE.v47vsM6813
ENSG00000309494.1	lncRNA	ENSMUSG00000097240.3	lncRNA	one-to-one	GENCODE.v47vsM6814
ENSG00000231970.1	lncRNA	ENSMUSG00000140202.1	lncRNA	one-to-one	GENCODE.v47vsM6815
ENSG00000307946.1	lncRNA	ENSMUSG00000106740.3	lncRNA	one-to-one	GENCODE.v47vsM6816
ENSG00000257817.3	lncRNA	ENSMUSG00000140110.1	lncRNA	many-to-many	GENCODE.v47vsM6817
ENSG00000243766.9	lncRNA	ENSMUSG00000055408.8	lncRNA	many-to-many	GENCODE.v47vsM6818
ENSG00000299970.1	lncRNA	ENSMUSG00000143292.1	lncRNA	one-to-one	GENCODE.v47vsM6819
ENSG00000259345.8	lncRNA	ENSMUSG00000087203.10	lncRNA	many-to-many	GENCODE.v47vsM6820
ENSG00000230710.3	lncRNA	ENSMUSG00000131219.1	lncRNA	one-to-one	GENCODE.v47vsM6821
ENSG00000229214.2	lncRNA	ENSMUSG00000141963.1	lncRNA	one-to-one	GENCODE.v47vsM6822
ENSG00000224326.2	lncRNA	ENSMUSG00000131738.1	lncRNA	one-to-one	GENCODE.v47vsM6823
ENSG00000286959.2	lncRNA	ENSMUSG00000128986.1	lncRNA	one-to-one	GENCODE.v47vsM6824
ENSG00000293630.1	lncRNA	ENSMUSG00000086427.10	lncRNA	many-to-many	GENCODE.v47vsM6825
ENSG00000299335.1	lncRNA	ENSMUSG00000115709.3	lncRNA	one-to-many	GENCODE.v47vsM6826
ENSG00000205500.9	lncRNA	ENSMUSG00000140296.1	lncRNA	one-to-one	GENCODE.v47vsM6827
ENSG00000259868.4	lncRNA	ENSMUSG00000115060.3	lncRNA	one-to-one	GENCODE.v47vsM6828
ENSG00000308642.1	lncRNA	ENSMUSG00000137091.1	lncRNA	many-to-many	GENCODE.v47vsM6829
ENSG00000230290.2	lncRNA	ENSMUSG00000124547.1	lncRNA	many-to-many	GENCODE.v47vsM6830
ENSG00000266357.7	lncRNA	ENSMUSG00000132800.1	lncRNA	many-to-many	GENCODE.v47vsM6831
ENSG00000284196.4	lncRNA	ENSMUSG00000138595.1	lncRNA	one-to-one	GENCODE.v47vsM6832
ENSG00000297590.1	lncRNA	ENSMUSG00000120255.2	lncRNA	one-to-one	GENCODE.v47vsM6833
ENSG00000223561.9	lncRNA	ENSMUSG00000124943.1	lncRNA	one-to-one	GENCODE.v47vsM6834
ENSG00000285700.2	lncRNA	ENSMUSG00000134752.1	lncRNA	one-to-one	GENCODE.v47vsM6835
ENSG00000259580.1	lncRNA	ENSMUSG00000100046.2	lncRNA	many-to-many	GENCODE.v47vsM6836
ENSG00000297078.1	lncRNA	ENSMUSG00000132960.1	lncRNA	one-to-one	GENCODE.v47vsM6837
ENSG00000229005.3	lncRNA	ENSMUSG00000046840.19	lncRNA	one-to-many	GENCODE.v47vsM6838
ENSG00000259130.3	lncRNA	ENSMUSG00000125038.1	lncRNA	many-to-many	GENCODE.v47vsM6839
ENSG00000271857.2	lncRNA	ENSMUSG00000073394.6	lncRNA	one-to-one	GENCODE.v47vsM6840
ENSG00000271860.10	lncRNA	ENSMUSG00000124854.1	lncRNA	many-to-many	GENCODE.v47vsM6841
ENSG00000277332.4	lncRNA	ENSMUSG00000139421.1	lncRNA	one-to-one	GENCODE.v47vsM6842
ENSG00000291091.2	lncRNA	ENSMUSG00000113465.3	lncRNA	many-to-many	GENCODE.v47vsM6843
ENSG00000237027.1	lncRNA	ENSMUSG00000122687.1	lncRNA	one-to-one	GENCODE.v47vsM6844
ENSG00000267489.6	lncRNA	ENSMUSG00000108711.3	lncRNA	many-to-many	GENCODE.v47vsM6845
ENSG00000305471.1	lncRNA	ENSMUSG00000120888.2	lncRNA	one-to-one	GENCODE.v47vsM6846
ENSG00000300319.1	lncRNA	ENSMUSG00000103744.2	lncRNA	one-to-many	GENCODE.v47vsM6847
ENSG00000249343.4	lncRNA	ENSMUSG00000142344.1	lncRNA	one-to-one	GENCODE.v47vsM6848
ENSG00000249815.3	lncRNA	ENSMUSG00000074237.4	lncRNA	one-to-one	GENCODE.v47vsM6849
ENSG00000307433.1	lncRNA	ENSMUSG00000099681.3	lncRNA	one-to-many	GENCODE.v47vsM6850
ENSG00000288720.2	lncRNA	ENSMUSG00000090608.2	lncRNA	many-to-many	GENCODE.v47vsM6851
ENSG00000287500.1	lncRNA	ENSMUSG00000127989.1	lncRNA	one-to-one	GENCODE.v47vsM6852
ENSG00000286113.3	lncRNA	ENSMUSG00000102457.2	lncRNA	one-to-one	GENCODE.v47vsM6853
ENSG00000229876.2	lncRNA	ENSMUSG00000131898.1	lncRNA	one-to-one	GENCODE.v47vsM6854
ENSG00000307169.1	lncRNA	ENSMUSG00000124946.1	lncRNA	one-to-many	GENCODE.v47vsM6855
ENSG00000235470.6	lncRNA	ENSMUSG00000118127.2	lncRNA	one-to-one	GENCODE.v47vsM6856
ENSG00000244513.8	lncRNA	ENSMUSG00000107502.2	lncRNA	one-to-one	GENCODE.v47vsM6857
ENSG00000284523.3	lncRNA	ENSMUSG00000097652.5	lncRNA	one-to-many	GENCODE.v47vsM6858
ENSG00000230651.9	lncRNA	ENSMUSG00000120958.2	lncRNA	one-to-half	GENCODE.v47vsM6859
ENSG00000276412.3	lncRNA	ENSMUSG00000123521.1	lncRNA	many-to-many	GENCODE.v47vsM6860
ENSG00000259088.2	lncRNA	ENSMUSG00000113585.4	lncRNA	one-to-many	GENCODE.v47vsM6861
ENSG00000307073.1	lncRNA	ENSMUSG00000143154.1	lncRNA	one-to-one	GENCODE.v47vsM6862
ENSG00000231990.3	lncRNA	ENSMUSG00000135817.1	lncRNA	one-to-one	GENCODE.v47vsM6863
ENSG00000257373.1	lncRNA	ENSMUSG00000116360.3	lncRNA	one-to-one	GENCODE.v47vsM6864
ENSG00000290026.2	lncRNA	ENSMUSG00000089766.4	lncRNA	one-to-many	GENCODE.v47vsM6865
ENSG00000303324.1	lncRNA	ENSMUSG00000116437.3	lncRNA	one-to-one	GENCODE.v47vsM6866
ENSG00000299477.1	lncRNA	ENSMUSG00000086350.4	lncRNA	one-to-many	GENCODE.v47vsM6867
ENSG00000224349.3	lncRNA	ENSMUSG00000143955.1	lncRNA	one-to-many	GENCODE.v47vsM6868
ENSG00000296816.1	lncRNA	ENSMUSG00000143612.1	lncRNA	one-to-one	GENCODE.v47vsM6869
ENSG00000310159.1	lncRNA	ENSMUSG00000098129.3	lncRNA	one-to-one	GENCODE.v47vsM6870
ENSG00000308444.1	lncRNA	ENSMUSG00000084915.4	lncRNA	one-to-many	GENCODE.v47vsM6871
ENSG00000227089.3	lncRNA	ENSMUSG00000124818.1	lncRNA	one-to-one	GENCODE.v47vsM6872
ENSG00000258107.4	lncRNA	ENSMUSG00000112353.3	lncRNA	one-to-one	GENCODE.v47vsM6873
ENSG00000298135.1	lncRNA	ENSMUSG00000139515.1	lncRNA	one-to-one	GENCODE.v47vsM6874
ENSG00000287143.2	lncRNA	ENSMUSG00000097730.5	lncRNA	one-to-one	GENCODE.v47vsM6875
ENSG00000236028.2	lncRNA	ENSMUSG00000100796.2	lncRNA	one-to-one	GENCODE.v47vsM6876
ENSG00000301322.1	lncRNA	ENSMUSG00000131407.1	lncRNA	one-to-one	GENCODE.v47vsM6877
ENSG00000232855.8	lncRNA	ENSMUSG00000116555.3	lncRNA	one-to-half	GENCODE.v47vsM6878
ENSG00000258038.7	lncRNA	ENSMUSG00000120526.2	lncRNA	many-to-many	GENCODE.v47vsM6879
ENSG00000294546.1	lncRNA	ENSMUSG00000141407.1	lncRNA	one-to-one	GENCODE.v47vsM6880
ENSG00000287933.2	lncRNA	ENSMUSG00000141776.1	lncRNA	many-to-many	GENCODE.v47vsM6881
ENSG00000302327.1	lncRNA	ENSMUSG00000117648.3	lncRNA	one-to-many	GENCODE.v47vsM6882
ENSG00000261407.3	lncRNA	ENSMUSG00000108387.3	lncRNA	one-to-one	GENCODE.v47vsM6883
ENSG00000300447.1	lncRNA	ENSMUSG00000142468.1	lncRNA	one-to-one	GENCODE.v47vsM6884
ENSG00000272784.1	lncRNA	ENSMUSG00000125781.1	lncRNA	one-to-one	GENCODE.v47vsM6885
ENSG00000297898.1	lncRNA	ENSMUSG00000117859.4	lncRNA	one-to-many	GENCODE.v47vsM6886
ENSG00000303434.1	lncRNA	ENSMUSG00000097640.10	lncRNA	one-to-many	GENCODE.v47vsM6887
ENSG00000226938.2	lncRNA	ENSMUSG00000087289.5	lncRNA	one-to-half	GENCODE.v47vsM6888
ENSG00000295860.1	lncRNA	ENSMUSG00000124505.1	lncRNA	one-to-one	GENCODE.v47vsM6889
ENSG00000231290.8	lncRNA	ENSMUSG00000120177.2	lncRNA	one-to-one	GENCODE.v47vsM6890
ENSG00000229893.3	lncRNA	ENSMUSG00000108170.2	lncRNA	one-to-one	GENCODE.v47vsM6891
ENSG00000243319.7	lncRNA	ENSMUSG00000125512.1	lncRNA	one-to-many	GENCODE.v47vsM6892
ENSG00000237594.2	lncRNA	ENSMUSG00000120080.2	lncRNA	one-to-one	GENCODE.v47vsM6893
ENSG00000244128.10	lncRNA	ENSMUSG00000102820.3	lncRNA	many-to-many	GENCODE.v47vsM6894
ENSG00000267282.2	lncRNA	ENSMUSG00000092381.3	lncRNA	one-to-one	GENCODE.v47vsM6895
ENSG00000309870.1	lncRNA	ENSMUSG00000087174.10	lncRNA	one-to-many	GENCODE.v47vsM6896
ENSG00000250608.3	lncRNA	ENSMUSG00000128556.1	lncRNA	one-to-many	GENCODE.v47vsM6897
ENSG00000257541.2	lncRNA	ENSMUSG00000112832.3	lncRNA	one-to-many	GENCODE.v47vsM6898
ENSG00000278002.2	lncRNA	ENSMUSG00000130813.1	lncRNA	one-to-many	GENCODE.v47vsM6899
ENSG00000248884.3	lncRNA	ENSMUSG00000100733.4	lncRNA	many-to-many	GENCODE.v47vsM6900
ENSG00000288903.2	lncRNA	ENSMUSG00000114274.3	lncRNA	one-to-one	GENCODE.v47vsM6901
ENSG00000301104.1	lncRNA	ENSMUSG00000108448.4	lncRNA	one-to-many	GENCODE.v47vsM6902
ENSG00000267278.7	lncRNA	ENSMUSG00000140614.1	lncRNA	one-to-many	GENCODE.v47vsM6903
ENSG00000260469.4	lncRNA	ENSMUSG00000138655.1	lncRNA	one-to-many	GENCODE.v47vsM6904
ENSG00000232021.10	lncRNA	ENSMUSG00000130906.1	lncRNA	one-to-many	GENCODE.v47vsM6905
ENSG00000296237.1	lncRNA	ENSMUSG00000085427.9	lncRNA	one-to-many	GENCODE.v47vsM6906
ENSG00000233230.4	lncRNA	ENSMUSG00000121628.2	lncRNA	one-to-many	GENCODE.v47vsM6907
ENSG00000288949.1	lncRNA	ENSMUSG00000139021.1	lncRNA	one-to-many	GENCODE.v47vsM6908
ENSG00000306934.1	lncRNA	ENSMUSG00000101773.2	lncRNA	one-to-one	GENCODE.v47vsM6909
ENSG00000258584.3	lncRNA	ENSMUSG00000100789.8	lncRNA	one-to-one	GENCODE.v47vsM6910
ENSG00000303647.1	lncRNA	ENSMUSG00000139506.1	lncRNA	one-to-one	GENCODE.v47vsM6911
ENSG00000251141.7	lncRNA	ENSMUSG00000097411.3	lncRNA	one-to-many	GENCODE.v47vsM6912
ENSG00000286244.2	lncRNA	ENSMUSG00000125672.1	lncRNA	many-to-many	GENCODE.v47vsM6913
ENSG00000233006.9	lncRNA	ENSMUSG00000124124.1	lncRNA	one-to-many	GENCODE.v47vsM6914
ENSG00000230725.7	lncRNA	ENSMUSG00000124981.1	lncRNA	many-to-many	GENCODE.v47vsM6915
ENSG00000246662.7	lncRNA	ENSMUSG00000104211.2	lncRNA	one-to-many	GENCODE.v47vsM6916
ENSG00000232139.7	lncRNA	ENSMUSG00000099678.3	lncRNA	one-to-one	GENCODE.v47vsM6917
ENSG00000287925.2	lncRNA	ENSMUSG00000103599.2	lncRNA	one-to-many	GENCODE.v47vsM6918
ENSG00000267780.3	lncRNA	ENSMUSG00000137902.1	lncRNA	many-to-many	GENCODE.v47vsM6919
ENSG00000245293.6	lncRNA	ENSMUSG00000097761.3	lncRNA	one-to-many	GENCODE.v47vsM6920
ENSG00000286244.2	lncRNA	ENSMUSG00000101404.3	lncRNA	many-to-many	GENCODE.v47vsM6921
ENSG00000290811.2	lncRNA	ENSMUSG00000124866.1	lncRNA	many-to-many	GENCODE.v47vsM6922
ENSG00000255572.1	lncRNA	ENSMUSG00000143523.1	lncRNA	one-to-one	GENCODE.v47vsM6923
ENSG00000229124.9	lncRNA	ENSMUSG00000134718.1	lncRNA	one-to-one	GENCODE.v47vsM6924
ENSG00000258569.1	lncRNA	ENSMUSG00000143308.1	lncRNA	one-to-one	GENCODE.v47vsM6925
ENSG00000229011.2	lncRNA	ENSMUSG00000022116.9	lncRNA	one-to-many	GENCODE.v47vsM6926
ENSG00000298969.1	lncRNA	ENSMUSG00000087213.5	lncRNA	one-to-many	GENCODE.v47vsM6927
ENSG00000296772.1	lncRNA	ENSMUSG00000133352.1	lncRNA	one-to-many	GENCODE.v47vsM6928
ENSG00000293017.1	lncRNA	ENSMUSG00000114270.3	lncRNA	one-to-many	GENCODE.v47vsM6929
ENSG00000307657.1	lncRNA	ENSMUSG00000103287.2	lncRNA	one-to-one	GENCODE.v47vsM6930
ENSG00000310421.1	lncRNA	ENSMUSG00000086090.3	lncRNA	one-to-one	GENCODE.v47vsM6931
ENSG00000248554.2	lncRNA	ENSMUSG00000074635.5	lncRNA	one-to-many	GENCODE.v47vsM6932
ENSG00000253661.4	lncRNA	ENSMUSG00000086224.10	lncRNA	one-to-one	GENCODE.v47vsM6933
ENSG00000227456.10	lncRNA	ENSMUSG00000116608.2	lncRNA	one-to-one	GENCODE.v47vsM6934
ENSG00000298611.1	lncRNA	ENSMUSG00000138798.1	lncRNA	one-to-one	GENCODE.v47vsM6935
ENSG00000309455.1	lncRNA	ENSMUSG00000084880.2	lncRNA	one-to-many	GENCODE.v47vsM6936
ENSG00000222000.8	lncRNA	ENSMUSG00000103603.3	lncRNA	one-to-one	GENCODE.v47vsM6937
ENSG00000226363.5	lncRNA	ENSMUSG00000085015.4	lncRNA	one-to-one	GENCODE.v47vsM6938
ENSG00000303765.1	lncRNA	ENSMUSG00000132411.1	lncRNA	many-to-many	GENCODE.v47vsM6939
ENSG00000223834.6	lncRNA	ENSMUSG00000125005.1	lncRNA	one-to-one	GENCODE.v47vsM6940
ENSG00000240497.4	lncRNA	ENSMUSG00000120615.2	lncRNA	one-to-one	GENCODE.v47vsM6941
ENSG00000300791.1	lncRNA	ENSMUSG00000124733.1	lncRNA	one-to-one	GENCODE.v47vsM6942
ENSG00000304351.1	lncRNA	ENSMUSG00000135932.1	lncRNA	one-to-one	GENCODE.v47vsM6943
ENSG00000307740.1	lncRNA	ENSMUSG00000115432.3	lncRNA	one-to-many	GENCODE.v47vsM6944
ENSG00000297386.1	lncRNA	ENSMUSG00000120235.2	lncRNA	one-to-one	GENCODE.v47vsM6945
ENSG00000278908.1	lncRNA	ENSMUSG00000130747.1	lncRNA	one-to-one	GENCODE.v47vsM6946
ENSG00000291024.2	lncRNA	ENSMUSG00000121336.2	lncRNA	many-to-many	GENCODE.v47vsM6947
ENSG00000230676.2	lncRNA	ENSMUSG00000087268.3	lncRNA	one-to-many	GENCODE.v47vsM6948
ENSG00000262898.6	lncRNA	ENSMUSG00000085126.3	lncRNA	one-to-one	GENCODE.v47vsM6949
ENSG00000308319.1	lncRNA	ENSMUSG00000137570.1	lncRNA	one-to-one	GENCODE.v47vsM6950
ENSG00000309082.1	lncRNA	ENSMUSG00000131864.1	lncRNA	one-to-one	GENCODE.v47vsM6951
ENSG00000259589.2	lncRNA	ENSMUSG00000100130.2	lncRNA	one-to-one	GENCODE.v47vsM6952
ENSG00000293339.1	lncRNA	ENSMUSG00000116587.3	lncRNA	many-to-many	GENCODE.v47vsM6953
ENSG00000278901.1	lncRNA	ENSMUSG00000073594.4	lncRNA	one-to-many	GENCODE.v47vsM6954
ENSG00000257252.8	lncRNA	ENSMUSG00000112538.3	lncRNA	many-to-many	GENCODE.v47vsM6955
ENSG00000303443.1	lncRNA	ENSMUSG00000112739.3	lncRNA	one-to-one	GENCODE.v47vsM6956
ENSG00000234206.6	lncRNA	ENSMUSG00000132724.1	lncRNA	one-to-many	GENCODE.v47vsM6957
ENSG00000288813.2	lncRNA	ENSMUSG00000130316.1	lncRNA	many-to-many	GENCODE.v47vsM6958
ENSG00000296864.1	lncRNA	ENSMUSG00000101133.3	lncRNA	one-to-many	GENCODE.v47vsM6959
ENSG00000242880.3	lncRNA	ENSMUSG00000075070.8	lncRNA	one-to-one	GENCODE.v47vsM6960
ENSG00000304847.1	lncRNA	ENSMUSG00000125303.1	lncRNA	one-to-one	GENCODE.v47vsM6961
ENSG00000225963.9	lncRNA	ENSMUSG00000142042.1	lncRNA	many-to-many	GENCODE.v47vsM6962
ENSG00000237499.8	lncRNA	ENSMUSG00000134909.1	lncRNA	one-to-many	GENCODE.v47vsM6963
ENSG00000302658.1	lncRNA	ENSMUSG00000084996.3	lncRNA	one-to-many	GENCODE.v47vsM6964
ENSG00000290006.1	lncRNA	ENSMUSG00000120544.1	lncRNA	one-to-one	GENCODE.v47vsM6965
ENSG00000257698.4	lncRNA	ENSMUSG00000128639.1	lncRNA	one-to-one	GENCODE.v47vsM6966
ENSG00000285825.3	lncRNA	ENSMUSG00000143102.1	lncRNA	one-to-half	GENCODE.v47vsM6967
ENSG00000300661.1	lncRNA	ENSMUSG00000134613.1	lncRNA	many-to-many	GENCODE.v47vsM6968
ENSG00000295559.1	lncRNA	ENSMUSG00000129245.1	lncRNA	one-to-one	GENCODE.v47vsM6969
ENSG00000297790.1	lncRNA	ENSMUSG00000125894.1	lncRNA	one-to-one	GENCODE.v47vsM6970
ENSG00000249637.5	lncRNA	ENSMUSG00000119977.2	lncRNA	one-to-one	GENCODE.v47vsM6971
ENSG00000267729.1	lncRNA	ENSMUSG00000135929.1	lncRNA	one-to-one	GENCODE.v47vsM6972
ENSG00000251600.10	lncRNA	ENSMUSG00000126802.1	lncRNA	many-to-many	GENCODE.v47vsM6973
ENSG00000238121.8	lncRNA	ENSMUSG00000108207.4	lncRNA	many-to-many	GENCODE.v47vsM6974
ENSG00000287666.2	lncRNA	ENSMUSG00000135248.1	lncRNA	one-to-many	GENCODE.v47vsM6975
ENSG00000299656.1	lncRNA	ENSMUSG00000120541.2	lncRNA	one-to-one	GENCODE.v47vsM6976
ENSG00000301224.1	lncRNA	ENSMUSG00000130401.1	lncRNA	one-to-many	GENCODE.v47vsM6977
ENSG00000309045.1	lncRNA	ENSMUSG00000122615.1	lncRNA	one-to-one	GENCODE.v47vsM6978
ENSG00000251372.9	lncRNA	ENSMUSG00000129935.1	lncRNA	one-to-one	GENCODE.v47vsM6979
ENSG00000267519.7	lncRNA	ENSMUSG00000133927.1	lncRNA	many-to-many	GENCODE.v47vsM6980
ENSG00000236051.7	lncRNA	ENSMUSG00000139609.1	lncRNA	one-to-one	GENCODE.v47vsM6981
ENSG00000293844.1	lncRNA	ENSMUSG00000139340.1	lncRNA	one-to-many	GENCODE.v47vsM6982
ENSG00000225689.3	lncRNA	ENSMUSG00000129569.1	lncRNA	one-to-many	GENCODE.v47vsM6983
ENSG00000294471.1	lncRNA	ENSMUSG00000103956.2	lncRNA	one-to-one	GENCODE.v47vsM6984
ENSG00000286728.2	lncRNA	ENSMUSG00000129644.1	lncRNA	many-to-many	GENCODE.v47vsM6985
ENSG00000285454.2	lncRNA	ENSMUSG00000107385.6	lncRNA	one-to-many	GENCODE.v47vsM6986
ENSG00000289440.2	lncRNA	ENSMUSG00000097557.5	lncRNA	one-to-one	GENCODE.v47vsM6987
ENSG00000306090.1	lncRNA	ENSMUSG00000138415.1	lncRNA	one-to-one	GENCODE.v47vsM6988
ENSG00000307047.1	lncRNA	ENSMUSG00000120769.2	lncRNA	one-to-one	GENCODE.v47vsM6989
ENSG00000205930.12	lncRNA	ENSMUSG00000085398.2	lncRNA	one-to-one	GENCODE.v47vsM6990
ENSG00000230074.6	lncRNA	ENSMUSG00000095348.3	lncRNA	many-to-many	GENCODE.v47vsM6991
ENSG00000275329.2	lncRNA	ENSMUSG00000087595.3	lncRNA	one-to-one	GENCODE.v47vsM6992
ENSG00000288663.1	lncRNA	ENSMUSG00000121617.1	lncRNA	many-to-many	GENCODE.v47vsM6993
ENSG00000250938.9	lncRNA	ENSMUSG00000139711.1	lncRNA	one-to-many	GENCODE.v47vsM6994
ENSG00000226519.5	lncRNA	ENSMUSG00000115709.3	lncRNA	many-to-many	GENCODE.v47vsM6995
ENSG00000261235.2	lncRNA	ENSMUSG00000123317.1	lncRNA	one-to-many	GENCODE.v47vsM6996
ENSG00000278576.1	lncRNA	ENSMUSG00000113196.2	lncRNA	many-to-many	GENCODE.v47vsM6997
ENSG00000245067.9	lncRNA	ENSMUSG00000106985.3	lncRNA	one-to-one	GENCODE.v47vsM6998
ENSG00000237037.9	lncRNA	ENSMUSG00000121118.2	lncRNA	many-to-many	GENCODE.v47vsM6999
ENSG00000276707.1	lncRNA	ENSMUSG00000087211.10	lncRNA	one-to-many	GENCODE.v47vsM7000
ENSG00000298148.1	lncRNA	ENSMUSG00000141176.1	lncRNA	one-to-one	GENCODE.v47vsM7001
ENSG00000301771.1	lncRNA	ENSMUSG00000101596.2	lncRNA	one-to-one	GENCODE.v47vsM7002
ENSG00000273001.2	lncRNA	ENSMUSG00000137208.1	lncRNA	one-to-one	GENCODE.v47vsM7003
ENSG00000234432.4	lncRNA	ENSMUSG00000120419.2	lncRNA	one-to-one	GENCODE.v47vsM7004
ENSG00000293013.2	lncRNA	ENSMUSG00000129875.1	lncRNA	many-to-many	GENCODE.v47vsM7005
ENSG00000289343.2	lncRNA	ENSMUSG00000127101.1	lncRNA	one-to-one	GENCODE.v47vsM7006
ENSG00000293794.1	lncRNA	ENSMUSG00000124842.1	lncRNA	one-to-one	GENCODE.v47vsM7007
ENSG00000233237.10	lncRNA	ENSMUSG00000134304.1	lncRNA	many-to-many	GENCODE.v47vsM7008
ENSG00000233643.3	lncRNA	ENSMUSG00000112275.3	lncRNA	one-to-many	GENCODE.v47vsM7009
ENSG00000235058.1	lncRNA	ENSMUSG00000102300.3	lncRNA	one-to-one	GENCODE.v47vsM7010
ENSG00000310423.1	lncRNA	ENSMUSG00000042976.8	lncRNA	one-to-many	GENCODE.v47vsM7011
ENSG00000287887.2	lncRNA	ENSMUSG00000120818.1	lncRNA	many-to-many	GENCODE.v47vsM7012
ENSG00000309342.1	lncRNA	ENSMUSG00000131377.1	lncRNA	one-to-one	GENCODE.v47vsM7013
ENSG00000261691.1	lncRNA	ENSMUSG00000097405.4	lncRNA	one-to-one	GENCODE.v47vsM7014
ENSG00000259720.2	lncRNA	ENSMUSG00000108472.2	lncRNA	one-to-many	GENCODE.v47vsM7015
ENSG00000275040.2	lncRNA	ENSMUSG00000124148.1	lncRNA	one-to-many	GENCODE.v47vsM7016
ENSG00000271086.8	lncRNA	ENSMUSG00000102450.2	lncRNA	one-to-many	GENCODE.v47vsM7017
ENSG00000296765.1	lncRNA	ENSMUSG00000136207.1	lncRNA	one-to-one	GENCODE.v47vsM7018
ENSG00000233862.9	lncRNA	ENSMUSG00000117247.2	lncRNA	one-to-one	GENCODE.v47vsM7019
ENSG00000259153.5	lncRNA	ENSMUSG00000113303.2	lncRNA	one-to-one	GENCODE.v47vsM7020
ENSG00000263307.3	lncRNA	ENSMUSG00000097537.5	lncRNA	one-to-one	GENCODE.v47vsM7021
ENSG00000237879.3	lncRNA	ENSMUSG00000107271.5	lncRNA	one-to-many	GENCODE.v47vsM7022
ENSG00000224729.7	lncRNA	ENSMUSG00000106617.2	lncRNA	one-to-many	GENCODE.v47vsM7023
ENSG00000273093.1	lncRNA	ENSMUSG00000097448.3	lncRNA	many-to-many	GENCODE.v47vsM7024
ENSG00000301244.1	lncRNA	ENSMUSG00000102820.3	lncRNA	many-to-many	GENCODE.v47vsM7025
ENSG00000286089.1	lncRNA	ENSMUSG00000106776.2	lncRNA	many-to-many	GENCODE.v47vsM7026
ENSG00000295793.1	lncRNA	ENSMUSG00000131603.1	lncRNA	one-to-many	GENCODE.v47vsM7027
ENSG00000187621.17	lncRNA	ENSMUSG00000140451.1	lncRNA	many-to-many	GENCODE.v47vsM7028
ENSG00000302696.1	lncRNA	ENSMUSG00000093682.2	lncRNA	one-to-half	GENCODE.v47vsM7029
ENSG00000305516.1	lncRNA	ENSMUSG00000087168.3	lncRNA	many-to-many	GENCODE.v47vsM7030
ENSG00000230490.5	lncRNA	ENSMUSG00000054622.7	lncRNA	one-to-many	GENCODE.v47vsM7031
ENSG00000303445.1	lncRNA	ENSMUSG00000120923.2	lncRNA	one-to-many	GENCODE.v47vsM7032
ENSG00000300446.1	lncRNA	ENSMUSG00000127630.1	lncRNA	many-to-many	GENCODE.v47vsM7033
ENSG00000286063.1	lncRNA	ENSMUSG00000128315.1	lncRNA	one-to-many	GENCODE.v47vsM7034
ENSG00000295895.1	lncRNA	ENSMUSG00000109887.3	lncRNA	many-to-many	GENCODE.v47vsM7035
ENSG00000223646.3	lncRNA	ENSMUSG00000101894.3	lncRNA	many-to-many	GENCODE.v47vsM7036
ENSG00000176124.16	lncRNA	ENSMUSG00000128712.1	lncRNA	one-to-many	GENCODE.v47vsM7037
ENSG00000309318.1	lncRNA	ENSMUSG00000120839.2	lncRNA	one-to-half	GENCODE.v47vsM7038
ENSG00000291175.2	lncRNA	ENSMUSG00000132242.1	lncRNA	one-to-many	GENCODE.v47vsM7039
ENSG00000223813.6	lncRNA	ENSMUSG00000073067.12	lncRNA	one-to-many	GENCODE.v47vsM7040
ENSG00000255153.1	lncRNA	ENSMUSG00000122444.1	lncRNA	one-to-half	GENCODE.v47vsM7041
ENSG00000273920.1	lncRNA	ENSMUSG00000087088.5	lncRNA	many-to-many	GENCODE.v47vsM7042
ENSG00000287278.2	lncRNA	ENSMUSG00000137098.1	lncRNA	many-to-many	GENCODE.v47vsM7043
ENSG00000246523.11	lncRNA	ENSMUSG00000109199.2	lncRNA	one-to-many	GENCODE.v47vsM7044
ENSG00000306123.1	lncRNA	ENSMUSG00000134529.1	lncRNA	one-to-many	GENCODE.v47vsM7045
ENSG00000310226.1	lncRNA	ENSMUSG00000126632.1	lncRNA	many-to-many	GENCODE.v47vsM7046
ENSG00000257067.7	lncRNA	ENSMUSG00000111669.3	lncRNA	many-to-many	GENCODE.v47vsM7047
ENSG00000264112.2	lncRNA	ENSMUSG00000087373.9	lncRNA	many-to-many	GENCODE.v47vsM7048
ENSG00000267780.3	lncRNA	ENSMUSG00000137902.1	lncRNA	one-to-many	GENCODE.v47vsM7049
ENSG00000232907.10	lncRNA	ENSMUSG00000087179.11	lncRNA	many-to-many	GENCODE.v47vsM7050
ENSG00000297917.1	lncRNA	ENSMUSG00000141370.1	lncRNA	many-to-many	GENCODE.v47vsM7051
ENSG00000304717.1	lncRNA	ENSMUSG00000110945.2	lncRNA	one-to-many	GENCODE.v47vsM7052
ENSG00000272243.7	lncRNA	ENSMUSG00000111633.2	lncRNA	one-to-many	GENCODE.v47vsM7053
ENSG00000231364.4	lncRNA	ENSMUSG00000124479.1	lncRNA	one-to-many	GENCODE.v47vsM7054
ENSG00000257657.4	lncRNA	ENSMUSG00000097536.4	lncRNA	many-to-many	GENCODE.v47vsM7055
ENSG00000300987.1	lncRNA	ENSMUSG00000140359.1	lncRNA	one-to-many	GENCODE.v47vsM7056
ENSG00000288814.2	lncRNA	ENSMUSG00000126746.1	lncRNA	one-to-half	GENCODE.v47vsM7057
ENSG00000230074.6	lncRNA	ENSMUSG00000102504.2	lncRNA	one-to-many	GENCODE.v47vsM7058
ENSG00000230148.9	lncRNA	ENSMUSG00000075589.4	lncRNA	one-to-many	GENCODE.v47vsM7059
ENSG00000285068.2	lncRNA	ENSMUSG00000126632.1	lncRNA	many-to-many	GENCODE.v47vsM7060
ENSG00000270332.5	lncRNA	ENSMUSG00000139502.1	lncRNA	many-to-many	GENCODE.v47vsM7061
ENSG00000272986.1	lncRNA	ENSMUSG00000120316.2	lncRNA	many-to-many	GENCODE.v47vsM7062
ENSG00000282418.2	lncRNA	ENSMUSG00000137389.1	lncRNA	one-to-many	GENCODE.v47vsM7063
ENSG00000235661.4	lncRNA	ENSMUSG00000075020.9	lncRNA	many-to-many	GENCODE.v47vsM7064
ENSG00000306206.1	lncRNA	ENSMUSG00000112742.4	lncRNA	one-to-many	GENCODE.v47vsM7065
ENSG00000269514.4	lncRNA	ENSMUSG00000139785.1	lncRNA	one-to-many	GENCODE.v47vsM7066
ENSG00000272691.2	lncRNA	ENSMUSG00000097183.5	lncRNA	many-to-many	GENCODE.v47vsM7067
ENSG00000232828.2	lncRNA	ENSMUSG00000087193.10	lncRNA	many-to-many	GENCODE.v47vsM7068
ENSG00000226237.5	lncRNA	ENSMUSG00000114433.2	lncRNA	one-to-many	GENCODE.v47vsM7069
ENSG00000283217.2	lncRNA	ENSMUSG00000075020.9	lncRNA	many-to-many	GENCODE.v47vsM7070
ENSG00000225765.4	lncRNA	ENSMUSG00000101919.2	lncRNA	many-to-many	GENCODE.v47vsM7071
ENSG00000233183.4	lncRNA	ENSMUSG00000073430.8	lncRNA	one-to-many	GENCODE.v47vsM7072
ENSG00000260372.8	lncRNA	ENSMUSG00000144131.1	lncRNA	one-to-many	GENCODE.v47vsM7073
ENSG00000300370.1	lncRNA	ENSMUSG00000118373.3	lncRNA	one-to-many	GENCODE.v47vsM7074
ENSG00000259203.5	lncRNA	ENSMUSG00000066477.15	lncRNA	one-to-many	GENCODE.v47vsM7075
ENSG00000236790.8	lncRNA	ENSMUSG00000127650.1	lncRNA	one-to-many	GENCODE.v47vsM7076
ENSG00000247809.12	lncRNA	ENSMUSG00000109021.3	lncRNA	one-to-many	GENCODE.v47vsM7077
ENSG00000251600.10	lncRNA	ENSMUSG00000126802.1	lncRNA	one-to-many	GENCODE.v47vsM7078
ENSG00000226312.7	lncRNA	ENSMUSG00000142788.1	lncRNA	many-to-many	GENCODE.v47vsM7079
ENSG00000293482.2	lncRNA	ENSMUSG00000112274.4	lncRNA	one-to-many	GENCODE.v47vsM7080
ENSG00000267646.1	lncRNA	ENSMUSG00000097030.3	lncRNA	one-to-half	GENCODE.v47vsM7081
ENSG00000288823.2	lncRNA	ENSMUSG00000097577.5	lncRNA	one-to-many	GENCODE.v47vsM7082
ENSG00000215386.16	lncRNA	ENSMUSG00000090386.13	lncRNA	one-to-many	GENCODE.v47vsM7083
ENSG00000254083.6	lncRNA	ENSMUSG00000116294.3	lncRNA	many-to-many	GENCODE.v47vsM7084
ENSG00000260077.2	lncRNA	ENSMUSG00000143530.1	lncRNA	many-to-many	GENCODE.v47vsM7085
ENSG00000307300.1	lncRNA	ENSMUSG00000138372.1	lncRNA	many-to-many	GENCODE.v47vsM7086
ENSG00000294392.1	lncRNA	ENSMUSG00000136752.1	lncRNA	many-to-many	GENCODE.v47vsM7087
ENSG00000291091.2	lncRNA	ENSMUSG00000116690.3	lncRNA	one-to-many	GENCODE.v47vsM7088
ENSG00000294552.1	lncRNA	ENSMUSG00000085167.4	lncRNA	many-to-many	GENCODE.v47vsM7089
ENSG00000285926.2	lncRNA	ENSMUSG00000140629.1	lncRNA	one-to-many	GENCODE.v47vsM7090
ENSG00000235415.2	lncRNA	ENSMUSG00000136614.1	lncRNA	one-to-many	GENCODE.v47vsM7091
ENSG00000286608.3	lncRNA	ENSMUSG00000112805.3	lncRNA	one-to-many	GENCODE.v47vsM7092
ENSG00000243926.4	lncRNA	ENSMUSG00000143217.1	lncRNA	one-to-many	GENCODE.v47vsM7093
ENSG00000279900.1	lncRNA	ENSMUSG00000074024.8	lncRNA	many-to-many	GENCODE.v47vsM7094
ENSG00000175061.21	lncRNA	ENSMUSG00000085170.3	lncRNA	one-to-many	GENCODE.v47vsM7095
ENSG00000307534.1	lncRNA	ENSMUSG00000140100.1	lncRNA	many-to-many	GENCODE.v47vsM7096
ENSG00000267607.2	lncRNA	ENSMUSG00000110790.3	lncRNA	many-to-many	GENCODE.v47vsM7097
ENSG00000303446.1	lncRNA	ENSMUSG00000100760.3	lncRNA	many-to-many	GENCODE.v47vsM7098
ENSG00000244265.3	lncRNA	ENSMUSG00000097725.6	lncRNA	one-to-many	GENCODE.v47vsM7099
ENSG00000248572.7	lncRNA	ENSMUSG00000143361.1	lncRNA	one-to-many	GENCODE.v47vsM7100
ENSG00000295643.1	lncRNA	ENSMUSG00000125468.1	lncRNA	one-to-many	GENCODE.v47vsM7101
ENSG00000249669.13	lncRNA	ENSMUSG00000120623.2	lncRNA	one-to-many	GENCODE.v47vsM7102
ENSG00000299547.1	lncRNA	ENSMUSG00000101356.4	lncRNA	many-to-many	GENCODE.v47vsM7103
ENSG00000289021.2	lncRNA	ENSMUSG00000133912.1	lncRNA	one-to-half	GENCODE.v47vsM7104
ENSG00000302824.1	lncRNA	ENSMUSG00000113757.3	lncRNA	many-to-many	GENCODE.v47vsM7105
ENSG00000246145.2	lncRNA	ENSMUSG00000079671.11	lncRNA	many-to-many	GENCODE.v47vsM7106
ENSG00000254946.3	lncRNA	ENSMUSG00000143724.1	lncRNA	many-to-many	GENCODE.v47vsM7107
ENSG00000285707.1	lncRNA	ENSMUSG00000129948.1	lncRNA	one-to-many	GENCODE.v47vsM7108
ENSG00000251459.3	lncRNA	ENSMUSG00000127046.1	lncRNA	one-to-many	GENCODE.v47vsM7109
ENSG00000304979.1	lncRNA	ENSMUSG00000087085.3	lncRNA	many-to-many	GENCODE.v47vsM7110
ENSG00000287037.2	lncRNA	ENSMUSG00000136230.1	lncRNA	one-to-many	GENCODE.v47vsM7111
ENSG00000257621.10	lncRNA	ENSMUSG00000085622.11	lncRNA	many-to-many	GENCODE.v47vsM7112
ENSG00000288949.1	lncRNA	ENSMUSG00000139021.1	lncRNA	many-to-many	GENCODE.v47vsM7113
ENSG00000285462.2	lncRNA	ENSMUSG00000104816.2	lncRNA	one-to-many	GENCODE.v47vsM7114
ENSG00000287175.1	lncRNA	ENSMUSG00000114053.4	lncRNA	many-to-many	GENCODE.v47vsM7115
ENSG00000224259.10	lncRNA	ENSMUSG00000136834.1	lncRNA	one-to-many	GENCODE.v47vsM7116
ENSG00000247556.8	lncRNA	ENSMUSG00000085438.4	lncRNA	many-to-many	GENCODE.v47vsM7117
ENSG00000304053.1	lncRNA	ENSMUSG00000095385.6	lncRNA	many-to-many	GENCODE.v47vsM7118
ENSG00000273214.1	lncRNA	ENSMUSG00000075555.15	lncRNA	many-to-many	GENCODE.v47vsM7119
ENSG00000293088.2	lncRNA	ENSMUSG00000140586.1	lncRNA	one-to-many	GENCODE.v47vsM7120
ENSG00000272106.1	lncRNA	ENSMUSG00000122267.1	lncRNA	one-to-half	GENCODE.v47vsM7121
ENSG00000251298.2	lncRNA	ENSMUSG00000086451.11	lncRNA	many-to-many	GENCODE.v47vsM7122
ENSG00000304093.1	lncRNA	ENSMUSG00000123187.1	lncRNA	one-to-many	GENCODE.v47vsM7123
ENSG00000289630.3	lncRNA	ENSMUSG00000097616.10	lncRNA	many-to-many	GENCODE.v47vsM7124
ENSG00000302337.1	lncRNA	ENSMUSG00000109697.4	lncRNA	one-to-many	GENCODE.v47vsM7125
ENSG00000297692.1	lncRNA	ENSMUSG00000128294.1	lncRNA	many-to-many	GENCODE.v47vsM7126
ENSG00000295914.1	lncRNA	ENSMUSG00000118107.3	lncRNA	one-to-many	GENCODE.v47vsM7127
ENSG00000288877.2	lncRNA	ENSMUSG00000120603.2	lncRNA	one-to-many	GENCODE.v47vsM7128
ENSG00000177369.12	lncRNA	ENSMUSG00000134424.1	lncRNA	one-to-many	GENCODE.v47vsM7129
ENSG00000231110.2	lncRNA	ENSMUSG00000106013.6	lncRNA	one-to-many	GENCODE.v47vsM7130
ENSG00000295762.1	lncRNA	ENSMUSG00000087283.3	lncRNA	one-to-many	GENCODE.v47vsM7131
ENSG00000244040.8	lncRNA	ENSMUSG00000091272.3	lncRNA	one-to-many	GENCODE.v47vsM7132
ENSG00000240405.8	lncRNA	ENSMUSG00000107902.3	lncRNA	one-to-many	GENCODE.v47vsM7133
ENSG00000197734.10	lncRNA	ENSMUSG00000140929.1	lncRNA	many-to-many	GENCODE.v47vsM7134
ENSG00000223813.6	lncRNA	ENSMUSG00000133028.1	lncRNA	one-to-many	GENCODE.v47vsM7135
ENSG00000227189.3	lncRNA	ENSMUSG00000103580.2	lncRNA	one-to-many	GENCODE.v47vsM7136
ENSG00000306471.1	lncRNA	ENSMUSG00000115771.4	lncRNA	one-to-many	GENCODE.v47vsM7137
ENSG00000233891.9	lncRNA	ENSMUSG00000136481.1	lncRNA	one-to-many	GENCODE.v47vsM7138
ENSG00000240137.9	lncRNA	ENSMUSG00000136825.1	lncRNA	many-to-many	GENCODE.v47vsM7139
ENSG00000231046.2	lncRNA	ENSMUSG00000097890.5	lncRNA	many-to-many	GENCODE.v47vsM7140
ENSG00000236088.13	lncRNA	ENSMUSG00000087497.10	lncRNA	one-to-many	GENCODE.v47vsM7141
ENSG00000291203.2	lncRNA	ENSMUSG00000122978.1	lncRNA	one-to-many	GENCODE.v47vsM7142
ENSG00000289347.2	lncRNA	ENSMUSG00000140258.1	lncRNA	many-to-many	GENCODE.v47vsM7143
ENSG00000266970.4	lncRNA	ENSMUSG00000120851.2	lncRNA	one-to-many	GENCODE.v47vsM7144
ENSG00000222041.13	lncRNA	ENSMUSG00000074813.17	lncRNA	many-to-many	GENCODE.v47vsM7145
ENSG00000204241.10	lncRNA	ENSMUSG00000135844.1	lncRNA	one-to-many	GENCODE.v47vsM7146
ENSG00000284607.1	lncRNA	ENSMUSG00000085024.4	lncRNA	one-to-many	GENCODE.v47vsM7147
ENSG00000275620.1	lncRNA	ENSMUSG00000087293.3	lncRNA	one-to-half	GENCODE.v47vsM7148
ENSG00000296570.1	lncRNA	ENSMUSG00000143030.1	lncRNA	one-to-half	GENCODE.v47vsM7149
ENSG00000269902.1	lncRNA	ENSMUSG00000097497.4	lncRNA	many-to-many	GENCODE.v47vsM7150
ENSG00000230102.9	lncRNA	ENSMUSG00000075286.6	lncRNA	many-to-many	GENCODE.v47vsM7151
ENSG00000308298.1	lncRNA	ENSMUSG00000097930.5	lncRNA	one-to-many	GENCODE.v47vsM7152
ENSG00000227733.13	lncRNA	ENSMUSG00000106367.3	lncRNA	many-to-many	GENCODE.v47vsM7153
ENSG00000273454.1	lncRNA	ENSMUSG00000144085.1	lncRNA	one-to-half	GENCODE.v47vsM7154
ENSG00000296691.1	lncRNA	ENSMUSG00000087484.3	lncRNA	many-to-many	GENCODE.v47vsM7155
ENSG00000293086.2	lncRNA	ENSMUSG00000099872.3	lncRNA	one-to-many	GENCODE.v47vsM7156
ENSG00000279220.5	lncRNA	ENSMUSG00000086730.4	lncRNA	one-to-many	GENCODE.v47vsM7157
ENSG00000307920.1	lncRNA	ENSMUSG00000133137.1	lncRNA	many-to-many	GENCODE.v47vsM7158
ENSG00000290018.1	lncRNA	ENSMUSG00000136950.1	lncRNA	one-to-many	GENCODE.v47vsM7159
ENSG00000290740.2	lncRNA	ENSMUSG00000129484.1	lncRNA	one-to-many	GENCODE.v47vsM7160
ENSG00000266357.7	lncRNA	ENSMUSG00000132526.1	lncRNA	one-to-many	GENCODE.v47vsM7161
ENSG00000289908.2	lncRNA	ENSMUSG00000133194.1	lncRNA	one-to-half	GENCODE.v47vsM7162
ENSG00000300897.1	lncRNA	ENSMUSG00000133796.1	lncRNA	one-to-half	GENCODE.v47vsM7163
ENSG00000265451.2	lncRNA	ENSMUSG00000107722.3	lncRNA	many-to-many	GENCODE.v47vsM7164
ENSG00000226674.12	lncRNA	ENSMUSG00000132922.1	lncRNA	one-to-many	GENCODE.v47vsM7165
ENSG00000304175.1	lncRNA	ENSMUSG00000139057.1	lncRNA	many-to-many	GENCODE.v47vsM7166
ENSG00000296993.1	lncRNA	ENSMUSG00000126632.1	lncRNA	many-to-many	GENCODE.v47vsM7167
ENSG00000236463.2	lncRNA	ENSMUSG00000085639.3	lncRNA	many-to-many	GENCODE.v47vsM7168
ENSG00000300387.1	lncRNA	ENSMUSG00000120566.2	lncRNA	many-to-many	GENCODE.v47vsM7169
ENSG00000245322.9	lncRNA	ENSMUSG00000105676.3	lncRNA	one-to-many	GENCODE.v47vsM7170
ENSG00000285042.1	lncRNA	ENSMUSG00000102869.5	lncRNA	many-to-many	GENCODE.v47vsM7171
ENSG00000248884.3	lncRNA	ENSMUSG00000114400.3	lncRNA	one-to-many	GENCODE.v47vsM7172
ENSG00000236790.8	lncRNA	ENSMUSG00000127584.1	lncRNA	one-to-many	GENCODE.v47vsM7173
ENSG00000305765.1	lncRNA	ENSMUSG00000134467.1	lncRNA	many-to-many	GENCODE.v47vsM7174
ENSG00000203709.15	lncRNA	ENSMUSG00000103867.2	lncRNA	one-to-many	GENCODE.v47vsM7175
ENSG00000204054.15	lncRNA	ENSMUSG00000135672.1	lncRNA	one-to-many	GENCODE.v47vsM7176
ENSG00000304115.1	lncRNA	ENSMUSG00000143537.1	lncRNA	many-to-many	GENCODE.v47vsM7177
ENSG00000305269.1	lncRNA	ENSMUSG00000121681.1	lncRNA	many-to-many	GENCODE.v47vsM7178
ENSG00000233145.2	lncRNA	ENSMUSG00000125001.1	lncRNA	one-to-many	GENCODE.v47vsM7179
ENSG00000264207.1	lncRNA	ENSMUSG00000103940.2	lncRNA	one-to-many	GENCODE.v47vsM7180
ENSG00000266729.6	lncRNA	ENSMUSG00000139863.1	lncRNA	one-to-many	GENCODE.v47vsM7181
ENSG00000235770.7	lncRNA	ENSMUSG00000101848.3	lncRNA	one-to-many	GENCODE.v47vsM7182
ENSG00000291093.2	lncRNA	ENSMUSG00000097888.4	lncRNA	one-to-many	GENCODE.v47vsM7183
ENSG00000253361.4	lncRNA	ENSMUSG00000110017.3	lncRNA	one-to-many	GENCODE.v47vsM7184
ENSG00000287098.1	lncRNA	ENSMUSG00000085438.4	lncRNA	many-to-many	GENCODE.v47vsM7185
ENSG00000203808.14	lncRNA	ENSMUSG00000090088.3	lncRNA	one-to-many	GENCODE.v47vsM7186
ENSG00000228288.10	lncRNA	ENSMUSG00000120829.2	lncRNA	one-to-many	GENCODE.v47vsM7187
ENSG00000286626.3	lncRNA	ENSMUSG00000134028.1	lncRNA	many-to-many	GENCODE.v47vsM7188
ENSG00000290791.2	lncRNA	ENSMUSG00000093553.3	lncRNA	one-to-many	GENCODE.v47vsM7189
ENSG00000278920.1	lncRNA	ENSMUSG00000122412.1	lncRNA	one-to-half	GENCODE.v47vsM7190
ENSG00000288809.2	lncRNA	ENSMUSG00000097585.5	lncRNA	many-to-many	GENCODE.v47vsM7191
ENSG00000301961.1	lncRNA	ENSMUSG00000120593.2	lncRNA	one-to-many	GENCODE.v47vsM7192
ENSG00000294611.1	lncRNA	ENSMUSG00000142193.1	lncRNA	one-to-many	GENCODE.v47vsM7193
ENSG00000179818.18	lncRNA	ENSMUSG00000097048.10	lncRNA	many-to-many	GENCODE.v47vsM7194
ENSG00000285689.1	lncRNA	ENSMUSG00000120037.2	lncRNA	many-to-many	GENCODE.v47vsM7195
ENSG00000294436.1	lncRNA	ENSMUSG00000136364.1	lncRNA	one-to-many	GENCODE.v47vsM7196
ENSG00000250855.3	lncRNA	ENSMUSG00000105816.6	lncRNA	many-to-many	GENCODE.v47vsM7197
ENSG00000266983.4	lncRNA	ENSMUSG00000124659.1	lncRNA	one-to-many	GENCODE.v47vsM7198
ENSG00000241881.2	lncRNA	ENSMUSG00000101629.2	lncRNA	one-to-many	GENCODE.v47vsM7199
ENSG00000291203.2	lncRNA	ENSMUSG00000097852.8	lncRNA	one-to-many	GENCODE.v47vsM7200
ENSG00000234292.4	lncRNA	ENSMUSG00000097098.10	lncRNA	many-to-many	GENCODE.v47vsM7201
ENSG00000299477.1	lncRNA	ENSMUSG00000086350.4	lncRNA	many-to-many	GENCODE.v47vsM7202
ENSG00000302698.1	lncRNA	ENSMUSG00000140228.1	lncRNA	many-to-many	GENCODE.v47vsM7203
ENSG00000293791.1	lncRNA	ENSMUSG00000141783.1	lncRNA	many-to-many	GENCODE.v47vsM7204
ENSG00000230587.6	lncRNA	ENSMUSG00000141033.1	lncRNA	one-to-many	GENCODE.v47vsM7205
ENSG00000176124.16	lncRNA	ENSMUSG00000133743.1	lncRNA	one-to-many	GENCODE.v47vsM7206
ENSG00000288766.2	lncRNA	ENSMUSG00000135848.1	lncRNA	one-to-many	GENCODE.v47vsM7207
ENSG00000303826.1	lncRNA	ENSMUSG00000120621.2	lncRNA	one-to-many	GENCODE.v47vsM7208
ENSG00000229021.3	lncRNA	ENSMUSG00000137087.1	lncRNA	one-to-many	GENCODE.v47vsM7209
ENSG00000303340.1	lncRNA	ENSMUSG00000122195.1	lncRNA	one-to-many	GENCODE.v47vsM7210
ENSG00000279748.1	lncRNA	ENSMUSG00000097000.5	lncRNA	many-to-many	GENCODE.v47vsM7211
ENSG00000288605.1	lncRNA	ENSMUSG00000041674.18	lncRNA	many-to-many	GENCODE.v47vsM7212
ENSG00000226985.8	lncRNA	ENSMUSG00000135079.1	lncRNA	one-to-many	GENCODE.v47vsM7213
ENSG00000228541.4	lncRNA	ENSMUSG00000143742.1	lncRNA	one-to-many	GENCODE.v47vsM7214
ENSG00000232973.15	lncRNA	ENSMUSG00000117616.3	lncRNA	one-to-many	GENCODE.v47vsM7215
ENSG00000228060.4	lncRNA	ENSMUSG00000120655.2	lncRNA	one-to-many	GENCODE.v47vsM7216
ENSG00000224281.7	lncRNA	ENSMUSG00000131920.1	lncRNA	one-to-many	GENCODE.v47vsM7217
ENSG00000293616.2	lncRNA	ENSMUSG00000097048.10	lncRNA	many-to-many	GENCODE.v47vsM7218
ENSG00000303921.1	lncRNA	ENSMUSG00000130996.1	lncRNA	one-to-many	GENCODE.v47vsM7219
ENSG00000279879.1	lncRNA	ENSMUSG00000122982.1	lncRNA	many-to-many	GENCODE.v47vsM7220
ENSG00000249326.1	lncRNA	ENSMUSG00000128956.1	lncRNA	one-to-many	GENCODE.v47vsM7221
ENSG00000256152.2	lncRNA	ENSMUSG00000102725.3	lncRNA	one-to-many	GENCODE.v47vsM7222
ENSG00000232162.3	lncRNA	ENSMUSG00000104845.3	lncRNA	many-to-many	GENCODE.v47vsM7223
ENSG00000224177.9	lncRNA	ENSMUSG00000131018.1	lncRNA	one-to-many	GENCODE.v47vsM7224
ENSG00000286122.2	lncRNA	ENSMUSG00000139306.1	lncRNA	many-to-many	GENCODE.v47vsM7225
ENSG00000281460.1	lncRNA	ENSMUSG00000085046.3	lncRNA	one-to-many	GENCODE.v47vsM7226
ENSG00000304945.1	lncRNA	ENSMUSG00000119968.2	lncRNA	many-to-many	GENCODE.v47vsM7227
ENSG00000284618.1	lncRNA	ENSMUSG00000102869.5	lncRNA	many-to-many	GENCODE.v47vsM7228
ENSG00000286244.2	lncRNA	ENSMUSG00000125672.1	lncRNA	one-to-many	GENCODE.v47vsM7229
ENSG00000308080.1	lncRNA	ENSMUSG00000129418.1	lncRNA	many-to-many	GENCODE.v47vsM7230
ENSG00000259442.1	lncRNA	ENSMUSG00000097277.10	lncRNA	many-to-many	GENCODE.v47vsM7231
ENSG00000296692.1	lncRNA	ENSMUSG00000137567.1	lncRNA	one-to-many	GENCODE.v47vsM7232
ENSG00000293473.2	lncRNA	ENSMUSG00000138181.1	lncRNA	one-to-half	GENCODE.v47vsM7233
ENSG00000257086.2	lncRNA	ENSMUSG00000138687.1	lncRNA	one-to-many	GENCODE.v47vsM7234
ENSG00000307853.1	lncRNA	ENSMUSG00000115271.3	lncRNA	many-to-many	GENCODE.v47vsM7235
ENSG00000298291.1	lncRNA	ENSMUSG00000139237.1	lncRNA	one-to-many	GENCODE.v47vsM7236
ENSG00000294616.1	lncRNA	ENSMUSG00000110790.3	lncRNA	many-to-many	GENCODE.v47vsM7237
ENSG00000309736.1	lncRNA	ENSMUSG00000121007.2	lncRNA	one-to-half	GENCODE.v47vsM7238
ENSG00000302903.1	lncRNA	ENSMUSG00000138976.1	lncRNA	many-to-many	GENCODE.v47vsM7239
ENSG00000291338.1	lncRNA	ENSMUSG00000139567.1	lncRNA	one-to-many	GENCODE.v47vsM7240
ENSG00000305918.1	lncRNA	ENSMUSG00000128854.1	lncRNA	many-to-many	GENCODE.v47vsM7241
ENSG00000229425.6	lncRNA	ENSMUSG00000109333.3	lncRNA	one-to-many	GENCODE.v47vsM7242
ENSG00000235257.12	lncRNA	ENSMUSG00000086119.4	lncRNA	one-to-many	GENCODE.v47vsM7243
ENSG00000228649.12	lncRNA	ENSMUSG00000125292.1	lncRNA	one-to-many	GENCODE.v47vsM7244
ENSG00000254165.1	lncRNA	ENSMUSG00000097042.4	lncRNA	many-to-many	GENCODE.v47vsM7245
ENSG00000296964.1	lncRNA	ENSMUSG00000124556.1	lncRNA	one-to-many	GENCODE.v47vsM7246
ENSG00000309555.1	lncRNA	ENSMUSG00000120708.2	lncRNA	one-to-many	GENCODE.v47vsM7247
ENSG00000288787.2	lncRNA	ENSMUSG00000103473.2	lncRNA	one-to-many	GENCODE.v47vsM7248
ENSG00000309944.1	lncRNA	ENSMUSG00000127630.1	lncRNA	many-to-many	GENCODE.v47vsM7249
ENSG00000229388.2	lncRNA	ENSMUSG00000120711.2	lncRNA	one-to-many	GENCODE.v47vsM7250
ENSG00000304531.1	lncRNA	ENSMUSG00000126026.1	lncRNA	one-to-half	GENCODE.v47vsM7251
ENSG00000250519.8	lncRNA	ENSMUSG00000120495.2	lncRNA	one-to-many	GENCODE.v47vsM7252
ENSG00000287601.1	lncRNA	ENSMUSG00000086350.4	lncRNA	many-to-many	GENCODE.v47vsM7253
ENSG00000293316.2	lncRNA	ENSMUSG00000097643.3	lncRNA	one-to-many	GENCODE.v47vsM7254
ENSG00000289155.3	lncRNA	ENSMUSG00000120539.2	lncRNA	many-to-many	GENCODE.v47vsM7255
ENSG00000286380.4	lncRNA	ENSMUSG00000126784.1	lncRNA	many-to-many	GENCODE.v47vsM7256
ENSG00000294572.1	lncRNA	ENSMUSG00000097652.5	lncRNA	many-to-many	GENCODE.v47vsM7257
ENSG00000231951.1	lncRNA	ENSMUSG00000113688.2	lncRNA	one-to-many	GENCODE.v47vsM7258
ENSG00000213468.8	lncRNA	ENSMUSG00000085396.10	lncRNA	one-to-many	GENCODE.v47vsM7259
ENSG00000279878.1	lncRNA	ENSMUSG00000118310.2	lncRNA	many-to-many	GENCODE.v47vsM7260
ENSG00000228878.11	lncRNA	ENSMUSG00000120169.2	lncRNA	one-to-many	GENCODE.v47vsM7261
ENSG00000295570.1	lncRNA	ENSMUSG00000097100.3	lncRNA	many-to-many	GENCODE.v47vsM7262
ENSG00000228223.4	lncRNA	ENSMUSG00000102869.5	lncRNA	many-to-many	GENCODE.v47vsM7263
ENSG00000287759.1	lncRNA	ENSMUSG00000100075.3	lncRNA	one-to-half	GENCODE.v47vsM7264
ENSG00000293017.1	lncRNA	ENSMUSG00000114270.3	lncRNA	many-to-many	GENCODE.v47vsM7265
ENSG00000233926.3	lncRNA	ENSMUSG00000084910.4	lncRNA	many-to-many	GENCODE.v47vsM7266
ENSG00000298460.1	lncRNA	ENSMUSG00000130316.1	lncRNA	many-to-many	GENCODE.v47vsM7267
ENSG00000285300.2	lncRNA	ENSMUSG00000093573.3	lncRNA	many-to-many	GENCODE.v47vsM7268
ENSG00000225721.5	lncRNA	ENSMUSG00000104667.3	lncRNA	many-to-many	GENCODE.v47vsM7269
ENSG00000306799.1	lncRNA	ENSMUSG00000108659.3	lncRNA	one-to-many	GENCODE.v47vsM7270
ENSG00000267924.1	lncRNA	ENSMUSG00000139890.1	lncRNA	one-to-many	GENCODE.v47vsM7271
ENSG00000248714.8	lncRNA	ENSMUSG00000086191.4	lncRNA	many-to-many	GENCODE.v47vsM7272
ENSG00000297676.1	lncRNA	ENSMUSG00000128294.1	lncRNA	many-to-many	GENCODE.v47vsM7273
ENSG00000251600.10	lncRNA	ENSMUSG00000142947.1	lncRNA	one-to-many	GENCODE.v47vsM7274
ENSG00000287938.2	lncRNA	ENSMUSG00000097182.5	lncRNA	one-to-many	GENCODE.v47vsM7275
ENSG00000289132.2	lncRNA	ENSMUSG00000086629.11	lncRNA	many-to-many	GENCODE.v47vsM7276
ENSG00000310520.1	lncRNA	ENSMUSG00000087203.10	lncRNA	many-to-many	GENCODE.v47vsM7277
ENSG00000257696.2	lncRNA	ENSMUSG00000120327.2	lncRNA	many-to-many	GENCODE.v47vsM7278
ENSG00000290708.1	lncRNA	ENSMUSG00000087358.11	lncRNA	many-to-many	GENCODE.v47vsM7279
ENSG00000248455.9	lncRNA	ENSMUSG00000103315.2	lncRNA	one-to-many	GENCODE.v47vsM7280
ENSG00000281880.2	lncRNA	ENSMUSG00000102424.3	lncRNA	one-to-many	GENCODE.v47vsM7281
ENSG00000213468.8	lncRNA	ENSMUSG00000119984.2	lncRNA	one-to-many	GENCODE.v47vsM7282
ENSG00000287831.1	lncRNA	ENSMUSG00000129910.1	lncRNA	many-to-many	GENCODE.v47vsM7283
ENSG00000294355.1	lncRNA	ENSMUSG00000124211.1	lncRNA	one-to-many	GENCODE.v47vsM7284
ENSG00000242808.13	lncRNA	ENSMUSG00000104901.2	lncRNA	one-to-many	GENCODE.v47vsM7285
ENSG00000301622.1	lncRNA	ENSMUSG00000097729.5	lncRNA	many-to-many	GENCODE.v47vsM7286
ENSG00000293071.2	lncRNA	ENSMUSG00000072673.3	lncRNA	many-to-many	GENCODE.v47vsM7287
ENSG00000304097.1	lncRNA	ENSMUSG00000098684.3	lncRNA	many-to-many	GENCODE.v47vsM7288
ENSG00000306293.1	lncRNA	ENSMUSG00000134393.1	lncRNA	one-to-half	GENCODE.v47vsM7289
ENSG00000258651.2	lncRNA	ENSMUSG00000133603.1	lncRNA	one-to-many	GENCODE.v47vsM7290
ENSG00000240207.8	lncRNA	ENSMUSG00000126085.1	lncRNA	many-to-many	GENCODE.v47vsM7291
ENSG00000251661.4	lncRNA	ENSMUSG00000141572.1	lncRNA	many-to-many	GENCODE.v47vsM7292
ENSG00000300335.1	lncRNA	ENSMUSG00000143537.1	lncRNA	many-to-many	GENCODE.v47vsM7293
ENSG00000239213.8	lncRNA	ENSMUSG00000127588.1	lncRNA	one-to-many	GENCODE.v47vsM7294
ENSG00000298189.1	lncRNA	ENSMUSG00000108875.3	lncRNA	many-to-many	GENCODE.v47vsM7295
ENSG00000285648.2	lncRNA	ENSMUSG00000062391.5	lncRNA	one-to-many	GENCODE.v47vsM7296
ENSG00000259912.2	lncRNA	ENSMUSG00000098534.3	lncRNA	many-to-many	GENCODE.v47vsM7297
ENSG00000301183.1	lncRNA	ENSMUSG00000086205.3	lncRNA	one-to-many	GENCODE.v47vsM7298
ENSG00000297764.1	lncRNA	ENSMUSG00000124663.1	lncRNA	one-to-many	GENCODE.v47vsM7299
ENSG00000309897.1	lncRNA	ENSMUSG00000112857.3	lncRNA	one-to-many	GENCODE.v47vsM7300
ENSG00000307433.1	lncRNA	ENSMUSG00000099681.3	lncRNA	many-to-many	GENCODE.v47vsM7301
ENSG00000307700.1	lncRNA	ENSMUSG00000129672.1	lncRNA	many-to-many	GENCODE.v47vsM7302
ENSG00000233030.2	lncRNA	ENSMUSG00000050936.7	lncRNA	many-to-many	GENCODE.v47vsM7303
ENSG00000293871.1	lncRNA	ENSMUSG00000121619.2	lncRNA	many-to-many	GENCODE.v47vsM7304
ENSG00000298093.1	lncRNA	ENSMUSG00000117221.3	lncRNA	many-to-many	GENCODE.v47vsM7305
ENSG00000289874.2	lncRNA	ENSMUSG00000117401.3	lncRNA	one-to-half	GENCODE.v47vsM7306
ENSG00000309522.1	lncRNA	ENSMUSG00000090063.8	lncRNA	many-to-many	GENCODE.v47vsM7307
ENSG00000287385.1	lncRNA	ENSMUSG00000135240.1	lncRNA	many-to-many	GENCODE.v47vsM7308
ENSG00000305475.1	lncRNA	ENSMUSG00000126002.1	lncRNA	many-to-many	GENCODE.v47vsM7309
ENSG00000293025.2	lncRNA	ENSMUSG00000140257.1	lncRNA	one-to-many	GENCODE.v47vsM7310
ENSG00000295255.1	lncRNA	ENSMUSG00000108961.4	lncRNA	one-to-half	GENCODE.v47vsM7311
ENSG00000302942.1	lncRNA	ENSMUSG00000142876.1	lncRNA	many-to-many	GENCODE.v47vsM7312
ENSG00000307566.1	lncRNA	ENSMUSG00000120286.2	lncRNA	one-to-half	GENCODE.v47vsM7313
ENSG00000259130.3	lncRNA	ENSMUSG00000115724.2	lncRNA	one-to-many	GENCODE.v47vsM7314
ENSG00000259590.2	lncRNA	ENSMUSG00000127914.1	lncRNA	many-to-many	GENCODE.v47vsM7315
ENSG00000290758.3	lncRNA	ENSMUSG00000139720.1	lncRNA	one-to-many	GENCODE.v47vsM7316
ENSG00000293347.2	lncRNA	ENSMUSG00000124350.1	lncRNA	one-to-many	GENCODE.v47vsM7317
ENSG00000302317.1	lncRNA	ENSMUSG00000120013.2	lncRNA	one-to-many	GENCODE.v47vsM7318
ENSG00000176124.16	lncRNA	ENSMUSG00000122016.1	lncRNA	one-to-many	GENCODE.v47vsM7319
ENSG00000253553.10	lncRNA	ENSMUSG00000120707.2	lncRNA	one-to-many	GENCODE.v47vsM7320
ENSG00000285427.1	lncRNA	ENSMUSG00000126090.1	lncRNA	many-to-many	GENCODE.v47vsM7321
ENSG00000236358.1	lncRNA	ENSMUSG00000132516.1	lncRNA	many-to-many	GENCODE.v47vsM7322
ENSG00000293886.1	lncRNA	ENSMUSG00000086555.4	lncRNA	one-to-many	GENCODE.v47vsM7323
ENSG00000231721.9	lncRNA	ENSMUSG00000044471.15	lncRNA	one-to-many	GENCODE.v47vsM7324
ENSG00000269929.7	lncRNA	ENSMUSG00000103373.2	lncRNA	one-to-many	GENCODE.v47vsM7325
ENSG00000250634.8	lncRNA	ENSMUSG00000122969.1	lncRNA	one-to-many	GENCODE.v47vsM7326
ENSG00000261121.3	lncRNA	ENSMUSG00000105328.2	lncRNA	one-to-many	GENCODE.v47vsM7327
ENSG00000296935.1	lncRNA	ENSMUSG00000124573.1	lncRNA	one-to-many	GENCODE.v47vsM7328
ENSG00000250519.8	lncRNA	ENSMUSG00000131035.1	lncRNA	one-to-many	GENCODE.v47vsM7329
ENSG00000280213.1	lncRNA	ENSMUSG00000010492.12	lncRNA	one-to-half	GENCODE.v47vsM7330
ENSG00000229415.11	lncRNA	ENSMUSG00000112343.4	lncRNA	many-to-many	GENCODE.v47vsM7331
ENSG00000267924.1	lncRNA	ENSMUSG00000143702.1	lncRNA	one-to-many	GENCODE.v47vsM7332
ENSG00000293092.2	lncRNA	ENSMUSG00000111447.3	lncRNA	one-to-many	GENCODE.v47vsM7333
ENSG00000296866.1	lncRNA	ENSMUSG00000114270.3	lncRNA	many-to-many	GENCODE.v47vsM7334
ENSG00000272686.2	lncRNA	ENSMUSG00000126168.1	lncRNA	many-to-many	GENCODE.v47vsM7335
ENSG00000269400.1	lncRNA	ENSMUSG00000126953.1	lncRNA	many-to-many	GENCODE.v47vsM7336
ENSG00000279590.1	lncRNA	ENSMUSG00000130143.1	lncRNA	many-to-many	GENCODE.v47vsM7337
ENSG00000309846.1	lncRNA	ENSMUSG00000111669.3	lncRNA	many-to-many	GENCODE.v47vsM7338
ENSG00000258136.2	lncRNA	ENSMUSG00000135048.1	lncRNA	one-to-many	GENCODE.v47vsM7339
ENSG00000231248.4	lncRNA	ENSMUSG00000101356.4	lncRNA	many-to-many	GENCODE.v47vsM7340
ENSG00000305643.1	lncRNA	ENSMUSG00000120042.2	lncRNA	many-to-many	GENCODE.v47vsM7341
ENSG00000228639.9	lncRNA	ENSMUSG00000135840.1	lncRNA	one-to-many	GENCODE.v47vsM7342
ENSG00000224409.2	lncRNA	ENSMUSG00000087575.9	lncRNA	many-to-many	GENCODE.v47vsM7343
ENSG00000224000.2	lncRNA	ENSMUSG00000139292.1	lncRNA	many-to-many	GENCODE.v47vsM7344
ENSG00000306699.1	lncRNA	ENSMUSG00000142600.1	lncRNA	one-to-many	GENCODE.v47vsM7345
ENSG00000310416.1	lncRNA	ENSMUSG00000086392.11	lncRNA	many-to-many	GENCODE.v47vsM7346
ENSG00000303760.1	lncRNA	ENSMUSG00000131111.1	lncRNA	one-to-many	GENCODE.v47vsM7347
ENSG00000310258.1	lncRNA	ENSMUSG00000086686.3	lncRNA	many-to-many	GENCODE.v47vsM7348
ENSG00000308730.1	lncRNA	ENSMUSG00000127630.1	lncRNA	many-to-many	GENCODE.v47vsM7349
ENSG00000237232.10	lncRNA	ENSMUSG00000133785.1	lncRNA	one-to-many	GENCODE.v47vsM7350
ENSG00000230623.9	lncRNA	ENSMUSG00000134704.1	lncRNA	one-to-many	GENCODE.v47vsM7351
ENSG00000277631.8	lncRNA	ENSMUSG00000137730.1	lncRNA	many-to-many	GENCODE.v47vsM7352
ENSG00000304616.1	lncRNA	ENSMUSG00000103292.2	lncRNA	one-to-many	GENCODE.v47vsM7353
ENSG00000248884.3	lncRNA	ENSMUSG00000114590.3	lncRNA	one-to-many	GENCODE.v47vsM7354
ENSG00000279088.3	lncRNA	ENSMUSG00000137335.1	lncRNA	many-to-many	GENCODE.v47vsM7355
ENSG00000287425.1	lncRNA	ENSMUSG00000126071.1	lncRNA	one-to-half	GENCODE.v47vsM7356
ENSG00000224958.7	lncRNA	ENSMUSG00000137730.1	lncRNA	many-to-many	GENCODE.v47vsM7357
ENSG00000285637.3	lncRNA	ENSMUSG00000143431.1	lncRNA	one-to-many	GENCODE.v47vsM7358
ENSG00000285575.2	lncRNA	ENSMUSG00000096988.3	lncRNA	many-to-many	GENCODE.v47vsM7359
ENSG00000237463.8	lncRNA	ENSMUSG00000142769.1	lncRNA	one-to-many	GENCODE.v47vsM7360
ENSG00000244158.1	lncRNA	ENSMUSG00000132012.1	lncRNA	one-to-many	GENCODE.v47vsM7361
ENSG00000258077.3	lncRNA	ENSMUSG00000102180.2	lncRNA	one-to-many	GENCODE.v47vsM7362
ENSG00000293515.2	lncRNA	ENSMUSG00000139323.1	lncRNA	one-to-many	GENCODE.v47vsM7363
ENSG00000229980.6	lncRNA	ENSMUSG00000143413.1	lncRNA	one-to-many	GENCODE.v47vsM7364
ENSG00000243319.7	lncRNA	ENSMUSG00000125512.1	lncRNA	many-to-many	GENCODE.v47vsM7365
ENSG00000235092.8	lncRNA	ENSMUSG00000122281.1	lncRNA	one-to-many	GENCODE.v47vsM7366
ENSG00000175779.6	lncRNA	ENSMUSG00000141475.1	lncRNA	one-to-many	GENCODE.v47vsM7367
ENSG00000260032.3	lncRNA	ENSMUSG00000128663.1	lncRNA	one-to-many	GENCODE.v47vsM7368
ENSG00000286050.2	lncRNA	ENSMUSG00000102564.3	lncRNA	many-to-many	GENCODE.v47vsM7369
ENSG00000259447.2	lncRNA	ENSMUSG00000087203.10	lncRNA	many-to-many	GENCODE.v47vsM7370
ENSG00000285244.2	lncRNA	ENSMUSG00000117050.2	lncRNA	one-to-half	GENCODE.v47vsM7371
ENSG00000261786.1	lncRNA	ENSMUSG00000097736.10	lncRNA	many-to-many	GENCODE.v47vsM7372
ENSG00000257261.8	lncRNA	ENSMUSG00000120767.2	lncRNA	one-to-many	GENCODE.v47vsM7373
ENSG00000300026.1	lncRNA	ENSMUSG00000107012.2	lncRNA	one-to-many	GENCODE.v47vsM7374
ENSG00000301865.1	lncRNA	ENSMUSG00000117361.3	lncRNA	many-to-many	GENCODE.v47vsM7375
ENSG00000301135.1	lncRNA	ENSMUSG00000140113.1	lncRNA	many-to-many	GENCODE.v47vsM7376
ENSG00000285551.2	lncRNA	ENSMUSG00000112619.3	lncRNA	many-to-many	GENCODE.v47vsM7377
ENSG00000302408.1	lncRNA	ENSMUSG00000135158.1	lncRNA	one-to-many	GENCODE.v47vsM7378
ENSG00000259341.3	lncRNA	ENSMUSG00000134891.1	lncRNA	one-to-many	GENCODE.v47vsM7379
ENSG00000250072.9	lncRNA	ENSMUSG00000104035.2	lncRNA	one-to-many	GENCODE.v47vsM7380
ENSG00000286958.2	lncRNA	ENSMUSG00000086358.5	lncRNA	many-to-many	GENCODE.v47vsM7381
ENSG00000233242.4	lncRNA	ENSMUSG00000140390.1	lncRNA	many-to-many	GENCODE.v47vsM7382
ENSG00000238121.8	lncRNA	ENSMUSG00000108207.4	lncRNA	one-to-many	GENCODE.v47vsM7383
ENSG00000237128.2	lncRNA	ENSMUSG00000126632.1	lncRNA	many-to-many	GENCODE.v47vsM7384
ENSG00000307703.1	lncRNA	ENSMUSG00000136708.1	lncRNA	one-to-many	GENCODE.v47vsM7385
ENSG00000260372.8	lncRNA	ENSMUSG00000117541.3	lncRNA	one-to-many	GENCODE.v47vsM7386
ENSG00000233079.4	lncRNA	ENSMUSG00000085790.3	lncRNA	many-to-many	GENCODE.v47vsM7387
ENSG00000293110.2	lncRNA	ENSMUSG00000110831.2	lncRNA	one-to-many	GENCODE.v47vsM7388
ENSG00000236790.8	lncRNA	ENSMUSG00000114033.2	lncRNA	one-to-many	GENCODE.v47vsM7389
ENSG00000276850.6	lncRNA	ENSMUSG00000115180.3	lncRNA	one-to-many	GENCODE.v47vsM7390
ENSG00000286856.2	lncRNA	ENSMUSG00000091329.5	lncRNA	many-to-many	GENCODE.v47vsM7391
ENSG00000260464.1	lncRNA	ENSMUSG00000057359.8	lncRNA	many-to-many	GENCODE.v47vsM7392
ENSG00000236213.5	lncRNA	ENSMUSG00000138755.1	lncRNA	one-to-many	GENCODE.v47vsM7393
ENSG00000298493.1	lncRNA	ENSMUSG00000086522.3	lncRNA	many-to-many	GENCODE.v47vsM7394
ENSG00000229913.1	lncRNA	ENSMUSG00000136399.1	lncRNA	one-to-many	GENCODE.v47vsM7395
ENSG00000234690.8	lncRNA	ENSMUSG00000126313.1	lncRNA	one-to-many	GENCODE.v47vsM7396
ENSG00000228173.2	lncRNA	ENSMUSG00000104137.2	lncRNA	one-to-many	GENCODE.v47vsM7397
ENSG00000237505.9	lncRNA	ENSMUSG00000105652.4	lncRNA	one-to-many	GENCODE.v47vsM7398
ENSG00000302049.1	lncRNA	ENSMUSG00000115762.3	lncRNA	one-to-many	GENCODE.v47vsM7399
ENSG00000237976.3	lncRNA	ENSMUSG00000129094.1	lncRNA	one-to-many	GENCODE.v47vsM7400
ENSG00000203279.7	lncRNA	ENSMUSG00000137336.1	lncRNA	one-to-many	GENCODE.v47vsM7401
ENSG00000257541.2	lncRNA	ENSMUSG00000112832.3	lncRNA	many-to-many	GENCODE.v47vsM7402
ENSG00000299620.1	lncRNA	ENSMUSG00000129344.1	lncRNA	one-to-many	GENCODE.v47vsM7403
ENSG00000286271.4	lncRNA	ENSMUSG00000136459.1	lncRNA	one-to-many	GENCODE.v47vsM7404
ENSG00000293671.1	lncRNA	ENSMUSG00000108660.3	lncRNA	many-to-many	GENCODE.v47vsM7405
ENSG00000231216.1	lncRNA	ENSMUSG00000133418.1	lncRNA	many-to-many	GENCODE.v47vsM7406
ENSG00000290075.2	lncRNA	ENSMUSG00000137098.1	lncRNA	many-to-many	GENCODE.v47vsM7407
ENSG00000257817.3	lncRNA	ENSMUSG00000140110.1	lncRNA	one-to-many	GENCODE.v47vsM7408
ENSG00000229743.7	lncRNA	ENSMUSG00000097063.6	lncRNA	many-to-many	GENCODE.v47vsM7409
ENSG00000267519.7	lncRNA	ENSMUSG00000133927.1	lncRNA	one-to-many	GENCODE.v47vsM7410
ENSG00000255136.4	lncRNA	ENSMUSG00000085095.4	lncRNA	one-to-many	GENCODE.v47vsM7411
ENSG00000266830.2	lncRNA	ENSMUSG00000120019.2	lncRNA	many-to-many	GENCODE.v47vsM7412
ENSG00000296452.1	lncRNA	ENSMUSG00000121683.1	lncRNA	many-to-many	GENCODE.v47vsM7413
ENSG00000306593.1	lncRNA	ENSMUSG00000086481.4	lncRNA	many-to-many	GENCODE.v47vsM7414
ENSG00000224259.10	lncRNA	ENSMUSG00000136871.1	lncRNA	one-to-many	GENCODE.v47vsM7415
ENSG00000299166.1	lncRNA	ENSMUSG00000117222.3	lncRNA	one-to-many	GENCODE.v47vsM7416
ENSG00000288755.2	lncRNA	ENSMUSG00000125387.1	lncRNA	one-to-many	GENCODE.v47vsM7417
ENSG00000225963.9	lncRNA	ENSMUSG00000090246.3	lncRNA	one-to-many	GENCODE.v47vsM7418
ENSG00000213904.12	lncRNA	ENSMUSG00000074232.4	lncRNA	one-to-many	GENCODE.v47vsM7419
ENSG00000238176.2	lncRNA	ENSMUSG00000100081.2	lncRNA	many-to-many	GENCODE.v47vsM7420
ENSG00000295645.1	lncRNA	ENSMUSG00000097207.10	lncRNA	many-to-many	GENCODE.v47vsM7421
ENSG00000259349.5	lncRNA	ENSMUSG00000085628.7	lncRNA	one-to-many	GENCODE.v47vsM7422
ENSG00000291200.2	lncRNA	ENSMUSG00000137115.1	lncRNA	one-to-many	GENCODE.v47vsM7423
ENSG00000277287.2	lncRNA	ENSMUSG00000122731.1	lncRNA	one-to-half	GENCODE.v47vsM7424
ENSG00000274021.1	lncRNA	ENSMUSG00000120503.2	lncRNA	many-to-many	GENCODE.v47vsM7425
ENSG00000297331.1	lncRNA	ENSMUSG00000117185.3	lncRNA	one-to-half	GENCODE.v47vsM7426
ENSG00000197815.4	lncRNA	ENSMUSG00000085132.4	lncRNA	one-to-half	GENCODE.v47vsM7427
ENSG00000308345.1	lncRNA	ENSMUSG00000120011.2	lncRNA	many-to-many	GENCODE.v47vsM7428
ENSG00000267401.2	lncRNA	ENSMUSG00000117968.3	lncRNA	one-to-many	GENCODE.v47vsM7429
ENSG00000294583.1	lncRNA	ENSMUSG00000125056.1	lncRNA	one-to-many	GENCODE.v47vsM7430
ENSG00000237879.3	lncRNA	ENSMUSG00000137280.1	lncRNA	one-to-many	GENCODE.v47vsM7431
ENSG00000272180.2	lncRNA	ENSMUSG00000137430.1	lncRNA	one-to-many	GENCODE.v47vsM7432
ENSG00000285016.2	lncRNA	ENSMUSG00000074813.17	lncRNA	many-to-many	GENCODE.v47vsM7433
ENSG00000242512.10	lncRNA	ENSMUSG00000143009.1	lncRNA	one-to-many	GENCODE.v47vsM7434
ENSG00000306197.1	lncRNA	ENSMUSG00000122527.1	lncRNA	one-to-many	GENCODE.v47vsM7435
ENSG00000270087.8	lncRNA	ENSMUSG00000114352.3	lncRNA	one-to-many	GENCODE.v47vsM7436
ENSG00000237505.9	lncRNA	ENSMUSG00000106109.2	lncRNA	one-to-many	GENCODE.v47vsM7437
ENSG00000300806.1	lncRNA	ENSMUSG00000097121.4	lncRNA	one-to-many	GENCODE.v47vsM7438
ENSG00000248323.9	lncRNA	ENSMUSG00000114554.3	lncRNA	one-to-many	GENCODE.v47vsM7439
ENSG00000236355.3	lncRNA	ENSMUSG00000099474.3	lncRNA	one-to-many	GENCODE.v47vsM7440
ENSG00000308341.1	lncRNA	ENSMUSG00000106515.7	lncRNA	many-to-many	GENCODE.v47vsM7441
ENSG00000254721.2	lncRNA	ENSMUSG00000073778.4	lncRNA	one-to-half	GENCODE.v47vsM7442
ENSG00000231969.5	lncRNA	ENSMUSG00000085862.4	lncRNA	many-to-many	GENCODE.v47vsM7443
ENSG00000203739.7	lncRNA	ENSMUSG00000136366.1	lncRNA	many-to-many	GENCODE.v47vsM7444
ENSG00000116652.7	lncRNA	ENSMUSG00000097589.12	lncRNA	many-to-many	GENCODE.v47vsM7445
ENSG00000280062.1	lncRNA	ENSMUSG00000124945.1	lncRNA	one-to-many	GENCODE.v47vsM7446
ENSG00000232606.4	lncRNA	ENSMUSG00000100135.3	lncRNA	one-to-many	GENCODE.v47vsM7447
ENSG00000287224.2	lncRNA	ENSMUSG00000130434.1	lncRNA	many-to-many	GENCODE.v47vsM7448
ENSG00000269976.1	lncRNA	ENSMUSG00000136899.1	lncRNA	many-to-many	GENCODE.v47vsM7449
ENSG00000237505.9	lncRNA	ENSMUSG00000105324.2	lncRNA	one-to-many	GENCODE.v47vsM7450
ENSG00000183154.2	lncRNA	ENSMUSG00000123733.1	lncRNA	one-to-many	GENCODE.v47vsM7451
ENSG00000224717.1	lncRNA	ENSMUSG00000143163.1	lncRNA	one-to-many	GENCODE.v47vsM7452
ENSG00000295791.1	lncRNA	ENSMUSG00000120763.2	lncRNA	many-to-many	GENCODE.v47vsM7453
ENSG00000232536.1	lncRNA	ENSMUSG00000132560.1	lncRNA	one-to-many	GENCODE.v47vsM7454
ENSG00000277135.1	lncRNA	ENSMUSG00000109028.2	lncRNA	many-to-many	GENCODE.v47vsM7455
ENSG00000232973.15	lncRNA	ENSMUSG00000117426.3	lncRNA	one-to-many	GENCODE.v47vsM7456
ENSG00000293254.2	lncRNA	ENSMUSG00000120150.2	lncRNA	one-to-many	GENCODE.v47vsM7457
ENSG00000294792.1	lncRNA	ENSMUSG00000124432.1	lncRNA	one-to-many	GENCODE.v47vsM7458
ENSG00000299453.1	lncRNA	ENSMUSG00000127521.1	lncRNA	one-to-many	GENCODE.v47vsM7459
ENSG00000306206.1	lncRNA	ENSMUSG00000140601.1	lncRNA	one-to-many	GENCODE.v47vsM7460
ENSG00000226005.7	lncRNA	ENSMUSG00000114053.4	lncRNA	many-to-many	GENCODE.v47vsM7461
ENSG00000302286.1	lncRNA	ENSMUSG00000117440.2	lncRNA	one-to-many	GENCODE.v47vsM7462
ENSG00000253837.1	lncRNA	ENSMUSG00000098975.9	lncRNA	one-to-many	GENCODE.v47vsM7463
ENSG00000307815.1	lncRNA	ENSMUSG00000106230.3	lncRNA	one-to-many	GENCODE.v47vsM7464
ENSG00000300565.1	lncRNA	ENSMUSG00000131943.1	lncRNA	one-to-half	GENCODE.v47vsM7465
ENSG00000227492.3	lncRNA	ENSMUSG00000140371.1	lncRNA	one-to-many	GENCODE.v47vsM7466
ENSG00000267737.2	lncRNA	ENSMUSG00000133133.1	lncRNA	many-to-many	GENCODE.v47vsM7467
ENSG00000306672.1	lncRNA	ENSMUSG00000122074.1	lncRNA	one-to-many	GENCODE.v47vsM7468
ENSG00000306252.1	lncRNA	ENSMUSG00000133000.1	lncRNA	many-to-many	GENCODE.v47vsM7469
ENSG00000261008.10	lncRNA	ENSMUSG00000097393.11	lncRNA	one-to-many	GENCODE.v47vsM7470
ENSG00000309461.1	lncRNA	ENSMUSG00000141070.1	lncRNA	one-to-many	GENCODE.v47vsM7471
ENSG00000290047.2	lncRNA	ENSMUSG00000120154.2	lncRNA	one-to-many	GENCODE.v47vsM7472
ENSG00000287982.2	lncRNA	ENSMUSG00000085708.3	lncRNA	many-to-many	GENCODE.v47vsM7473
ENSG00000267383.10	lncRNA	ENSMUSG00000129055.1	lncRNA	one-to-many	GENCODE.v47vsM7474
ENSG00000248356.1	lncRNA	ENSMUSG00000114168.3	lncRNA	one-to-many	GENCODE.v47vsM7475
ENSG00000298974.1	lncRNA	ENSMUSG00000089957.4	lncRNA	many-to-many	GENCODE.v47vsM7476
ENSG00000253552.8	lncRNA	ENSMUSG00000056468.5	lncRNA	one-to-many	GENCODE.v47vsM7477
ENSG00000308225.1	lncRNA	ENSMUSG00000111110.3	lncRNA	many-to-many	GENCODE.v47vsM7478
ENSG00000214614.3	lncRNA	ENSMUSG00000120414.2	lncRNA	many-to-many	GENCODE.v47vsM7479
ENSG00000261482.1	lncRNA	ENSMUSG00000045928.4	lncRNA	many-to-many	GENCODE.v47vsM7480
ENSG00000225649.8	lncRNA	ENSMUSG00000121786.2	lncRNA	many-to-many	GENCODE.v47vsM7481
ENSG00000251600.10	lncRNA	ENSMUSG00000120731.2	lncRNA	one-to-many	GENCODE.v47vsM7482
ENSG00000309588.1	lncRNA	ENSMUSG00000099343.3	lncRNA	many-to-many	GENCODE.v47vsM7483
ENSG00000303616.1	lncRNA	ENSMUSG00000113757.3	lncRNA	many-to-many	GENCODE.v47vsM7484
ENSG00000253730.2	lncRNA	ENSMUSG00000141202.1	lncRNA	one-to-many	GENCODE.v47vsM7485
ENSG00000293678.1	lncRNA	ENSMUSG00000131962.1	lncRNA	many-to-many	GENCODE.v47vsM7486
ENSG00000288691.2	lncRNA	ENSMUSG00000105816.6	lncRNA	many-to-many	GENCODE.v47vsM7487
ENSG00000298382.1	lncRNA	ENSMUSG00000120981.1	lncRNA	one-to-many	GENCODE.v47vsM7488
ENSG00000291203.2	lncRNA	ENSMUSG00000106583.3	lncRNA	one-to-many	GENCODE.v47vsM7489
ENSG00000251442.9	lncRNA	ENSMUSG00000106357.4	lncRNA	one-to-many	GENCODE.v47vsM7490
ENSG00000255689.3	lncRNA	ENSMUSG00000111755.2	lncRNA	one-to-many	GENCODE.v47vsM7491
ENSG00000286896.3	lncRNA	ENSMUSG00000131852.1	lncRNA	one-to-many	GENCODE.v47vsM7492
ENSG00000257252.8	lncRNA	ENSMUSG00000112538.3	lncRNA	one-to-many	GENCODE.v47vsM7493
ENSG00000285563.1	lncRNA	ENSMUSG00000140967.1	lncRNA	one-to-half	GENCODE.v47vsM7494
ENSG00000309461.1	lncRNA	ENSMUSG00000116839.3	lncRNA	one-to-many	GENCODE.v47vsM7495
ENSG00000228072.2	lncRNA	ENSMUSG00000121388.1	lncRNA	one-to-many	GENCODE.v47vsM7496
ENSG00000267345.2	lncRNA	ENSMUSG00000097736.10	lncRNA	many-to-many	GENCODE.v47vsM7497
ENSG00000290400.2	lncRNA	ENSMUSG00000143864.1	lncRNA	one-to-many	GENCODE.v47vsM7498
ENSG00000254416.7	lncRNA	ENSMUSG00000126979.1	lncRNA	many-to-many	GENCODE.v47vsM7499
ENSG00000289064.2	lncRNA	ENSMUSG00000123940.1	lncRNA	many-to-many	GENCODE.v47vsM7500
ENSG00000258444.1	lncRNA	ENSMUSG00000097652.5	lncRNA	many-to-many	GENCODE.v47vsM7501
ENSG00000279331.1	lncRNA	ENSMUSG00000132643.1	lncRNA	one-to-many	GENCODE.v47vsM7502
ENSG00000248309.10	lncRNA	ENSMUSG00000128764.1	lncRNA	one-to-many	GENCODE.v47vsM7503
ENSG00000234880.1	lncRNA	ENSMUSG00000112818.3	lncRNA	one-to-half	GENCODE.v47vsM7504
ENSG00000298131.1	lncRNA	ENSMUSG00000135043.1	lncRNA	many-to-many	GENCODE.v47vsM7505
ENSG00000295725.1	lncRNA	ENSMUSG00000141736.1	lncRNA	many-to-many	GENCODE.v47vsM7506
ENSG00000103472.11	lncRNA	ENSMUSG00000086550.4	lncRNA	one-to-many	GENCODE.v47vsM7507
ENSG00000267519.7	lncRNA	ENSMUSG00000103593.2	lncRNA	one-to-many	GENCODE.v47vsM7508
ENSG00000205861.14	lncRNA	ENSMUSG00000084951.3	lncRNA	many-to-many	GENCODE.v47vsM7509
ENSG00000284954.1	lncRNA	ENSMUSG00000120681.2	lncRNA	many-to-many	GENCODE.v47vsM7510
ENSG00000285569.5	lncRNA	ENSMUSG00000114018.4	lncRNA	many-to-many	GENCODE.v47vsM7511
ENSG00000224209.9	lncRNA	ENSMUSG00000139375.1	lncRNA	one-to-many	GENCODE.v47vsM7512
ENSG00000302265.1	lncRNA	ENSMUSG00000086742.11	lncRNA	many-to-many	GENCODE.v47vsM7513
ENSG00000244625.8	lncRNA	ENSMUSG00000139603.1	lncRNA	one-to-many	GENCODE.v47vsM7514
ENSG00000302648.1	lncRNA	ENSMUSG00000132256.1	lncRNA	many-to-many	GENCODE.v47vsM7515
ENSG00000247095.6	lncRNA	ENSMUSG00000129449.1	lncRNA	many-to-many	GENCODE.v47vsM7516
ENSG00000278893.1	lncRNA	ENSMUSG00000110084.2	lncRNA	one-to-many	GENCODE.v47vsM7517
ENSG00000289484.2	lncRNA	ENSMUSG00000120473.2	lncRNA	one-to-many	GENCODE.v47vsM7518
ENSG00000286288.3	lncRNA	ENSMUSG00000087015.3	lncRNA	one-to-many	GENCODE.v47vsM7519
ENSG00000261971.10	lncRNA	ENSMUSG00000138739.1	lncRNA	one-to-many	GENCODE.v47vsM7520
ENSG00000293043.2	lncRNA	ENSMUSG00000124210.1	lncRNA	many-to-many	GENCODE.v47vsM7521
ENSG00000273293.1	lncRNA	ENSMUSG00000132828.1	lncRNA	many-to-many	GENCODE.v47vsM7522
ENSG00000249849.2	lncRNA	ENSMUSG00000133063.1	lncRNA	many-to-many	GENCODE.v47vsM7523
ENSG00000298396.1	lncRNA	ENSMUSG00000126136.1	lncRNA	one-to-many	GENCODE.v47vsM7524
ENSG00000272888.9	lncRNA	ENSMUSG00000101970.11	lncRNA	many-to-many	GENCODE.v47vsM7525
ENSG00000235823.6	lncRNA	ENSMUSG00000117796.3	lncRNA	one-to-many	GENCODE.v47vsM7526
ENSG00000271860.10	lncRNA	ENSMUSG00000099150.3	lncRNA	one-to-many	GENCODE.v47vsM7527
ENSG00000293489.2	lncRNA	ENSMUSG00000134316.1	lncRNA	one-to-many	GENCODE.v47vsM7528
ENSG00000296150.1	lncRNA	ENSMUSG00000110613.4	lncRNA	one-to-many	GENCODE.v47vsM7529
ENSG00000307337.1	lncRNA	ENSMUSG00000116846.4	lncRNA	many-to-many	GENCODE.v47vsM7530
ENSG00000253230.12	lncRNA	ENSMUSG00000120606.2	lncRNA	one-to-many	GENCODE.v47vsM7531
ENSG00000290803.2	lncRNA	ENSMUSG00000122536.1	lncRNA	one-to-many	GENCODE.v47vsM7532
ENSG00000253853.4	lncRNA	ENSMUSG00000126541.1	lncRNA	one-to-many	GENCODE.v47vsM7533
ENSG00000257235.1	lncRNA	ENSMUSG00000101133.3	lncRNA	many-to-many	GENCODE.v47vsM7534
ENSG00000288840.2	lncRNA	ENSMUSG00000113883.3	lncRNA	many-to-many	GENCODE.v47vsM7535
ENSG00000253355.2	lncRNA	ENSMUSG00000115333.3	lncRNA	many-to-many	GENCODE.v47vsM7536
ENSG00000288887.3	lncRNA	ENSMUSG00000121648.2	lncRNA	one-to-many	GENCODE.v47vsM7537
ENSG00000305136.1	lncRNA	ENSMUSG00000085856.2	lncRNA	one-to-many	GENCODE.v47vsM7538
ENSG00000304155.1	lncRNA	ENSMUSG00000087575.9	lncRNA	many-to-many	GENCODE.v47vsM7539
ENSG00000289375.2	lncRNA	ENSMUSG00000090936.4	lncRNA	one-to-many	GENCODE.v47vsM7540
ENSG00000234781.2	lncRNA	ENSMUSG00000100180.2	lncRNA	many-to-many	GENCODE.v47vsM7541
ENSG00000287294.2	lncRNA	ENSMUSG00000103710.2	lncRNA	one-to-many	GENCODE.v47vsM7542
ENSG00000307090.1	lncRNA	ENSMUSG00000104117.7	lncRNA	many-to-many	GENCODE.v47vsM7543
ENSG00000259534.2	lncRNA	ENSMUSG00000099387.2	lncRNA	one-to-many	GENCODE.v47vsM7544
ENSG00000286069.3	lncRNA	ENSMUSG00000116500.3	lncRNA	one-to-many	GENCODE.v47vsM7545
ENSG00000224397.10	lncRNA	ENSMUSG00000006462.9	lncRNA	one-to-many	GENCODE.v47vsM7546
ENSG00000286619.1	lncRNA	ENSMUSG00000137993.1	lncRNA	one-to-many	GENCODE.v47vsM7547
ENSG00000271933.1	lncRNA	ENSMUSG00000126081.1	lncRNA	one-to-many	GENCODE.v47vsM7548
ENSG00000236283.6	lncRNA	ENSMUSG00000086881.4	lncRNA	one-to-many	GENCODE.v47vsM7549
ENSG00000249816.9	lncRNA	ENSMUSG00000115118.3	lncRNA	many-to-many	GENCODE.v47vsM7550
ENSG00000239705.3	lncRNA	ENSMUSG00000121211.1	lncRNA	one-to-many	GENCODE.v47vsM7551
ENSG00000295463.1	lncRNA	ENSMUSG00000113689.3	lncRNA	many-to-many	GENCODE.v47vsM7552
ENSG00000288576.2	lncRNA	ENSMUSG00000122447.1	lncRNA	many-to-many	GENCODE.v47vsM7553
ENSG00000290204.2	lncRNA	ENSMUSG00000128889.1	lncRNA	many-to-many	GENCODE.v47vsM7554
ENSG00000259267.4	lncRNA	ENSMUSG00000093573.3	lncRNA	many-to-many	GENCODE.v47vsM7555
ENSG00000286670.2	lncRNA	ENSMUSG00000117692.4	lncRNA	many-to-many	GENCODE.v47vsM7556
ENSG00000286399.2	lncRNA	ENSMUSG00000142975.1	lncRNA	one-to-many	GENCODE.v47vsM7557
ENSG00000304281.1	lncRNA	ENSMUSG00000084880.2	lncRNA	many-to-many	GENCODE.v47vsM7558
ENSG00000254971.1	lncRNA	ENSMUSG00000139214.1	lncRNA	many-to-many	GENCODE.v47vsM7559
ENSG00000258820.6	lncRNA	ENSMUSG00000140046.1	lncRNA	one-to-many	GENCODE.v47vsM7560
ENSG00000285412.2	lncRNA	ENSMUSG00000108060.4	lncRNA	many-to-many	GENCODE.v47vsM7561
ENSG00000291015.2	lncRNA	ENSMUSG00000124550.1	lncRNA	one-to-many	GENCODE.v47vsM7562
ENSG00000233365.3	lncRNA	ENSMUSG00000122949.1	lncRNA	many-to-many	GENCODE.v47vsM7563
ENSG00000300329.1	lncRNA	ENSMUSG00000103408.3	lncRNA	many-to-many	GENCODE.v47vsM7564
ENSG00000299335.1	lncRNA	ENSMUSG00000115709.3	lncRNA	many-to-many	GENCODE.v47vsM7565
ENSG00000309205.1	lncRNA	ENSMUSG00000134742.1	lncRNA	one-to-many	GENCODE.v47vsM7566
ENSG00000284719.4	lncRNA	ENSMUSG00000127534.1	lncRNA	many-to-many	GENCODE.v47vsM7567
ENSG00000253187.3	lncRNA	ENSMUSG00000143169.1	lncRNA	one-to-many	GENCODE.v47vsM7568
ENSG00000293086.2	lncRNA	ENSMUSG00000129077.1	lncRNA	one-to-many	GENCODE.v47vsM7569
ENSG00000231420.2	lncRNA	ENSMUSG00000144116.1	lncRNA	many-to-many	GENCODE.v47vsM7570
ENSG00000286069.3	lncRNA	ENSMUSG00000128537.1	lncRNA	one-to-many	GENCODE.v47vsM7571
ENSG00000231889.10	lncRNA	ENSMUSG00000087177.10	lncRNA	one-to-many	GENCODE.v47vsM7572
ENSG00000253552.8	lncRNA	ENSMUSG00000128823.1	lncRNA	one-to-many	GENCODE.v47vsM7573
ENSG00000258038.7	lncRNA	ENSMUSG00000120526.2	lncRNA	one-to-many	GENCODE.v47vsM7574
ENSG00000198468.12	lncRNA	ENSMUSG00000097845.4	lncRNA	one-to-half	GENCODE.v47vsM7575
ENSG00000299558.1	lncRNA	ENSMUSG00000113669.4	lncRNA	many-to-many	GENCODE.v47vsM7576
ENSG00000228412.10	lncRNA	ENSMUSG00000047324.7	lncRNA	one-to-many	GENCODE.v47vsM7577
ENSG00000214039.11	lncRNA	ENSMUSG00000104980.3	lncRNA	one-to-many	GENCODE.v47vsM7578
ENSG00000229327.1	lncRNA	ENSMUSG00000101320.2	lncRNA	many-to-many	GENCODE.v47vsM7579
ENSG00000174407.16	lncRNA	ENSMUSG00000140465.1	lncRNA	one-to-many	GENCODE.v47vsM7580
ENSG00000275880.1	lncRNA	ENSMUSG00000138706.1	lncRNA	one-to-half	GENCODE.v47vsM7581
ENSG00000260293.2	lncRNA	ENSMUSG00000125346.1	lncRNA	one-to-many	GENCODE.v47vsM7582
ENSG00000308997.1	lncRNA	ENSMUSG00000130877.1	lncRNA	one-to-many	GENCODE.v47vsM7583
ENSG00000300753.1	lncRNA	ENSMUSG00000137288.1	lncRNA	one-to-many	GENCODE.v47vsM7584
ENSG00000259804.2	lncRNA	ENSMUSG00000098120.3	lncRNA	one-to-many	GENCODE.v47vsM7585
ENSG00000287632.2	lncRNA	ENSMUSG00000105283.4	lncRNA	many-to-many	GENCODE.v47vsM7586
ENSG00000230725.7	lncRNA	ENSMUSG00000124981.1	lncRNA	one-to-many	GENCODE.v47vsM7587
ENSG00000176124.16	lncRNA	ENSMUSG00000142510.1	lncRNA	one-to-many	GENCODE.v47vsM7588
ENSG00000297367.1	lncRNA	ENSMUSG00000130027.1	lncRNA	one-to-many	GENCODE.v47vsM7589
ENSG00000260604.4	lncRNA	ENSMUSG00000113484.3	lncRNA	many-to-many	GENCODE.v47vsM7590
ENSG00000310253.1	lncRNA	ENSMUSG00000140364.1	lncRNA	one-to-many	GENCODE.v47vsM7591
ENSG00000307641.1	lncRNA	ENSMUSG00000116850.2	lncRNA	one-to-many	GENCODE.v47vsM7592
ENSG00000306206.1	lncRNA	ENSMUSG00000135826.1	lncRNA	one-to-many	GENCODE.v47vsM7593
ENSG00000246214.4	lncRNA	ENSMUSG00000134509.1	lncRNA	many-to-many	GENCODE.v47vsM7594
ENSG00000234553.1	lncRNA	ENSMUSG00000125489.1	lncRNA	one-to-half	GENCODE.v47vsM7595
ENSG00000293223.1	lncRNA	ENSMUSG00000137507.1	lncRNA	one-to-many	GENCODE.v47vsM7596
ENSG00000230623.9	lncRNA	ENSMUSG00000134744.1	lncRNA	one-to-many	GENCODE.v47vsM7597
ENSG00000302276.1	lncRNA	ENSMUSG00000125114.1	lncRNA	one-to-many	GENCODE.v47vsM7598
ENSG00000228192.11	lncRNA	ENSMUSG00000142199.1	lncRNA	one-to-many	GENCODE.v47vsM7599
ENSG00000256915.3	lncRNA	ENSMUSG00000121879.2	lncRNA	many-to-many	GENCODE.v47vsM7600
ENSG00000278090.4	lncRNA	ENSMUSG00000109193.3	lncRNA	one-to-many	GENCODE.v47vsM7601
ENSG00000304541.1	lncRNA	ENSMUSG00000138238.1	lncRNA	one-to-many	GENCODE.v47vsM7602
ENSG00000299264.1	lncRNA	ENSMUSG00000120029.2	lncRNA	one-to-many	GENCODE.v47vsM7603
ENSG00000309751.1	lncRNA	ENSMUSG00000124246.1	lncRNA	many-to-many	GENCODE.v47vsM7604
ENSG00000290758.3	lncRNA	ENSMUSG00000110365.3	lncRNA	one-to-many	GENCODE.v47vsM7605
ENSG00000288743.2	lncRNA	ENSMUSG00000138010.1	lncRNA	one-to-many	GENCODE.v47vsM7606
ENSG00000284678.2	lncRNA	ENSMUSG00000086153.2	lncRNA	one-to-many	GENCODE.v47vsM7607
ENSG00000231073.2	lncRNA	ENSMUSG00000093424.6	lncRNA	many-to-many	GENCODE.v47vsM7608
ENSG00000297352.1	lncRNA	ENSMUSG00000106644.3	lncRNA	many-to-many	GENCODE.v47vsM7609
ENSG00000233825.1	lncRNA	ENSMUSG00000101320.2	lncRNA	many-to-many	GENCODE.v47vsM7610
ENSG00000286008.1	lncRNA	ENSMUSG00000048215.17	lncRNA	one-to-half	GENCODE.v47vsM7611
ENSG00000279840.1	lncRNA	ENSMUSG00000120138.2	lncRNA	one-to-half	GENCODE.v47vsM7612
ENSG00000240405.8	lncRNA	ENSMUSG00000132436.1	lncRNA	one-to-many	GENCODE.v47vsM7613
ENSG00000248494.2	lncRNA	ENSMUSG00000085657.9	lncRNA	many-to-many	GENCODE.v47vsM7614
ENSG00000303540.1	lncRNA	ENSMUSG00000087633.3	lncRNA	one-to-half	GENCODE.v47vsM7615
ENSG00000293309.2	lncRNA	ENSMUSG00000111657.3	lncRNA	one-to-many	GENCODE.v47vsM7616
ENSG00000304589.1	lncRNA	ENSMUSG00000126638.1	lncRNA	many-to-many	GENCODE.v47vsM7617
ENSG00000228395.4	lncRNA	ENSMUSG00000143613.1	lncRNA	one-to-many	GENCODE.v47vsM7618
ENSG00000225806.9	lncRNA	ENSMUSG00000132887.1	lncRNA	many-to-many	GENCODE.v47vsM7619
ENSG00000259343.10	lncRNA	ENSMUSG00000094841.4	lncRNA	one-to-many	GENCODE.v47vsM7620
ENSG00000253395.2	lncRNA	ENSMUSG00000115333.3	lncRNA	many-to-many	GENCODE.v47vsM7621
ENSG00000231764.12	lncRNA	ENSMUSG00000094868.2	lncRNA	one-to-many	GENCODE.v47vsM7622
ENSG00000306197.1	lncRNA	ENSMUSG00000085596.3	lncRNA	one-to-many	GENCODE.v47vsM7623
ENSG00000300567.1	lncRNA	ENSMUSG00000133059.1	lncRNA	one-to-many	GENCODE.v47vsM7624
ENSG00000231427.7	lncRNA	ENSMUSG00000104323.2	lncRNA	one-to-many	GENCODE.v47vsM7625
ENSG00000289424.3	lncRNA	ENSMUSG00000115747.3	lncRNA	one-to-many	GENCODE.v47vsM7626
ENSG00000308294.1	lncRNA	ENSMUSG00000139034.1	lncRNA	one-to-many	GENCODE.v47vsM7627
ENSG00000272970.6	lncRNA	ENSMUSG00000120420.2	lncRNA	one-to-many	GENCODE.v47vsM7628
ENSG00000308527.1	lncRNA	ENSMUSG00000108749.3	lncRNA	many-to-many	GENCODE.v47vsM7629
ENSG00000301213.1	lncRNA	ENSMUSG00000128890.1	lncRNA	many-to-many	GENCODE.v47vsM7630
ENSG00000299308.1	lncRNA	ENSMUSG00000101797.4	lncRNA	many-to-many	GENCODE.v47vsM7631
ENSG00000289631.2	lncRNA	ENSMUSG00000124288.1	lncRNA	one-to-many	GENCODE.v47vsM7632
ENSG00000288720.2	lncRNA	ENSMUSG00000090608.2	lncRNA	one-to-many	GENCODE.v47vsM7633
ENSG00000231312.9	lncRNA	ENSMUSG00000112121.4	lncRNA	one-to-many	GENCODE.v47vsM7634
ENSG00000226891.10	lncRNA	ENSMUSG00000130513.1	lncRNA	one-to-many	GENCODE.v47vsM7635
ENSG00000267532.7	lncRNA	ENSMUSG00000135539.1	lncRNA	one-to-many	GENCODE.v47vsM7636
ENSG00000289016.2	lncRNA	ENSMUSG00000121240.2	lncRNA	one-to-many	GENCODE.v47vsM7637
ENSG00000263235.1	lncRNA	ENSMUSG00000084790.3	lncRNA	many-to-many	GENCODE.v47vsM7638
ENSG00000204929.14	lncRNA	ENSMUSG00000124449.1	lncRNA	one-to-many	GENCODE.v47vsM7639
ENSG00000285331.2	lncRNA	ENSMUSG00000143883.1	lncRNA	many-to-many	GENCODE.v47vsM7640
ENSG00000266900.1	lncRNA	ENSMUSG00000104044.2	lncRNA	many-to-many	GENCODE.v47vsM7641
ENSG00000298529.1	lncRNA	ENSMUSG00000121233.2	lncRNA	one-to-many	GENCODE.v47vsM7642
ENSG00000234690.8	lncRNA	ENSMUSG00000117545.4	lncRNA	one-to-many	GENCODE.v47vsM7643
ENSG00000253477.6	lncRNA	ENSMUSG00000128990.1	lncRNA	many-to-many	GENCODE.v47vsM7644
ENSG00000291233.2	lncRNA	ENSMUSG00000130170.1	lncRNA	one-to-many	GENCODE.v47vsM7645
ENSG00000275371.1	lncRNA	ENSMUSG00000055323.8	lncRNA	many-to-many	GENCODE.v47vsM7646
ENSG00000304484.1	lncRNA	ENSMUSG00000130644.1	lncRNA	one-to-many	GENCODE.v47vsM7647
ENSG00000243479.4	lncRNA	ENSMUSG00000128808.1	lncRNA	many-to-many	GENCODE.v47vsM7648
ENSG00000253390.1	lncRNA	ENSMUSG00000097511.4	lncRNA	many-to-many	GENCODE.v47vsM7649
ENSG00000307993.1	lncRNA	ENSMUSG00000104055.3	lncRNA	many-to-many	GENCODE.v47vsM7650
ENSG00000240405.8	lncRNA	ENSMUSG00000128381.1	lncRNA	one-to-many	GENCODE.v47vsM7651
ENSG00000224985.2	lncRNA	ENSMUSG00000090101.4	lncRNA	many-to-many	GENCODE.v47vsM7652
ENSG00000234139.7	lncRNA	ENSMUSG00000139502.1	lncRNA	many-to-many	GENCODE.v47vsM7653
ENSG00000258197.2	lncRNA	ENSMUSG00000086509.4	lncRNA	many-to-many	GENCODE.v47vsM7654
ENSG00000262362.2	lncRNA	ENSMUSG00000143194.1	lncRNA	one-to-many	GENCODE.v47vsM7655
ENSG00000172965.18	lncRNA	ENSMUSG00000074813.17	lncRNA	many-to-many	GENCODE.v47vsM7656
ENSG00000230408.4	lncRNA	ENSMUSG00000142916.1	lncRNA	many-to-many	GENCODE.v47vsM7657
ENSG00000244625.8	lncRNA	ENSMUSG00000131045.1	lncRNA	one-to-many	GENCODE.v47vsM7658
ENSG00000237380.8	lncRNA	ENSMUSG00000100209.2	lncRNA	one-to-many	GENCODE.v47vsM7659
ENSG00000231074.12	lncRNA	ENSMUSG00000129100.1	lncRNA	one-to-many	GENCODE.v47vsM7660
ENSG00000303595.1	lncRNA	ENSMUSG00000137496.1	lncRNA	many-to-many	GENCODE.v47vsM7661
ENSG00000224078.16	lncRNA	ENSMUSG00000109536.2	lncRNA	one-to-many	GENCODE.v47vsM7662
ENSG00000296484.1	lncRNA	ENSMUSG00000119952.2	lncRNA	many-to-many	GENCODE.v47vsM7663
ENSG00000229839.7	lncRNA	ENSMUSG00000114688.3	lncRNA	one-to-many	GENCODE.v47vsM7664
ENSG00000289128.2	lncRNA	ENSMUSG00000108616.4	lncRNA	many-to-many	GENCODE.v47vsM7665
ENSG00000300257.1	lncRNA	ENSMUSG00000116075.3	lncRNA	many-to-many	GENCODE.v47vsM7666
ENSG00000269956.3	lncRNA	ENSMUSG00000142088.1	lncRNA	one-to-many	GENCODE.v47vsM7667
ENSG00000271380.1	lncRNA	ENSMUSG00000144185.1	lncRNA	many-to-many	GENCODE.v47vsM7668
ENSG00000229011.2	lncRNA	ENSMUSG00000022116.9	lncRNA	many-to-many	GENCODE.v47vsM7669
ENSG00000257242.10	lncRNA	ENSMUSG00000133070.1	lncRNA	one-to-many	GENCODE.v47vsM7670
ENSG00000253730.2	lncRNA	ENSMUSG00000134727.1	lncRNA	one-to-many	GENCODE.v47vsM7671
ENSG00000274317.2	lncRNA	ENSMUSG00000130784.1	lncRNA	one-to-many	GENCODE.v47vsM7672
ENSG00000293902.1	lncRNA	ENSMUSG00000086493.2	lncRNA	many-to-many	GENCODE.v47vsM7673
ENSG00000279344.1	lncRNA	ENSMUSG00000109727.2	lncRNA	one-to-many	GENCODE.v47vsM7674
ENSG00000186594.17	lncRNA	ENSMUSG00000120712.2	lncRNA	one-to-many	GENCODE.v47vsM7675
ENSG00000256357.2	lncRNA	ENSMUSG00000140190.1	lncRNA	one-to-many	GENCODE.v47vsM7676
ENSG00000304346.1	lncRNA	ENSMUSG00000114860.3	lncRNA	many-to-many	GENCODE.v47vsM7677
ENSG00000298542.1	lncRNA	ENSMUSG00000106367.3	lncRNA	many-to-many	GENCODE.v47vsM7678
ENSG00000304291.1	lncRNA	ENSMUSG00000124377.1	lncRNA	many-to-many	GENCODE.v47vsM7679
ENSG00000290126.2	lncRNA	ENSMUSG00000120917.2	lncRNA	one-to-half	GENCODE.v47vsM7680
ENSG00000304771.1	lncRNA	ENSMUSG00000123940.1	lncRNA	many-to-many	GENCODE.v47vsM7681
ENSG00000298455.1	lncRNA	ENSMUSG00000132756.1	lncRNA	one-to-many	GENCODE.v47vsM7682
ENSG00000296027.1	lncRNA	ENSMUSG00000126408.1	lncRNA	many-to-many	GENCODE.v47vsM7683
ENSG00000255118.1	lncRNA	ENSMUSG00000024658.9	lncRNA	many-to-many	GENCODE.v47vsM7684
ENSG00000292375.1	lncRNA	ENSMUSG00000135617.1	lncRNA	one-to-many	GENCODE.v47vsM7685
ENSG00000228741.2	lncRNA	ENSMUSG00000101797.4	lncRNA	many-to-many	GENCODE.v47vsM7686
ENSG00000236449.3	lncRNA	ENSMUSG00000086382.3	lncRNA	one-to-many	GENCODE.v47vsM7687
ENSG00000259895.1	lncRNA	ENSMUSG00000085185.12	lncRNA	many-to-many	GENCODE.v47vsM7688
ENSG00000285796.2	lncRNA	ENSMUSG00000140336.1	lncRNA	one-to-half	GENCODE.v47vsM7689
ENSG00000273419.1	lncRNA	ENSMUSG00000132897.1	lncRNA	many-to-many	GENCODE.v47vsM7690
ENSG00000244055.3	lncRNA	ENSMUSG00000104950.2	lncRNA	one-to-many	GENCODE.v47vsM7691
ENSG00000212694.8	lncRNA	ENSMUSG00000090086.10	lncRNA	many-to-many	GENCODE.v47vsM7692
ENSG00000287243.2	lncRNA	ENSMUSG00000107219.3	lncRNA	one-to-many	GENCODE.v47vsM7693
ENSG00000230623.9	lncRNA	ENSMUSG00000097229.3	lncRNA	one-to-many	GENCODE.v47vsM7694
ENSG00000267321.4	lncRNA	ENSMUSG00000093483.4	lncRNA	one-to-many	GENCODE.v47vsM7695
ENSG00000227355.6	lncRNA	ENSMUSG00000124950.1	lncRNA	one-to-many	GENCODE.v47vsM7696
ENSG00000300722.1	lncRNA	ENSMUSG00000104025.2	lncRNA	one-to-many	GENCODE.v47vsM7697
ENSG00000233101.11	lncRNA	ENSMUSG00000085645.4	lncRNA	one-to-many	GENCODE.v47vsM7698
ENSG00000304501.1	lncRNA	ENSMUSG00000111521.3	lncRNA	many-to-many	GENCODE.v47vsM7699
ENSG00000308530.1	lncRNA	ENSMUSG00000131561.1	lncRNA	many-to-many	GENCODE.v47vsM7700
ENSG00000228566.3	lncRNA	ENSMUSG00000137222.1	lncRNA	one-to-many	GENCODE.v47vsM7701
ENSG00000253103.3	lncRNA	ENSMUSG00000139622.1	lncRNA	many-to-many	GENCODE.v47vsM7702
ENSG00000272478.1	lncRNA	ENSMUSG00000048603.11	lncRNA	many-to-many	GENCODE.v47vsM7703
ENSG00000281091.4	lncRNA	ENSMUSG00000125996.1	lncRNA	one-to-many	GENCODE.v47vsM7704
ENSG00000255402.2	lncRNA	ENSMUSG00000126632.1	lncRNA	many-to-many	GENCODE.v47vsM7705
ENSG00000309885.1	lncRNA	ENSMUSG00000087174.10	lncRNA	many-to-many	GENCODE.v47vsM7706
ENSG00000230417.13	lncRNA	ENSMUSG00000139776.1	lncRNA	one-to-many	GENCODE.v47vsM7707
ENSG00000303179.1	lncRNA	ENSMUSG00000070995.12	lncRNA	one-to-many	GENCODE.v47vsM7708
ENSG00000272717.1	lncRNA	ENSMUSG00000097885.9	lncRNA	many-to-many	GENCODE.v47vsM7709
ENSG00000307054.1	lncRNA	ENSMUSG00000141401.1	lncRNA	many-to-many	GENCODE.v47vsM7710
ENSG00000260249.3	lncRNA	ENSMUSG00000134158.1	lncRNA	many-to-many	GENCODE.v47vsM7711
ENSG00000267100.3	lncRNA	ENSMUSG00000110915.3	lncRNA	one-to-half	GENCODE.v47vsM7712
ENSG00000233891.9	lncRNA	ENSMUSG00000132412.1	lncRNA	one-to-many	GENCODE.v47vsM7713
ENSG00000295871.1	lncRNA	ENSMUSG00000097589.12	lncRNA	many-to-many	GENCODE.v47vsM7714
ENSG00000307066.1	lncRNA	ENSMUSG00000120677.2	lncRNA	many-to-many	GENCODE.v47vsM7715
ENSG00000286360.2	lncRNA	ENSMUSG00000135206.1	lncRNA	one-to-many	GENCODE.v47vsM7716
ENSG00000230074.6	lncRNA	ENSMUSG00000142746.1	lncRNA	one-to-many	GENCODE.v47vsM7717
ENSG00000302751.1	lncRNA	ENSMUSG00000132270.1	lncRNA	many-to-many	GENCODE.v47vsM7718
ENSG00000227681.6	lncRNA	ENSMUSG00000112307.2	lncRNA	one-to-many	GENCODE.v47vsM7719
ENSG00000293504.2	lncRNA	ENSMUSG00000117919.4	lncRNA	one-to-many	GENCODE.v47vsM7720
ENSG00000309870.1	lncRNA	ENSMUSG00000087174.10	lncRNA	many-to-many	GENCODE.v47vsM7721
ENSG00000290920.2	lncRNA	ENSMUSG00000116557.3	lncRNA	one-to-many	GENCODE.v47vsM7722
ENSG00000293110.2	lncRNA	ENSMUSG00000126072.1	lncRNA	one-to-many	GENCODE.v47vsM7723
ENSG00000273618.1	lncRNA	ENSMUSG00000093452.6	lncRNA	many-to-many	GENCODE.v47vsM7724
ENSG00000308065.1	lncRNA	ENSMUSG00000086187.4	lncRNA	many-to-many	GENCODE.v47vsM7725
ENSG00000284052.2	lncRNA	ENSMUSG00000128193.1	lncRNA	one-to-many	GENCODE.v47vsM7726
ENSG00000248227.2	lncRNA	ENSMUSG00000129223.1	lncRNA	one-to-many	GENCODE.v47vsM7727
ENSG00000233891.9	lncRNA	ENSMUSG00000033015.19	lncRNA	one-to-many	GENCODE.v47vsM7728
ENSG00000236449.3	lncRNA	ENSMUSG00000085838.2	lncRNA	one-to-many	GENCODE.v47vsM7729
ENSG00000260032.3	lncRNA	ENSMUSG00000138375.1	lncRNA	one-to-many	GENCODE.v47vsM7730
ENSG00000283175.2	lncRNA	ENSMUSG00000109783.2	lncRNA	one-to-many	GENCODE.v47vsM7731
ENSG00000287672.2	lncRNA	ENSMUSG00000122794.1	lncRNA	many-to-many	GENCODE.v47vsM7732
ENSG00000242816.3	lncRNA	ENSMUSG00000129051.1	lncRNA	one-to-many	GENCODE.v47vsM7733
ENSG00000177369.12	lncRNA	ENSMUSG00000129991.1	lncRNA	one-to-many	GENCODE.v47vsM7734
ENSG00000230534.6	lncRNA	ENSMUSG00000097746.3	lncRNA	many-to-many	GENCODE.v47vsM7735
ENSG00000299113.1	lncRNA	ENSMUSG00000097183.5	lncRNA	many-to-many	GENCODE.v47vsM7736
ENSG00000226816.4	lncRNA	ENSMUSG00000102869.5	lncRNA	many-to-many	GENCODE.v47vsM7737
ENSG00000279708.1	lncRNA	ENSMUSG00000097023.11	lncRNA	many-to-many	GENCODE.v47vsM7738
ENSG00000226674.12	lncRNA	ENSMUSG00000129378.1	lncRNA	one-to-many	GENCODE.v47vsM7739
ENSG00000228889.10	lncRNA	ENSMUSG00000102112.4	lncRNA	one-to-many	GENCODE.v47vsM7740
ENSG00000251642.2	lncRNA	ENSMUSG00000105730.3	lncRNA	many-to-many	GENCODE.v47vsM7741
ENSG00000280890.2	lncRNA	ENSMUSG00000087060.10	lncRNA	many-to-many	GENCODE.v47vsM7742
ENSG00000224259.10	lncRNA	ENSMUSG00000102278.2	lncRNA	one-to-many	GENCODE.v47vsM7743
ENSG00000226367.6	lncRNA	ENSMUSG00000137867.1	lncRNA	many-to-many	GENCODE.v47vsM7744
ENSG00000293332.2	lncRNA	ENSMUSG00000122851.1	lncRNA	one-to-many	GENCODE.v47vsM7745
ENSG00000308808.1	lncRNA	ENSMUSG00000097974.4	lncRNA	many-to-many	GENCODE.v47vsM7746
ENSG00000228526.9	lncRNA	ENSMUSG00000086665.4	lncRNA	one-to-many	GENCODE.v47vsM7747
ENSG00000258798.2	lncRNA	ENSMUSG00000114113.3	lncRNA	one-to-many	GENCODE.v47vsM7748
ENSG00000230074.6	lncRNA	ENSMUSG00000096327.3	lncRNA	one-to-many	GENCODE.v47vsM7749
ENSG00000281219.2	lncRNA	ENSMUSG00000122333.1	lncRNA	many-to-many	GENCODE.v47vsM7750
ENSG00000271969.1	lncRNA	ENSMUSG00000087327.3	lncRNA	many-to-many	GENCODE.v47vsM7751
ENSG00000214401.7	lncRNA	ENSMUSG00000121072.2	lncRNA	many-to-many	GENCODE.v47vsM7752
ENSG00000227757.4	lncRNA	ENSMUSG00000116882.2	lncRNA	one-to-many	GENCODE.v47vsM7753
ENSG00000225039.3	lncRNA	ENSMUSG00000085971.7	lncRNA	many-to-many	GENCODE.v47vsM7754
ENSG00000290366.2	lncRNA	ENSMUSG00000136424.1	lncRNA	one-to-many	GENCODE.v47vsM7755
ENSG00000235519.4	lncRNA	ENSMUSG00000128549.1	lncRNA	many-to-many	GENCODE.v47vsM7756
ENSG00000183154.2	lncRNA	ENSMUSG00000130109.1	lncRNA	one-to-many	GENCODE.v47vsM7757
ENSG00000290782.2	lncRNA	ENSMUSG00000120470.2	lncRNA	one-to-many	GENCODE.v47vsM7758
ENSG00000279968.4	lncRNA	ENSMUSG00000096977.4	lncRNA	one-to-many	GENCODE.v47vsM7759
ENSG00000226237.5	lncRNA	ENSMUSG00000050765.4	lncRNA	one-to-many	GENCODE.v47vsM7760
ENSG00000203804.5	lncRNA	ENSMUSG00000141229.1	lncRNA	many-to-many	GENCODE.v47vsM7761
ENSG00000294732.1	lncRNA	ENSMUSG00000133321.1	lncRNA	one-to-many	GENCODE.v47vsM7762
ENSG00000297635.1	lncRNA	ENSMUSG00000097545.10	lncRNA	many-to-many	GENCODE.v47vsM7763
ENSG00000289043.2	lncRNA	ENSMUSG00000121717.1	lncRNA	many-to-many	GENCODE.v47vsM7764
ENSG00000259515.1	lncRNA	ENSMUSG00000097381.4	lncRNA	many-to-many	GENCODE.v47vsM7765
ENSG00000278058.2	lncRNA	ENSMUSG00000124235.1	lncRNA	one-to-many	GENCODE.v47vsM7766
ENSG00000304111.1	lncRNA	ENSMUSG00000121790.2	lncRNA	many-to-many	GENCODE.v47vsM7767
ENSG00000233725.8	lncRNA	ENSMUSG00000133072.1	lncRNA	many-to-many	GENCODE.v47vsM7768
ENSG00000294039.1	lncRNA	ENSMUSG00000103889.2	lncRNA	one-to-half	GENCODE.v47vsM7769
ENSG00000274270.2	lncRNA	ENSMUSG00000104187.2	lncRNA	one-to-many	GENCODE.v47vsM7770
ENSG00000255772.6	lncRNA	ENSMUSG00000112230.5	lncRNA	many-to-many	GENCODE.v47vsM7771
ENSG00000303025.1	lncRNA	ENSMUSG00000100538.3	lncRNA	many-to-many	GENCODE.v47vsM7772
ENSG00000255406.4	lncRNA	ENSMUSG00000110836.3	lncRNA	many-to-many	GENCODE.v47vsM7773
ENSG00000291200.2	lncRNA	ENSMUSG00000137944.1	lncRNA	one-to-many	GENCODE.v47vsM7774
ENSG00000245248.11	lncRNA	ENSMUSG00000111415.3	lncRNA	one-to-many	GENCODE.v47vsM7775
ENSG00000231721.9	lncRNA	ENSMUSG00000104030.2	lncRNA	one-to-many	GENCODE.v47vsM7776
ENSG00000309455.1	lncRNA	ENSMUSG00000084880.2	lncRNA	many-to-many	GENCODE.v47vsM7777
ENSG00000300599.1	lncRNA	ENSMUSG00000126718.1	lncRNA	one-to-many	GENCODE.v47vsM7778
ENSG00000289897.2	lncRNA	ENSMUSG00000139490.1	lncRNA	one-to-many	GENCODE.v47vsM7779
ENSG00000289100.2	lncRNA	ENSMUSG00000125064.1	lncRNA	many-to-many	GENCODE.v47vsM7780
ENSG00000308298.1	lncRNA	ENSMUSG00000120551.2	lncRNA	one-to-many	GENCODE.v47vsM7781
ENSG00000260874.6	lncRNA	ENSMUSG00000134896.1	lncRNA	one-to-many	GENCODE.v47vsM7782
ENSG00000286011.2	lncRNA	ENSMUSG00000130926.1	lncRNA	many-to-many	GENCODE.v47vsM7783
ENSG00000284523.3	lncRNA	ENSMUSG00000097652.5	lncRNA	many-to-many	GENCODE.v47vsM7784
ENSG00000256995.9	lncRNA	ENSMUSG00000072679.12	lncRNA	many-to-many	GENCODE.v47vsM7785
ENSG00000302520.1	lncRNA	ENSMUSG00000129311.1	lncRNA	many-to-many	GENCODE.v47vsM7786
ENSG00000232335.1	lncRNA	ENSMUSG00000137490.1	lncRNA	one-to-many	GENCODE.v47vsM7787
ENSG00000286288.3	lncRNA	ENSMUSG00000086637.2	lncRNA	one-to-many	GENCODE.v47vsM7788
ENSG00000289461.3	lncRNA	ENSMUSG00000120492.2	lncRNA	one-to-many	GENCODE.v47vsM7789
ENSG00000257891.2	lncRNA	ENSMUSG00000135651.1	lncRNA	many-to-many	GENCODE.v47vsM7790
ENSG00000248540.4	lncRNA	ENSMUSG00000121691.1	lncRNA	many-to-many	GENCODE.v47vsM7791
ENSG00000203999.11	lncRNA	ENSMUSG00000087624.3	lncRNA	many-to-many	GENCODE.v47vsM7792
ENSG00000296220.1	lncRNA	ENSMUSG00000132980.1	lncRNA	many-to-many	GENCODE.v47vsM7793
ENSG00000296672.1	lncRNA	ENSMUSG00000141576.1	lncRNA	one-to-many	GENCODE.v47vsM7794
ENSG00000248429.6	lncRNA	ENSMUSG00000102191.4	lncRNA	one-to-many	GENCODE.v47vsM7795
ENSG00000268157.1	lncRNA	ENSMUSG00000135893.1	lncRNA	one-to-many	GENCODE.v47vsM7796
ENSG00000293905.1	lncRNA	ENSMUSG00000120326.2	lncRNA	one-to-many	GENCODE.v47vsM7797
ENSG00000206417.9	lncRNA	ENSMUSG00000084950.9	lncRNA	one-to-many	GENCODE.v47vsM7798
ENSG00000264107.2	lncRNA	ENSMUSG00000133520.1	lncRNA	one-to-many	GENCODE.v47vsM7799
ENSG00000279518.1	lncRNA	ENSMUSG00000104324.2	lncRNA	many-to-many	GENCODE.v47vsM7800
ENSG00000290885.2	lncRNA	ENSMUSG00000140231.1	lncRNA	one-to-many	GENCODE.v47vsM7801
ENSG00000232832.2	lncRNA	ENSMUSG00000120962.1	lncRNA	one-to-many	GENCODE.v47vsM7802
ENSG00000268516.5	lncRNA	ENSMUSG00000122241.1	lncRNA	one-to-half	GENCODE.v47vsM7803
ENSG00000307060.1	lncRNA	ENSMUSG00000097827.3	lncRNA	many-to-many	GENCODE.v47vsM7804
ENSG00000291046.2	lncRNA	ENSMUSG00000114387.2	lncRNA	one-to-many	GENCODE.v47vsM7805
ENSG00000268066.6	lncRNA	ENSMUSG00000138314.1	lncRNA	many-to-many	GENCODE.v47vsM7806
ENSG00000309211.1	lncRNA	ENSMUSG00000120397.2	lncRNA	many-to-many	GENCODE.v47vsM7807
ENSG00000259627.1	lncRNA	ENSMUSG00000119960.2	lncRNA	many-to-many	GENCODE.v47vsM7808
ENSG00000296989.1	lncRNA	ENSMUSG00000120242.2	lncRNA	many-to-many	GENCODE.v47vsM7809
ENSG00000258819.3	lncRNA	ENSMUSG00000140372.1	lncRNA	one-to-many	GENCODE.v47vsM7810
ENSG00000248599.2	lncRNA	ENSMUSG00000115333.3	lncRNA	many-to-many	GENCODE.v47vsM7811
ENSG00000310384.1	lncRNA	ENSMUSG00000131289.1	lncRNA	many-to-many	GENCODE.v47vsM7812
ENSG00000269296.2	lncRNA	ENSMUSG00000137195.1	lncRNA	one-to-half	GENCODE.v47vsM7813
ENSG00000282951.1	lncRNA	ENSMUSG00000091457.2	lncRNA	one-to-many	GENCODE.v47vsM7814
ENSG00000240567.1	lncRNA	ENSMUSG00000142735.1	lncRNA	one-to-many	GENCODE.v47vsM7815
ENSG00000250634.8	lncRNA	ENSMUSG00000135933.1	lncRNA	one-to-many	GENCODE.v47vsM7816
ENSG00000228606.5	lncRNA	ENSMUSG00000126885.1	lncRNA	one-to-many	GENCODE.v47vsM7817
ENSG00000298251.1	lncRNA	ENSMUSG00000114270.3	lncRNA	many-to-many	GENCODE.v47vsM7818
ENSG00000310118.1	lncRNA	ENSMUSG00000085146.3	lncRNA	one-to-many	GENCODE.v47vsM7819
ENSG00000288802.1	lncRNA	ENSMUSG00000029878.7	lncRNA	many-to-many	GENCODE.v47vsM7820
ENSG00000266290.2	lncRNA	ENSMUSG00000126777.1	lncRNA	one-to-many	GENCODE.v47vsM7821
ENSG00000289911.2	lncRNA	ENSMUSG00000100910.3	lncRNA	one-to-many	GENCODE.v47vsM7822
ENSG00000286841.2	lncRNA	ENSMUSG00000098075.3	lncRNA	one-to-many	GENCODE.v47vsM7823
ENSG00000204934.11	lncRNA	ENSMUSG00000097716.3	lncRNA	one-to-many	GENCODE.v47vsM7824
ENSG00000259595.1	lncRNA	ENSMUSG00000130939.1	lncRNA	one-to-many	GENCODE.v47vsM7825
ENSG00000286481.3	lncRNA	ENSMUSG00000142228.1	lncRNA	one-to-many	GENCODE.v47vsM7826
ENSG00000257252.8	lncRNA	ENSMUSG00000101517.9	lncRNA	one-to-many	GENCODE.v47vsM7827
ENSG00000249509.2	lncRNA	ENSMUSG00000139860.1	lncRNA	one-to-many	GENCODE.v47vsM7828
ENSG00000226200.8	lncRNA	ENSMUSG00000097787.5	lncRNA	one-to-many	GENCODE.v47vsM7829
ENSG00000305264.1	lncRNA	ENSMUSG00000115422.3	lncRNA	one-to-many	GENCODE.v47vsM7830
ENSG00000275040.2	lncRNA	ENSMUSG00000124148.1	lncRNA	many-to-many	GENCODE.v47vsM7831
ENSG00000233230.4	lncRNA	ENSMUSG00000121628.2	lncRNA	many-to-many	GENCODE.v47vsM7832
ENSG00000310209.1	lncRNA	ENSMUSG00000120043.2	lncRNA	many-to-many	GENCODE.v47vsM7833
ENSG00000289982.2	lncRNA	ENSMUSG00000136261.1	lncRNA	one-to-half	GENCODE.v47vsM7834
ENSG00000307492.1	lncRNA	ENSMUSG00000086191.4	lncRNA	many-to-many	GENCODE.v47vsM7835
ENSG00000309658.1	lncRNA	ENSMUSG00000139430.1	lncRNA	one-to-half	GENCODE.v47vsM7836
ENSG00000234883.8	lncRNA	ENSMUSG00000138952.1	lncRNA	one-to-many	GENCODE.v47vsM7837
ENSG00000308228.1	lncRNA	ENSMUSG00000129254.1	lncRNA	one-to-many	GENCODE.v47vsM7838
ENSG00000306610.1	lncRNA	ENSMUSG00000121849.2	lncRNA	many-to-many	GENCODE.v47vsM7839
ENSG00000226808.4	lncRNA	ENSMUSG00000099869.8	lncRNA	many-to-many	GENCODE.v47vsM7840
ENSG00000305156.1	lncRNA	ENSMUSG00000116518.4	lncRNA	many-to-many	GENCODE.v47vsM7841
ENSG00000293514.2	lncRNA	ENSMUSG00000121258.2	lncRNA	one-to-many	GENCODE.v47vsM7842
ENSG00000289280.3	lncRNA	ENSMUSG00000143546.1	lncRNA	one-to-many	GENCODE.v47vsM7843
ENSG00000258451.1	lncRNA	ENSMUSG00000125038.1	lncRNA	many-to-many	GENCODE.v47vsM7844
ENSG00000293193.2	lncRNA	ENSMUSG00000099446.3	lncRNA	one-to-many	GENCODE.v47vsM7845
ENSG00000264345.3	lncRNA	ENSMUSG00000117608.3	lncRNA	one-to-many	GENCODE.v47vsM7846
ENSG00000225963.9	lncRNA	ENSMUSG00000142292.1	lncRNA	one-to-many	GENCODE.v47vsM7847
ENSG00000249509.2	lncRNA	ENSMUSG00000127358.1	lncRNA	one-to-many	GENCODE.v47vsM7848
ENSG00000304877.1	lncRNA	ENSMUSG00000134989.1	lncRNA	many-to-many	GENCODE.v47vsM7849
ENSG00000294489.1	lncRNA	ENSMUSG00000134242.1	lncRNA	one-to-many	GENCODE.v47vsM7850
ENSG00000225791.8	lncRNA	ENSMUSG00000099971.2	lncRNA	one-to-many	GENCODE.v47vsM7851
ENSG00000231304.3	lncRNA	ENSMUSG00000126270.1	lncRNA	many-to-many	GENCODE.v47vsM7852
ENSG00000230725.7	lncRNA	ENSMUSG00000100630.2	lncRNA	one-to-many	GENCODE.v47vsM7853
ENSG00000291200.2	lncRNA	ENSMUSG00000140016.1	lncRNA	one-to-many	GENCODE.v47vsM7854
ENSG00000272768.2	lncRNA	ENSMUSG00000086839.9	lncRNA	many-to-many	GENCODE.v47vsM7855
ENSG00000256022.7	lncRNA	ENSMUSG00000106644.3	lncRNA	many-to-many	GENCODE.v47vsM7856
ENSG00000246084.8	lncRNA	ENSMUSG00000091583.3	lncRNA	one-to-many	GENCODE.v47vsM7857
ENSG00000303543.1	lncRNA	ENSMUSG00000121309.2	lncRNA	many-to-many	GENCODE.v47vsM7858
ENSG00000286161.1	lncRNA	ENSMUSG00000128868.1	lncRNA	one-to-many	GENCODE.v47vsM7859
ENSG00000289841.1	lncRNA	ENSMUSG00000116075.3	lncRNA	many-to-many	GENCODE.v47vsM7860
ENSG00000267134.4	lncRNA	ENSMUSG00000100457.9	lncRNA	one-to-many	GENCODE.v47vsM7861
ENSG00000294134.1	lncRNA	ENSMUSG00000123614.1	lncRNA	many-to-many	GENCODE.v47vsM7862
ENSG00000253603.2	lncRNA	ENSMUSG00000125765.1	lncRNA	many-to-many	GENCODE.v47vsM7863
ENSG00000234261.7	lncRNA	ENSMUSG00000113977.3	lncRNA	one-to-many	GENCODE.v47vsM7864
ENSG00000294059.1	lncRNA	ENSMUSG00000124320.1	lncRNA	one-to-many	GENCODE.v47vsM7865
ENSG00000294352.1	lncRNA	ENSMUSG00000138270.1	lncRNA	one-to-many	GENCODE.v47vsM7866
ENSG00000234763.4	lncRNA	ENSMUSG00000114949.2	lncRNA	one-to-many	GENCODE.v47vsM7867
ENSG00000288047.4	lncRNA	ENSMUSG00000141207.1	lncRNA	one-to-many	GENCODE.v47vsM7868
ENSG00000302972.1	lncRNA	ENSMUSG00000142876.1	lncRNA	many-to-many	GENCODE.v47vsM7869
ENSG00000279086.1	lncRNA	ENSMUSG00000054556.9	lncRNA	one-to-many	GENCODE.v47vsM7870
ENSG00000304967.1	lncRNA	ENSMUSG00000109841.5	lncRNA	one-to-many	GENCODE.v47vsM7871
ENSG00000267858.9	lncRNA	ENSMUSG00000124114.1	lncRNA	one-to-many	GENCODE.v47vsM7872
ENSG00000235770.7	lncRNA	ENSMUSG00000102689.2	lncRNA	one-to-many	GENCODE.v47vsM7873
ENSG00000299199.1	lncRNA	ENSMUSG00000116772.4	lncRNA	many-to-many	GENCODE.v47vsM7874
ENSG00000295467.1	lncRNA	ENSMUSG00000112431.2	lncRNA	one-to-many	GENCODE.v47vsM7875
ENSG00000271533.1	lncRNA	ENSMUSG00000086370.12	lncRNA	many-to-many	GENCODE.v47vsM7876
ENSG00000309868.1	lncRNA	ENSMUSG00000123756.1	lncRNA	many-to-many	GENCODE.v47vsM7877
ENSG00000231090.2	lncRNA	ENSMUSG00000104192.2	lncRNA	one-to-many	GENCODE.v47vsM7878
ENSG00000299936.1	lncRNA	ENSMUSG00000136485.1	lncRNA	one-to-many	GENCODE.v47vsM7879
ENSG00000255410.3	lncRNA	ENSMUSG00000121844.2	lncRNA	many-to-many	GENCODE.v47vsM7880
ENSG00000302291.1	lncRNA	ENSMUSG00000138795.1	lncRNA	one-to-half	GENCODE.v47vsM7881
ENSG00000289097.2	lncRNA	ENSMUSG00000114681.4	lncRNA	one-to-many	GENCODE.v47vsM7882
ENSG00000258908.1	lncRNA	ENSMUSG00000103730.2	lncRNA	one-to-many	GENCODE.v47vsM7883
ENSG00000272217.2	lncRNA	ENSMUSG00000129971.1	lncRNA	one-to-many	GENCODE.v47vsM7884
ENSG00000290018.1	lncRNA	ENSMUSG00000131401.1	lncRNA	one-to-many	GENCODE.v47vsM7885
ENSG00000289943.2	lncRNA	ENSMUSG00000087253.3	lncRNA	one-to-many	GENCODE.v47vsM7886
ENSG00000302876.1	lncRNA	ENSMUSG00000121122.2	lncRNA	many-to-many	GENCODE.v47vsM7887
ENSG00000297766.1	lncRNA	ENSMUSG00000086509.4	lncRNA	many-to-many	GENCODE.v47vsM7888
ENSG00000235522.6	lncRNA	ENSMUSG00000129829.1	lncRNA	one-to-many	GENCODE.v47vsM7889
ENSG00000257817.3	lncRNA	ENSMUSG00000087516.10	lncRNA	one-to-many	GENCODE.v47vsM7890
ENSG00000299229.1	lncRNA	ENSMUSG00000101356.4	lncRNA	many-to-many	GENCODE.v47vsM7891
ENSG00000253111.3	lncRNA	ENSMUSG00000140450.1	lncRNA	one-to-many	GENCODE.v47vsM7892
ENSG00000309621.1	lncRNA	ENSMUSG00000110378.2	lncRNA	one-to-many	GENCODE.v47vsM7893
ENSG00000294276.1	lncRNA	ENSMUSG00000137984.1	lncRNA	many-to-many	GENCODE.v47vsM7894
ENSG00000278576.1	lncRNA	ENSMUSG00000113196.2	lncRNA	one-to-many	GENCODE.v47vsM7895
ENSG00000232909.2	lncRNA	ENSMUSG00000117131.3	lncRNA	one-to-many	GENCODE.v47vsM7896
ENSG00000293696.1	lncRNA	ENSMUSG00000120116.2	lncRNA	many-to-many	GENCODE.v47vsM7897
ENSG00000302664.1	lncRNA	ENSMUSG00000129631.1	lncRNA	one-to-many	GENCODE.v47vsM7898
ENSG00000257261.8	lncRNA	ENSMUSG00000131410.1	lncRNA	one-to-many	GENCODE.v47vsM7899
ENSG00000263050.2	lncRNA	ENSMUSG00000085609.4	lncRNA	many-to-many	GENCODE.v47vsM7900
ENSG00000264968.2	lncRNA	ENSMUSG00000138069.1	lncRNA	many-to-many	GENCODE.v47vsM7901
ENSG00000237588.2	lncRNA	ENSMUSG00000125197.1	lncRNA	many-to-many	GENCODE.v47vsM7902
ENSG00000308924.1	lncRNA	ENSMUSG00000132155.1	lncRNA	one-to-many	GENCODE.v47vsM7903
ENSG00000309461.1	lncRNA	ENSMUSG00000138611.1	lncRNA	one-to-many	GENCODE.v47vsM7904
ENSG00000228395.4	lncRNA	ENSMUSG00000141589.1	lncRNA	one-to-many	GENCODE.v47vsM7905
ENSG00000275445.1	lncRNA	ENSMUSG00000097343.4	lncRNA	one-to-half	GENCODE.v47vsM7906
ENSG00000293776.1	lncRNA	ENSMUSG00000124145.1	lncRNA	many-to-many	GENCODE.v47vsM7907
ENSG00000300102.1	lncRNA	ENSMUSG00000093482.11	lncRNA	many-to-many	GENCODE.v47vsM7908
ENSG00000295660.1	lncRNA	ENSMUSG00000122685.1	lncRNA	many-to-many	GENCODE.v47vsM7909
ENSG00000260455.3	lncRNA	ENSMUSG00000141722.1	lncRNA	one-to-many	GENCODE.v47vsM7910
ENSG00000285773.2	lncRNA	ENSMUSG00000106951.2	lncRNA	one-to-many	GENCODE.v47vsM7911
ENSG00000293597.3	lncRNA	ENSMUSG00000102389.2	lncRNA	one-to-many	GENCODE.v47vsM7912
ENSG00000287256.4	lncRNA	ENSMUSG00000120204.2	lncRNA	many-to-many	GENCODE.v47vsM7913
ENSG00000224687.3	lncRNA	ENSMUSG00000121798.2	lncRNA	many-to-many	GENCODE.v47vsM7914
ENSG00000235621.11	lncRNA	ENSMUSG00000128616.1	lncRNA	one-to-many	GENCODE.v47vsM7915
ENSG00000235590.10	lncRNA	ENSMUSG00000086537.10	lncRNA	many-to-many	GENCODE.v47vsM7916
ENSG00000235024.3	lncRNA	ENSMUSG00000126678.1	lncRNA	one-to-many	GENCODE.v47vsM7917
ENSG00000259345.8	lncRNA	ENSMUSG00000126309.1	lncRNA	one-to-many	GENCODE.v47vsM7918
ENSG00000298646.1	lncRNA	ENSMUSG00000052371.7	lncRNA	many-to-many	GENCODE.v47vsM7919
ENSG00000255595.6	lncRNA	ENSMUSG00000106644.3	lncRNA	many-to-many	GENCODE.v47vsM7920
ENSG00000306206.1	lncRNA	ENSMUSG00000113311.3	lncRNA	one-to-many	GENCODE.v47vsM7921
ENSG00000235119.1	lncRNA	ENSMUSG00000120352.2	lncRNA	many-to-many	GENCODE.v47vsM7922
ENSG00000307708.1	lncRNA	ENSMUSG00000121813.2	lncRNA	many-to-many	GENCODE.v47vsM7923
ENSG00000307289.1	lncRNA	ENSMUSG00000143254.1	lncRNA	one-to-many	GENCODE.v47vsM7924
ENSG00000171889.8	lncRNA	ENSMUSG00000054351.3	lncRNA	one-to-many	GENCODE.v47vsM7925
ENSG00000272716.3	lncRNA	ENSMUSG00000139659.1	lncRNA	one-to-half	GENCODE.v47vsM7926
ENSG00000289335.2	lncRNA	ENSMUSG00000111275.3	lncRNA	many-to-many	GENCODE.v47vsM7927
ENSG00000229896.2	lncRNA	ENSMUSG00000100071.3	lncRNA	many-to-many	GENCODE.v47vsM7928
ENSG00000303170.1	lncRNA	ENSMUSG00000098166.2	lncRNA	one-to-many	GENCODE.v47vsM7929
ENSG00000288842.2	lncRNA	ENSMUSG00000078444.5	lncRNA	many-to-many	GENCODE.v47vsM7930
ENSG00000250634.8	lncRNA	ENSMUSG00000067285.6	lncRNA	one-to-many	GENCODE.v47vsM7931
ENSG00000308561.1	lncRNA	ENSMUSG00000137984.1	lncRNA	many-to-many	GENCODE.v47vsM7932
ENSG00000280323.1	lncRNA	ENSMUSG00000123567.1	lncRNA	one-to-many	GENCODE.v47vsM7933
ENSG00000271897.2	lncRNA	ENSMUSG00000133089.1	lncRNA	one-to-many	GENCODE.v47vsM7934
ENSG00000248980.1	lncRNA	ENSMUSG00000142294.1	lncRNA	one-to-many	GENCODE.v47vsM7935
ENSG00000254363.7	lncRNA	ENSMUSG00000138730.1	lncRNA	one-to-many	GENCODE.v47vsM7936
ENSG00000308265.1	lncRNA	ENSMUSG00000059972.9	lncRNA	one-to-many	GENCODE.v47vsM7937
ENSG00000306885.1	lncRNA	ENSMUSG00000112006.4	lncRNA	many-to-many	GENCODE.v47vsM7938
ENSG00000247151.8	lncRNA	ENSMUSG00000136802.1	lncRNA	one-to-many	GENCODE.v47vsM7939
ENSG00000286289.2	lncRNA	ENSMUSG00000127630.1	lncRNA	many-to-many	GENCODE.v47vsM7940
ENSG00000285830.1	lncRNA	ENSMUSG00000134028.1	lncRNA	many-to-many	GENCODE.v47vsM7941
ENSG00000276012.1	lncRNA	ENSMUSG00000101445.2	lncRNA	one-to-many	GENCODE.v47vsM7942
ENSG00000238141.3	lncRNA	ENSMUSG00000117289.3	lncRNA	one-to-half	GENCODE.v47vsM7943
ENSG00000250432.6	lncRNA	ENSMUSG00000101356.4	lncRNA	many-to-many	GENCODE.v47vsM7944
ENSG00000270460.2	lncRNA	ENSMUSG00000135372.1	lncRNA	one-to-many	GENCODE.v47vsM7945
ENSG00000234899.12	lncRNA	ENSMUSG00000041674.18	lncRNA	many-to-many	GENCODE.v47vsM7946
ENSG00000264254.1	lncRNA	ENSMUSG00000117069.3	lncRNA	one-to-many	GENCODE.v47vsM7947
ENSG00000303083.1	lncRNA	ENSMUSG00000114732.3	lncRNA	many-to-many	GENCODE.v47vsM7948
ENSG00000230316.8	lncRNA	ENSMUSG00000106775.2	lncRNA	one-to-many	GENCODE.v47vsM7949
ENSG00000236404.13	lncRNA	ENSMUSG00000117692.4	lncRNA	many-to-many	GENCODE.v47vsM7950
ENSG00000226519.5	lncRNA	ENSMUSG00000115596.3	lncRNA	one-to-many	GENCODE.v47vsM7951
ENSG00000289424.3	lncRNA	ENSMUSG00000090709.4	lncRNA	one-to-many	GENCODE.v47vsM7952
ENSG00000242516.5	lncRNA	ENSMUSG00000097073.9	lncRNA	many-to-many	GENCODE.v47vsM7953
ENSG00000224613.8	lncRNA	ENSMUSG00000121018.2	lncRNA	many-to-many	GENCODE.v47vsM7954
ENSG00000267532.7	lncRNA	ENSMUSG00000134819.1	lncRNA	one-to-many	GENCODE.v47vsM7955
ENSG00000310363.1	lncRNA	ENSMUSG00000139948.1	lncRNA	one-to-many	GENCODE.v47vsM7956
ENSG00000241324.2	lncRNA	ENSMUSG00000132256.1	lncRNA	many-to-many	GENCODE.v47vsM7957
ENSG00000291111.2	lncRNA	ENSMUSG00000098197.4	lncRNA	one-to-many	GENCODE.v47vsM7958
ENSG00000286257.3	lncRNA	ENSMUSG00000115398.4	lncRNA	one-to-many	GENCODE.v47vsM7959
ENSG00000231826.9	lncRNA	ENSMUSG00000103015.2	lncRNA	one-to-many	GENCODE.v47vsM7960
ENSG00000261211.3	lncRNA	ENSMUSG00000114791.4	lncRNA	one-to-many	GENCODE.v47vsM7961
ENSG00000243083.9	lncRNA	ENSMUSG00000128173.1	lncRNA	one-to-many	GENCODE.v47vsM7962
ENSG00000288858.3	lncRNA	ENSMUSG00000123986.1	lncRNA	one-to-many	GENCODE.v47vsM7963
ENSG00000229839.7	lncRNA	ENSMUSG00000092626.4	lncRNA	one-to-many	GENCODE.v47vsM7964
ENSG00000237505.9	lncRNA	ENSMUSG00000103816.2	lncRNA	one-to-many	GENCODE.v47vsM7965
ENSG00000271860.10	lncRNA	ENSMUSG00000100395.2	lncRNA	one-to-many	GENCODE.v47vsM7966
ENSG00000233593.13	lncRNA	ENSMUSG00000099061.4	lncRNA	one-to-many	GENCODE.v47vsM7967
ENSG00000299660.1	lncRNA	ENSMUSG00000113587.3	lncRNA	many-to-many	GENCODE.v47vsM7968
ENSG00000245322.9	lncRNA	ENSMUSG00000105427.3	lncRNA	one-to-many	GENCODE.v47vsM7969
ENSG00000245281.10	lncRNA	ENSMUSG00000120151.2	lncRNA	one-to-many	GENCODE.v47vsM7970
ENSG00000307120.1	lncRNA	ENSMUSG00000113830.3	lncRNA	many-to-many	GENCODE.v47vsM7971
ENSG00000309228.1	lncRNA	ENSMUSG00000085708.3	lncRNA	many-to-many	GENCODE.v47vsM7972
ENSG00000258077.3	lncRNA	ENSMUSG00000112430.4	lncRNA	one-to-many	GENCODE.v47vsM7973
ENSG00000280291.1	lncRNA	ENSMUSG00000100005.10	lncRNA	many-to-many	GENCODE.v47vsM7974
ENSG00000229589.1	lncRNA	ENSMUSG00000142069.1	lncRNA	one-to-many	GENCODE.v47vsM7975
ENSG00000305613.1	lncRNA	ENSMUSG00000114354.4	lncRNA	one-to-half	GENCODE.v47vsM7976
ENSG00000302144.1	lncRNA	ENSMUSG00000129703.1	lncRNA	many-to-many	GENCODE.v47vsM7977
ENSG00000280078.1	lncRNA	ENSMUSG00000123033.1	lncRNA	many-to-many	GENCODE.v47vsM7978
ENSG00000259347.10	lncRNA	ENSMUSG00000126105.1	lncRNA	one-to-many	GENCODE.v47vsM7979
ENSG00000257252.8	lncRNA	ENSMUSG00000144172.1	lncRNA	one-to-many	GENCODE.v47vsM7980
ENSG00000230960.4	lncRNA	ENSMUSG00000131653.1	lncRNA	one-to-many	GENCODE.v47vsM7981
ENSG00000233098.11	lncRNA	ENSMUSG00000133119.1	lncRNA	one-to-many	GENCODE.v47vsM7982
ENSG00000256654.5	lncRNA	ENSMUSG00000102771.2	lncRNA	one-to-many	GENCODE.v47vsM7983
ENSG00000250616.5	lncRNA	ENSMUSG00000055323.8	lncRNA	many-to-many	GENCODE.v47vsM7984
ENSG00000256654.5	lncRNA	ENSMUSG00000110390.3	lncRNA	one-to-many	GENCODE.v47vsM7985
ENSG00000287332.2	lncRNA	ENSMUSG00000138531.1	lncRNA	many-to-many	GENCODE.v47vsM7986
ENSG00000303266.1	lncRNA	ENSMUSG00000087550.3	lncRNA	one-to-many	GENCODE.v47vsM7987
ENSG00000242797.4	lncRNA	ENSMUSG00000086296.5	lncRNA	many-to-many	GENCODE.v47vsM7988
ENSG00000223783.2	lncRNA	ENSMUSG00000139911.1	lncRNA	many-to-many	GENCODE.v47vsM7989
ENSG00000304723.1	lncRNA	ENSMUSG00000128890.1	lncRNA	many-to-many	GENCODE.v47vsM7990
ENSG00000257599.6	lncRNA	ENSMUSG00000102869.5	lncRNA	many-to-many	GENCODE.v47vsM7991
ENSG00000231183.5	lncRNA	ENSMUSG00000103302.2	lncRNA	many-to-many	GENCODE.v47vsM7992
ENSG00000259536.6	lncRNA	ENSMUSG00000084802.3	lncRNA	many-to-many	GENCODE.v47vsM7993
ENSG00000285483.2	lncRNA	ENSMUSG00000102869.5	lncRNA	many-to-many	GENCODE.v47vsM7994
ENSG00000293736.1	lncRNA	ENSMUSG00000098959.3	lncRNA	one-to-many	GENCODE.v47vsM7995
ENSG00000239219.3	lncRNA	ENSMUSG00000097786.5	lncRNA	one-to-many	GENCODE.v47vsM7996
ENSG00000258763.6	lncRNA	ENSMUSG00000097691.3	lncRNA	one-to-many	GENCODE.v47vsM7997
ENSG00000296188.1	lncRNA	ENSMUSG00000105535.3	lncRNA	one-to-many	GENCODE.v47vsM7998
ENSG00000284656.1	lncRNA	ENSMUSG00000102869.5	lncRNA	many-to-many	GENCODE.v47vsM7999
ENSG00000224116.7	lncRNA	ENSMUSG00000113960.3	lncRNA	many-to-many	GENCODE.v47vsM8000
ENSG00000261367.1	lncRNA	ENSMUSG00000055323.8	lncRNA	many-to-many	GENCODE.v47vsM8001
ENSG00000304748.1	lncRNA	ENSMUSG00000139214.1	lncRNA	many-to-many	GENCODE.v47vsM8002
ENSG00000288929.3	lncRNA	ENSMUSG00000120114.2	lncRNA	one-to-many	GENCODE.v47vsM8003
ENSG00000288020.2	lncRNA	ENSMUSG00000109844.4	lncRNA	many-to-many	GENCODE.v47vsM8004
ENSG00000228541.4	lncRNA	ENSMUSG00000135854.1	lncRNA	one-to-many	GENCODE.v47vsM8005
ENSG00000259088.2	lncRNA	ENSMUSG00000113585.4	lncRNA	many-to-many	GENCODE.v47vsM8006
ENSG00000253104.1	lncRNA	ENSMUSG00000103296.2	lncRNA	many-to-many	GENCODE.v47vsM8007
ENSG00000271889.2	lncRNA	ENSMUSG00000137815.1	lncRNA	one-to-many	GENCODE.v47vsM8008
ENSG00000289326.3	lncRNA	ENSMUSG00000140004.1	lncRNA	one-to-many	GENCODE.v47vsM8009
ENSG00000260086.6	lncRNA	ENSMUSG00000098534.3	lncRNA	many-to-many	GENCODE.v47vsM8010
ENSG00000287553.2	lncRNA	ENSMUSG00000085609.4	lncRNA	many-to-many	GENCODE.v47vsM8011
ENSG00000290046.2	lncRNA	ENSMUSG00000140275.1	lncRNA	one-to-many	GENCODE.v47vsM8012
ENSG00000290057.2	lncRNA	ENSMUSG00000131230.1	lncRNA	one-to-many	GENCODE.v47vsM8013
ENSG00000103472.11	lncRNA	ENSMUSG00000121188.2	lncRNA	one-to-many	GENCODE.v47vsM8014
ENSG00000296758.1	lncRNA	ENSMUSG00000130937.1	lncRNA	one-to-many	GENCODE.v47vsM8015
ENSG00000309524.1	lncRNA	ENSMUSG00000138633.1	lncRNA	one-to-many	GENCODE.v47vsM8016
ENSG00000306206.1	lncRNA	ENSMUSG00000141215.1	lncRNA	one-to-many	GENCODE.v47vsM8017
ENSG00000275239.5	lncRNA	ENSMUSG00000101356.4	lncRNA	many-to-many	GENCODE.v47vsM8018
ENSG00000232920.2	lncRNA	ENSMUSG00000140390.1	lncRNA	many-to-many	GENCODE.v47vsM8019
ENSG00000308563.1	lncRNA	ENSMUSG00000131221.1	lncRNA	many-to-many	GENCODE.v47vsM8020
ENSG00000307694.1	lncRNA	ENSMUSG00000086481.4	lncRNA	many-to-many	GENCODE.v47vsM8021
ENSG00000287584.1	lncRNA	ENSMUSG00000113528.3	lncRNA	one-to-many	GENCODE.v47vsM8022
ENSG00000301041.1	lncRNA	ENSMUSG00000124496.1	lncRNA	one-to-many	GENCODE.v47vsM8023
ENSG00000272525.3	lncRNA	ENSMUSG00000048603.11	lncRNA	many-to-many	GENCODE.v47vsM8024
ENSG00000289931.2	lncRNA	ENSMUSG00000086127.3	lncRNA	one-to-many	GENCODE.v47vsM8025
ENSG00000260423.4	lncRNA	ENSMUSG00000128889.1	lncRNA	many-to-many	GENCODE.v47vsM8026
ENSG00000297787.1	lncRNA	ENSMUSG00000114019.2	lncRNA	one-to-half	GENCODE.v47vsM8027
ENSG00000310235.1	lncRNA	ENSMUSG00000126844.1	lncRNA	one-to-many	GENCODE.v47vsM8028
ENSG00000229697.3	lncRNA	ENSMUSG00000101356.4	lncRNA	many-to-many	GENCODE.v47vsM8029
ENSG00000303770.1	lncRNA	ENSMUSG00000127066.1	lncRNA	one-to-many	GENCODE.v47vsM8030
ENSG00000296095.1	lncRNA	ENSMUSG00000129810.1	lncRNA	one-to-many	GENCODE.v47vsM8031
ENSG00000287522.1	lncRNA	ENSMUSG00000128980.1	lncRNA	one-to-half	GENCODE.v47vsM8032
ENSG00000291326.2	lncRNA	ENSMUSG00000078604.4	lncRNA	one-to-many	GENCODE.v47vsM8033
ENSG00000234277.4	lncRNA	ENSMUSG00000137453.1	lncRNA	one-to-many	GENCODE.v47vsM8034
ENSG00000237505.9	lncRNA	ENSMUSG00000104939.3	lncRNA	one-to-many	GENCODE.v47vsM8035
ENSG00000189223.16	lncRNA	ENSMUSG00000085057.9	lncRNA	many-to-many	GENCODE.v47vsM8036
ENSG00000287033.3	lncRNA	ENSMUSG00000097416.6	lncRNA	many-to-many	GENCODE.v47vsM8037
ENSG00000293270.2	lncRNA	ENSMUSG00000085723.4	lncRNA	one-to-many	GENCODE.v47vsM8038
ENSG00000254526.2	lncRNA	ENSMUSG00000086758.2	lncRNA	one-to-many	GENCODE.v47vsM8039
ENSG00000295531.1	lncRNA	ENSMUSG00000084772.3	lncRNA	many-to-many	GENCODE.v47vsM8040
ENSG00000237037.9	lncRNA	ENSMUSG00000121118.2	lncRNA	one-to-many	GENCODE.v47vsM8041
ENSG00000309206.1	lncRNA	ENSMUSG00000085708.3	lncRNA	many-to-many	GENCODE.v47vsM8042
ENSG00000308431.1	lncRNA	ENSMUSG00000121146.2	lncRNA	one-to-many	GENCODE.v47vsM8043
ENSG00000265542.6	lncRNA	ENSMUSG00000108634.4	lncRNA	many-to-many	GENCODE.v47vsM8044
ENSG00000229337.3	lncRNA	ENSMUSG00000120684.2	lncRNA	one-to-many	GENCODE.v47vsM8045
ENSG00000304254.1	lncRNA	ENSMUSG00000119973.2	lncRNA	many-to-many	GENCODE.v47vsM8046
ENSG00000216895.9	lncRNA	ENSMUSG00000136518.1	lncRNA	many-to-many	GENCODE.v47vsM8047
ENSG00000251442.9	lncRNA	ENSMUSG00000105257.2	lncRNA	one-to-many	GENCODE.v47vsM8048
ENSG00000267489.6	lncRNA	ENSMUSG00000108711.3	lncRNA	one-to-many	GENCODE.v47vsM8049
ENSG00000287406.2	lncRNA	ENSMUSG00000106483.3	lncRNA	many-to-many	GENCODE.v47vsM8050
ENSG00000295433.1	lncRNA	ENSMUSG00000079671.11	lncRNA	many-to-many	GENCODE.v47vsM8051
ENSG00000178107.3	lncRNA	ENSMUSG00000115454.3	lncRNA	one-to-many	GENCODE.v47vsM8052
ENSG00000215386.16	lncRNA	ENSMUSG00000096870.6	lncRNA	one-to-many	GENCODE.v47vsM8053
ENSG00000290792.1	lncRNA	ENSMUSG00000093577.3	lncRNA	many-to-many	GENCODE.v47vsM8054
ENSG00000229989.7	lncRNA	ENSMUSG00000103427.2	lncRNA	one-to-many	GENCODE.v47vsM8055
ENSG00000295314.1	lncRNA	ENSMUSG00000141895.1	lncRNA	many-to-many	GENCODE.v47vsM8056
ENSG00000299548.1	lncRNA	ENSMUSG00000114288.3	lncRNA	many-to-many	GENCODE.v47vsM8057
ENSG00000303461.1	lncRNA	ENSMUSG00000120265.2	lncRNA	many-to-many	GENCODE.v47vsM8058
ENSG00000290072.2	lncRNA	ENSMUSG00000107994.3	lncRNA	one-to-half	GENCODE.v47vsM8059
ENSG00000224645.1	lncRNA	ENSMUSG00000087660.3	lncRNA	many-to-many	GENCODE.v47vsM8060
ENSG00000297567.1	lncRNA	ENSMUSG00000134510.1	lncRNA	many-to-many	GENCODE.v47vsM8061
ENSG00000261648.1	lncRNA	ENSMUSG00000116974.3	lncRNA	many-to-many	GENCODE.v47vsM8062
ENSG00000285644.2	lncRNA	ENSMUSG00000086828.3	lncRNA	one-to-half	GENCODE.v47vsM8063
ENSG00000278002.2	lncRNA	ENSMUSG00000130813.1	lncRNA	many-to-many	GENCODE.v47vsM8064
ENSG00000293778.1	lncRNA	ENSMUSG00000134039.1	lncRNA	many-to-many	GENCODE.v47vsM8065
ENSG00000229989.7	lncRNA	ENSMUSG00000103038.2	lncRNA	one-to-many	GENCODE.v47vsM8066
ENSG00000259577.3	lncRNA	ENSMUSG00000111348.3	lncRNA	one-to-many	GENCODE.v47vsM8067
ENSG00000260455.3	lncRNA	ENSMUSG00000142949.1	lncRNA	one-to-many	GENCODE.v47vsM8068
ENSG00000308297.1	lncRNA	ENSMUSG00000142159.1	lncRNA	one-to-many	GENCODE.v47vsM8069
ENSG00000304170.1	lncRNA	ENSMUSG00000116879.3	lncRNA	many-to-many	GENCODE.v47vsM8070
ENSG00000247151.8	lncRNA	ENSMUSG00000139918.1	lncRNA	one-to-many	GENCODE.v47vsM8071
ENSG00000294919.1	lncRNA	ENSMUSG00000121816.2	lncRNA	many-to-many	GENCODE.v47vsM8072
ENSG00000271860.10	lncRNA	ENSMUSG00000141017.1	lncRNA	one-to-many	GENCODE.v47vsM8073
ENSG00000299790.1	lncRNA	ENSMUSG00000138183.1	lncRNA	many-to-many	GENCODE.v47vsM8074
ENSG00000279529.3	lncRNA	ENSMUSG00000097000.5	lncRNA	many-to-many	GENCODE.v47vsM8075
ENSG00000229980.6	lncRNA	ENSMUSG00000124685.1	lncRNA	one-to-many	GENCODE.v47vsM8076
ENSG00000293770.1	lncRNA	ENSMUSG00000142854.1	lncRNA	many-to-many	GENCODE.v47vsM8077
ENSG00000295474.1	lncRNA	ENSMUSG00000090964.3	lncRNA	many-to-many	GENCODE.v47vsM8078
ENSG00000232306.3	lncRNA	ENSMUSG00000136539.1	lncRNA	many-to-many	GENCODE.v47vsM8079
ENSG00000296159.1	lncRNA	ENSMUSG00000133879.1	lncRNA	one-to-many	GENCODE.v47vsM8080
ENSG00000231943.12	lncRNA	ENSMUSG00000137730.1	lncRNA	many-to-many	GENCODE.v47vsM8081
ENSG00000306907.1	lncRNA	ENSMUSG00000085657.9	lncRNA	many-to-many	GENCODE.v47vsM8082
ENSG00000292309.2	lncRNA	ENSMUSG00000092090.5	lncRNA	many-to-many	GENCODE.v47vsM8083
ENSG00000260807.8	lncRNA	ENSMUSG00000091475.8	lncRNA	many-to-many	GENCODE.v47vsM8084
ENSG00000255693.4	lncRNA	ENSMUSG00000112846.3	lncRNA	many-to-many	GENCODE.v47vsM8085
ENSG00000310168.1	lncRNA	ENSMUSG00000122935.1	lncRNA	many-to-many	GENCODE.v47vsM8086
ENSG00000301840.1	lncRNA	ENSMUSG00000120644.2	lncRNA	one-to-many	GENCODE.v47vsM8087
ENSG00000224505.5	lncRNA	ENSMUSG00000120826.2	lncRNA	many-to-many	GENCODE.v47vsM8088
ENSG00000304645.1	lncRNA	ENSMUSG00000119948.2	lncRNA	many-to-many	GENCODE.v47vsM8089
ENSG00000272142.5	lncRNA	ENSMUSG00000114270.3	lncRNA	many-to-many	GENCODE.v47vsM8090
ENSG00000258272.1	lncRNA	ENSMUSG00000111013.4	lncRNA	one-to-half	GENCODE.v47vsM8091
ENSG00000297132.1	lncRNA	ENSMUSG00000138578.1	lncRNA	one-to-many	GENCODE.v47vsM8092
ENSG00000224943.2	lncRNA	ENSMUSG00000122861.1	lncRNA	one-to-many	GENCODE.v47vsM8093
ENSG00000251022.6	lncRNA	ENSMUSG00000097772.10	lncRNA	many-to-many	GENCODE.v47vsM8094
ENSG00000230269.8	lncRNA	ENSMUSG00000113591.3	lncRNA	many-to-many	GENCODE.v47vsM8095
ENSG00000270177.2	lncRNA	ENSMUSG00000120196.2	lncRNA	many-to-many	GENCODE.v47vsM8096
ENSG00000296719.1	lncRNA	ENSMUSG00000130589.1	lncRNA	many-to-many	GENCODE.v47vsM8097
ENSG00000301449.1	lncRNA	ENSMUSG00000105871.2	lncRNA	one-to-many	GENCODE.v47vsM8098
ENSG00000291089.2	lncRNA	ENSMUSG00000100111.4	lncRNA	one-to-many	GENCODE.v47vsM8099
ENSG00000307007.1	lncRNA	ENSMUSG00000109455.2	lncRNA	one-to-many	GENCODE.v47vsM8100
ENSG00000235214.2	lncRNA	ENSMUSG00000086754.4	lncRNA	many-to-many	GENCODE.v47vsM8101
ENSG00000289243.2	lncRNA	ENSMUSG00000141291.1	lncRNA	many-to-many	GENCODE.v47vsM8102
ENSG00000304948.1	lncRNA	ENSMUSG00000128758.1	lncRNA	many-to-many	GENCODE.v47vsM8103
ENSG00000249082.3	lncRNA	ENSMUSG00000100096.2	lncRNA	one-to-many	GENCODE.v47vsM8104
ENSG00000226674.12	lncRNA	ENSMUSG00000086710.3	lncRNA	one-to-many	GENCODE.v47vsM8105
ENSG00000285714.2	lncRNA	ENSMUSG00000119948.2	lncRNA	many-to-many	GENCODE.v47vsM8106
ENSG00000272763.2	lncRNA	ENSMUSG00000078706.7	lncRNA	many-to-many	GENCODE.v47vsM8107
ENSG00000248008.5	lncRNA	ENSMUSG00000086368.5	lncRNA	many-to-many	GENCODE.v47vsM8108
ENSG00000283096.1	lncRNA	ENSMUSG00000089887.4	lncRNA	many-to-many	GENCODE.v47vsM8109
ENSG00000296864.1	lncRNA	ENSMUSG00000101133.3	lncRNA	many-to-many	GENCODE.v47vsM8110
ENSG00000294633.1	lncRNA	ENSMUSG00000130808.1	lncRNA	one-to-many	GENCODE.v47vsM8111
ENSG00000226122.1	lncRNA	ENSMUSG00000086391.3	lncRNA	one-to-many	GENCODE.v47vsM8112
ENSG00000276728.3	lncRNA	ENSMUSG00000120351.2	lncRNA	one-to-many	GENCODE.v47vsM8113
ENSG00000271192.2	lncRNA	ENSMUSG00000126905.1	lncRNA	one-to-many	GENCODE.v47vsM8114
ENSG00000305828.1	lncRNA	ENSMUSG00000085667.3	lncRNA	one-to-half	GENCODE.v47vsM8115
ENSG00000305286.1	lncRNA	ENSMUSG00000142916.1	lncRNA	many-to-many	GENCODE.v47vsM8116
ENSG00000232995.7	lncRNA	ENSMUSG00000143131.1	lncRNA	many-to-many	GENCODE.v47vsM8117
ENSG00000301567.1	lncRNA	ENSMUSG00000085970.3	lncRNA	many-to-many	GENCODE.v47vsM8118
ENSG00000302835.1	lncRNA	ENSMUSG00000113587.3	lncRNA	many-to-many	GENCODE.v47vsM8119
ENSG00000286728.2	lncRNA	ENSMUSG00000129644.1	lncRNA	one-to-many	GENCODE.v47vsM8120
ENSG00000267122.1	lncRNA	ENSMUSG00000136768.1	lncRNA	one-to-half	GENCODE.v47vsM8121
ENSG00000261420.1	lncRNA	ENSMUSG00000123030.1	lncRNA	one-to-half	GENCODE.v47vsM8122
ENSG00000251665.2	lncRNA	ENSMUSG00000131089.1	lncRNA	many-to-many	GENCODE.v47vsM8123
ENSG00000236345.4	lncRNA	ENSMUSG00000053185.4	lncRNA	one-to-many	GENCODE.v47vsM8124
ENSG00000276259.1	lncRNA	ENSMUSG00000114722.3	lncRNA	many-to-many	GENCODE.v47vsM8125
ENSG00000258888.1	lncRNA	ENSMUSG00000108513.4	lncRNA	one-to-many	GENCODE.v47vsM8126
ENSG00000291200.2	lncRNA	ENSMUSG00000126505.1	lncRNA	one-to-many	GENCODE.v47vsM8127
ENSG00000224187.2	lncRNA	ENSMUSG00000121816.2	lncRNA	many-to-many	GENCODE.v47vsM8128
ENSG00000287126.1	lncRNA	ENSMUSG00000122148.1	lncRNA	one-to-half	GENCODE.v47vsM8129
ENSG00000259345.8	lncRNA	ENSMUSG00000101394.2	lncRNA	one-to-many	GENCODE.v47vsM8130
ENSG00000309758.1	lncRNA	ENSMUSG00000101224.3	lncRNA	many-to-many	GENCODE.v47vsM8131
ENSG00000228400.3	lncRNA	ENSMUSG00000121618.2	lncRNA	many-to-many	GENCODE.v47vsM8132
ENSG00000246560.4	lncRNA	ENSMUSG00000097032.5	lncRNA	one-to-many	GENCODE.v47vsM8133
ENSG00000295171.1	lncRNA	ENSMUSG00000103900.2	lncRNA	many-to-many	GENCODE.v47vsM8134
ENSG00000266446.1	lncRNA	ENSMUSG00000086035.4	lncRNA	many-to-many	GENCODE.v47vsM8135
ENSG00000300219.1	lncRNA	ENSMUSG00000114053.4	lncRNA	many-to-many	GENCODE.v47vsM8136
ENSG00000251273.5	lncRNA	ENSMUSG00000102869.5	lncRNA	many-to-many	GENCODE.v47vsM8137
ENSG00000215483.13	lncRNA	ENSMUSG00000120422.2	lncRNA	one-to-many	GENCODE.v47vsM8138
ENSG00000227101.3	lncRNA	ENSMUSG00000114053.4	lncRNA	many-to-many	GENCODE.v47vsM8139
ENSG00000301166.1	lncRNA	ENSMUSG00000120153.2	lncRNA	many-to-many	GENCODE.v47vsM8140
ENSG00000245662.5	lncRNA	ENSMUSG00000139502.1	lncRNA	many-to-many	GENCODE.v47vsM8141
ENSG00000302221.1	lncRNA	ENSMUSG00000131356.1	lncRNA	one-to-many	GENCODE.v47vsM8142
ENSG00000228933.9	lncRNA	ENSMUSG00000100826.8	lncRNA	many-to-many	GENCODE.v47vsM8143
ENSG00000241956.12	lncRNA	ENSMUSG00000133633.1	lncRNA	one-to-many	GENCODE.v47vsM8144
ENSG00000301582.1	lncRNA	ENSMUSG00000136814.1	lncRNA	many-to-many	GENCODE.v47vsM8145
ENSG00000297359.1	lncRNA	ENSMUSG00000101224.3	lncRNA	many-to-many	GENCODE.v47vsM8146
ENSG00000197536.12	lncRNA	ENSMUSG00000091191.4	lncRNA	one-to-many	GENCODE.v47vsM8147
ENSG00000233639.10	lncRNA	ENSMUSG00000060424.17	lncRNA	one-to-many	GENCODE.v47vsM8148
ENSG00000229891.5	lncRNA	ENSMUSG00000100552.3	lncRNA	one-to-many	GENCODE.v47vsM8149
ENSG00000230876.9	lncRNA	ENSMUSG00000117342.3	lncRNA	one-to-many	GENCODE.v47vsM8150
ENSG00000214900.14	lncRNA	ENSMUSG00000113035.4	lncRNA	one-to-many	GENCODE.v47vsM8151
ENSG00000250343.2	lncRNA	ENSMUSG00000117792.3	lncRNA	many-to-many	GENCODE.v47vsM8152
ENSG00000291089.2	lncRNA	ENSMUSG00000142571.1	lncRNA	one-to-many	GENCODE.v47vsM8153
ENSG00000300931.1	lncRNA	ENSMUSG00000114270.3	lncRNA	many-to-many	GENCODE.v47vsM8154
ENSG00000306015.1	lncRNA	ENSMUSG00000138183.1	lncRNA	many-to-many	GENCODE.v47vsM8155
ENSG00000289234.3	lncRNA	ENSMUSG00000072893.14	lncRNA	many-to-many	GENCODE.v47vsM8156
ENSG00000203930.15	lncRNA	ENSMUSG00000071753.16	lncRNA	one-to-many	GENCODE.v47vsM8157
ENSG00000300558.1	lncRNA	ENSMUSG00000137258.1	lncRNA	one-to-many	GENCODE.v47vsM8158
ENSG00000300236.1	lncRNA	ENSMUSG00000139502.1	lncRNA	many-to-many	GENCODE.v47vsM8159
ENSG00000226715.5	lncRNA	ENSMUSG00000126632.1	lncRNA	many-to-many	GENCODE.v47vsM8160
ENSG00000153113.25	lncRNA	ENSMUSG00000114125.3	lncRNA	many-to-many	GENCODE.v47vsM8161
ENSG00000269246.3	lncRNA	ENSMUSG00000134760.1	lncRNA	many-to-many	GENCODE.v47vsM8162
ENSG00000231154.2	lncRNA	ENSMUSG00000087368.9	lncRNA	many-to-many	GENCODE.v47vsM8163
ENSG00000223732.3	lncRNA	ENSMUSG00000124441.1	lncRNA	one-to-many	GENCODE.v47vsM8164
ENSG00000228526.9	lncRNA	ENSMUSG00000142419.1	lncRNA	one-to-many	GENCODE.v47vsM8165
ENSG00000213904.12	lncRNA	ENSMUSG00000053714.11	lncRNA	one-to-many	GENCODE.v47vsM8166
ENSG00000304056.1	lncRNA	ENSMUSG00000127235.1	lncRNA	one-to-many	GENCODE.v47vsM8167
ENSG00000303652.1	lncRNA	ENSMUSG00000111809.4	lncRNA	many-to-many	GENCODE.v47vsM8168
ENSG00000282728.2	lncRNA	ENSMUSG00000111602.3	lncRNA	one-to-many	GENCODE.v47vsM8169
ENSG00000235257.12	lncRNA	ENSMUSG00000124003.1	lncRNA	one-to-many	GENCODE.v47vsM8170
ENSG00000259130.3	lncRNA	ENSMUSG00000125083.1	lncRNA	one-to-many	GENCODE.v47vsM8171
ENSG00000264260.3	lncRNA	ENSMUSG00000140538.1	lncRNA	one-to-many	GENCODE.v47vsM8172
ENSG00000255404.1	lncRNA	ENSMUSG00000121780.2	lncRNA	many-to-many	GENCODE.v47vsM8173
ENSG00000253315.2	lncRNA	ENSMUSG00000139692.1	lncRNA	one-to-many	GENCODE.v47vsM8174
ENSG00000303769.1	lncRNA	ENSMUSG00000128742.1	lncRNA	many-to-many	GENCODE.v47vsM8175
ENSG00000223768.5	lncRNA	ENSMUSG00000141902.1	lncRNA	one-to-many	GENCODE.v47vsM8176
ENSG00000289109.2	lncRNA	ENSMUSG00000140622.1	lncRNA	one-to-many	GENCODE.v47vsM8177
ENSG00000228242.6	lncRNA	ENSMUSG00000134487.1	lncRNA	many-to-many	GENCODE.v47vsM8178
ENSG00000293398.2	lncRNA	ENSMUSG00000097689.3	lncRNA	one-to-many	GENCODE.v47vsM8179
ENSG00000244300.4	lncRNA	ENSMUSG00000108010.3	lncRNA	one-to-many	GENCODE.v47vsM8180
ENSG00000277089.5	lncRNA	ENSMUSG00000120024.2	lncRNA	many-to-many	GENCODE.v47vsM8181
ENSG00000235830.3	lncRNA	ENSMUSG00000108103.3	lncRNA	one-to-many	GENCODE.v47vsM8182
ENSG00000286136.3	lncRNA	ENSMUSG00000130343.1	lncRNA	one-to-half	GENCODE.v47vsM8183
ENSG00000297406.1	lncRNA	ENSMUSG00000137984.1	lncRNA	many-to-many	GENCODE.v47vsM8184
ENSG00000288596.3	lncRNA	ENSMUSG00000097893.11	lncRNA	many-to-many	GENCODE.v47vsM8185
ENSG00000290778.2	lncRNA	ENSMUSG00000130437.1	lncRNA	one-to-many	GENCODE.v47vsM8186
ENSG00000297087.1	lncRNA	ENSMUSG00000132321.1	lncRNA	many-to-many	GENCODE.v47vsM8187
ENSG00000302120.1	lncRNA	ENSMUSG00000121504.2	lncRNA	many-to-many	GENCODE.v47vsM8188
ENSG00000279954.2	lncRNA	ENSMUSG00000137143.1	lncRNA	many-to-many	GENCODE.v47vsM8189
ENSG00000287254.2	lncRNA	ENSMUSG00000143537.1	lncRNA	many-to-many	GENCODE.v47vsM8190
ENSG00000237978.7	lncRNA	ENSMUSG00000124803.1	lncRNA	one-to-many	GENCODE.v47vsM8191
ENSG00000229368.1	lncRNA	ENSMUSG00000120774.2	lncRNA	many-to-many	GENCODE.v47vsM8192
ENSG00000302593.1	lncRNA	ENSMUSG00000136789.1	lncRNA	one-to-half	GENCODE.v47vsM8193
ENSG00000298716.1	lncRNA	ENSMUSG00000135515.1	lncRNA	many-to-many	GENCODE.v47vsM8194
ENSG00000230513.5	lncRNA	ENSMUSG00000116898.4	lncRNA	one-to-many	GENCODE.v47vsM8195
ENSG00000222031.2	lncRNA	ENSMUSG00000085014.3	lncRNA	one-to-many	GENCODE.v47vsM8196
ENSG00000284612.3	lncRNA	ENSMUSG00000102869.5	lncRNA	many-to-many	GENCODE.v47vsM8197
ENSG00000308265.1	lncRNA	ENSMUSG00000141647.1	lncRNA	one-to-many	GENCODE.v47vsM8198
ENSG00000293668.1	lncRNA	ENSMUSG00000131699.1	lncRNA	many-to-many	GENCODE.v47vsM8199
ENSG00000295148.1	lncRNA	ENSMUSG00000103900.2	lncRNA	many-to-many	GENCODE.v47vsM8200
ENSG00000248932.9	lncRNA	ENSMUSG00000051074.7	lncRNA	one-to-many	GENCODE.v47vsM8201
ENSG00000240868.1	lncRNA	ENSMUSG00000084951.3	lncRNA	many-to-many	GENCODE.v47vsM8202
ENSG00000303537.1	lncRNA	ENSMUSG00000116305.4	lncRNA	many-to-many	GENCODE.v47vsM8203
ENSG00000267394.3	lncRNA	ENSMUSG00000134271.1	lncRNA	one-to-many	GENCODE.v47vsM8204
ENSG00000251867.4	lncRNA	ENSMUSG00000142531.1	lncRNA	one-to-many	GENCODE.v47vsM8205
ENSG00000297703.1	lncRNA	ENSMUSG00000140228.1	lncRNA	many-to-many	GENCODE.v47vsM8206
ENSG00000308310.1	lncRNA	ENSMUSG00000142054.1	lncRNA	many-to-many	GENCODE.v47vsM8207
ENSG00000307486.1	lncRNA	ENSMUSG00000142381.1	lncRNA	many-to-many	GENCODE.v47vsM8208
ENSG00000241956.12	lncRNA	ENSMUSG00000131589.1	lncRNA	one-to-many	GENCODE.v47vsM8209
ENSG00000287886.2	lncRNA	ENSMUSG00000133648.1	lncRNA	many-to-many	GENCODE.v47vsM8210
ENSG00000256691.1	lncRNA	ENSMUSG00000129044.1	lncRNA	many-to-many	GENCODE.v47vsM8211
ENSG00000299527.1	lncRNA	ENSMUSG00000128549.1	lncRNA	many-to-many	GENCODE.v47vsM8212
ENSG00000293312.2	lncRNA	ENSMUSG00000139583.1	lncRNA	one-to-many	GENCODE.v47vsM8213
ENSG00000179136.9	lncRNA	ENSMUSG00000085162.10	lncRNA	many-to-many	GENCODE.v47vsM8214
